OrderID,DateKey,CustomerKey,ProductKey,PlantKey,OrderedUnits,ShippedUnits,LateShipmentFlag,Revenue,RequiredShipDate,ActualShipDate,Priority
1,20240101,22,19,1,53,53,0,13197,2024-01-01,2024-01-07,Standard
2,20240101,22,5,3,210,199,0,198801,2024-01-01,2024-01-07,Expedited
3,20240101,12,16,2,244,218,0,217782,2024-01-01,2024-01-02,Standard
4,20240101,25,20,1,226,213,0,170187,2024-01-01,2024-01-05,Expedited
5,20240101,23,16,2,229,229,0,228771,2024-01-01,2024-01-02,Standard
6,20240102,14,13,2,287,283,0,707217,2024-01-02,2024-01-06,Standard
7,20240102,27,11,3,192,192,0,249408,2024-01-02,2024-01-07,Expedited
8,20240102,12,17,1,384,384,0,422016,2024-01-02,2024-01-07,Expedited
9,20240102,11,1,1,266,266,0,212534,2024-01-02,2024-01-07,Expedited
10,20240102,2,6,4,152,147,0,176253,2024-01-02,2024-01-07,Expedited
11,20240103,11,8,4,252,252,0,62748,2024-01-03,2024-01-06,Standard
12,20240103,2,10,3,285,285,0,341715,2024-01-03,2024-01-04,Standard
13,20240103,13,10,1,364,337,0,404063,2024-01-03,2024-01-08,Expedited
14,20240103,35,9,1,155,140,0,76860,2024-01-03,2024-01-08,Standard
15,20240103,21,5,4,247,247,0,246753,2024-01-03,2024-01-07,Expedited
16,20240104,17,14,3,264,264,0,92136,2024-01-04,2024-01-10,Expedited
17,20240104,22,11,2,475,475,0,617025,2024-01-04,2024-01-08,Expedited
18,20240104,9,5,1,484,433,0,432567,2024-01-04,2024-01-06,Standard
19,20240104,23,12,4,485,485,0,969515,2024-01-04,2024-01-08,Standard
20,20240104,26,16,1,339,335,1,334665,2024-01-04,2024-01-08,Standard
21,20240105,3,8,2,418,417,0,103833,2024-01-05,2024-01-07,Standard
22,20240105,31,5,4,180,172,0,171828,2024-01-05,2024-01-11,Expedited
23,20240105,2,2,1,393,389,0,349711,2024-01-05,2024-01-06,Standard
24,20240105,10,19,1,361,325,0,80925,2024-01-05,2024-01-10,Standard
25,20240105,27,6,3,208,208,0,249392,2024-01-05,2024-01-10,Expedited
26,20240106,22,13,3,466,445,0,1112055,2024-01-06,2024-01-09,Expedited
27,20240106,19,7,3,87,76,0,12844,2024-01-06,2024-01-08,Expedited
28,20240106,7,20,2,266,266,0,212534,2024-01-06,2024-01-11,Standard
29,20240106,21,8,4,78,76,0,18924,2024-01-06,2024-01-09,Standard
30,20240106,22,20,3,191,186,0,148614,2024-01-06,2024-01-12,Standard
31,20240107,23,13,3,197,173,0,432327,2024-01-07,2024-01-12,Expedited
32,20240107,6,5,4,270,248,0,247752,2024-01-07,2024-01-13,Expedited
33,20240107,6,3,1,496,484,0,435116,2024-01-07,2024-01-11,Expedited
34,20240107,8,2,1,470,470,0,422530,2024-01-07,2024-01-11,Standard
35,20240107,3,17,3,158,158,0,173642,2024-01-07,2024-01-09,Expedited
36,20240108,10,1,3,420,417,0,333183,2024-01-08,2024-01-11,Standard
37,20240108,15,6,3,274,253,0,303347,2024-01-08,2024-01-13,Standard
38,20240108,3,2,4,173,173,0,155527,2024-01-08,2024-01-12,Expedited
39,20240108,16,18,3,497,490,0,195510,2024-01-08,2024-01-11,Standard
40,20240108,30,20,2,263,263,0,210137,2024-01-08,2024-01-13,Expedited
41,20240109,19,8,1,425,386,0,96114,2024-01-09,2024-01-11,Standard
42,20240109,31,15,2,486,486,0,315414,2024-01-09,2024-01-10,Expedited
43,20240109,24,13,3,466,466,0,1164534,2024-01-09,2024-01-10,Standard
44,20240109,21,11,4,253,253,0,328647,2024-01-09,2024-01-10,Standard
45,20240109,17,7,4,322,322,0,54418,2024-01-09,2024-01-12,Standard
46,20240110,29,12,4,432,416,0,831584,2024-01-10,2024-01-15,Standard
47,20240110,30,15,3,466,466,0,302434,2024-01-10,2024-01-11,Expedited
48,20240110,5,11,3,496,440,0,571560,2024-01-10,2024-01-16,Expedited
49,20240110,21,15,2,333,325,0,210925,2024-01-10,2024-01-13,Standard
50,20240110,24,13,1,58,52,0,129948,2024-01-10,2024-01-15,Expedited
51,20240111,10,20,4,180,165,0,131835,2024-01-11,2024-01-17,Standard
52,20240111,14,12,4,455,455,0,909545,2024-01-11,2024-01-14,Standard
53,20240111,34,3,4,464,464,0,417136,2024-01-11,2024-01-15,Expedited
54,20240111,2,7,1,345,317,0,53573,2024-01-11,2024-01-14,Expedited
55,20240111,25,8,4,451,451,0,112299,2024-01-11,2024-01-15,Expedited
56,20240112,10,6,1,167,157,0,188243,2024-01-12,2024-01-13,Standard
57,20240112,14,18,1,287,287,0,114513,2024-01-12,2024-01-13,Standard
58,20240112,5,15,2,449,449,0,291401,2024-01-12,2024-01-18,Standard
59,20240112,25,1,2,132,132,0,105468,2024-01-12,2024-01-18,Expedited
60,20240112,31,5,2,97,97,0,96903,2024-01-12,2024-01-13,Standard
61,20240113,8,4,3,169,165,0,164835,2024-01-13,2024-01-15,Expedited
62,20240113,2,19,3,74,69,0,17181,2024-01-13,2024-01-14,Expedited
63,20240113,28,3,2,79,79,0,71021,2024-01-13,2024-01-19,Expedited
64,20240113,14,15,4,201,201,0,130449,2024-01-13,2024-01-17,Standard
65,20240113,23,20,1,192,173,0,138227,2024-01-13,2024-01-19,Standard
66,20240114,18,9,2,436,400,0,219600,2024-01-14,2024-01-15,Standard
67,20240114,18,6,2,413,413,0,495187,2024-01-14,2024-01-20,Expedited
68,20240114,20,19,2,114,111,0,27639,2024-01-14,2024-01-15,Standard
69,20240114,7,7,2,485,447,0,75543,2024-01-14,2024-01-18,Expedited
70,20240114,5,2,2,267,267,0,240033,2024-01-14,2024-01-20,Expedited
71,20240115,12,9,1,249,228,0,125172,2024-01-15,2024-01-16,Expedited
72,20240115,25,1,3,496,496,0,396304,2024-01-15,2024-01-19,Expedited
73,20240115,2,14,4,309,273,0,95277,2024-01-15,2024-01-17,Standard
74,20240115,31,10,3,385,373,0,447227,2024-01-15,2024-01-16,Standard
75,20240115,4,16,4,201,183,0,182817,2024-01-15,2024-01-18,Expedited
76,20240116,30,12,1,411,406,1,811594,2024-01-16,2024-01-20,Standard
77,20240116,25,11,4,228,210,0,272790,2024-01-16,2024-01-22,Expedited
78,20240116,28,11,3,429,424,0,550776,2024-01-16,2024-01-19,Standard
79,20240116,12,3,4,146,143,0,128557,2024-01-16,2024-01-22,Expedited
80,20240116,10,9,4,311,308,0,169092,2024-01-16,2024-01-21,Standard
81,20240117,2,13,3,110,101,0,252399,2024-01-17,2024-01-23,Standard
82,20240117,19,8,4,346,322,0,80178,2024-01-17,2024-01-22,Expedited
83,20240117,19,9,3,218,218,0,119682,2024-01-17,2024-01-20,Expedited
84,20240117,18,8,3,499,499,0,124251,2024-01-17,2024-01-19,Expedited
85,20240117,23,2,2,113,100,0,89900,2024-01-17,2024-01-18,Standard
86,20240118,1,17,4,400,400,0,439600,2024-01-18,2024-01-20,Standard
87,20240118,34,17,1,213,213,0,234087,2024-01-18,2024-01-19,Expedited
88,20240118,16,1,3,485,482,0,385118,2024-01-18,2024-01-20,Standard
89,20240118,19,19,4,72,72,0,17928,2024-01-18,2024-01-24,Standard
90,20240118,29,19,4,484,484,0,120516,2024-01-18,2024-01-24,Standard
91,20240119,24,8,1,499,451,0,112299,2024-01-19,2024-01-20,Expedited
92,20240119,26,11,4,222,207,0,268893,2024-01-19,2024-01-21,Expedited
93,20240119,35,2,4,437,437,0,392863,2024-01-19,2024-01-22,Expedited
94,20240119,4,5,3,157,141,0,140859,2024-01-19,2024-01-20,Standard
95,20240119,27,4,1,396,361,0,360639,2024-01-19,2024-01-24,Expedited
96,20240120,17,4,3,158,154,0,153846,2024-01-20,2024-01-26,Standard
97,20240120,28,14,4,227,227,0,79223,2024-01-20,2024-01-25,Expedited
98,20240120,17,4,2,387,387,0,386613,2024-01-20,2024-01-21,Standard
99,20240120,2,4,4,84,77,0,76923,2024-01-20,2024-01-26,Expedited
100,20240120,8,8,1,163,160,0,39840,2024-01-20,2024-01-26,Standard
101,20240121,20,4,3,334,334,0,333666,2024-01-21,2024-01-23,Standard
102,20240121,5,11,2,448,448,0,581952,2024-01-21,2024-01-26,Standard
103,20240121,14,5,1,122,120,0,119880,2024-01-21,2024-01-25,Expedited
104,20240121,30,1,2,279,279,0,222921,2024-01-21,2024-01-24,Expedited
105,20240121,32,4,2,410,410,0,409590,2024-01-21,2024-01-26,Standard
106,20240122,13,12,1,281,249,0,497751,2024-01-22,2024-01-27,Standard
107,20240122,31,6,1,143,143,0,171457,2024-01-22,2024-01-28,Standard
108,20240122,31,3,4,353,353,0,317347,2024-01-22,2024-01-27,Expedited
109,20240122,4,8,3,432,401,0,99849,2024-01-22,2024-01-27,Expedited
110,20240122,28,9,1,93,93,0,51057,2024-01-22,2024-01-28,Expedited
111,20240123,33,7,4,104,96,0,16224,2024-01-23,2024-01-29,Expedited
112,20240123,13,11,4,244,221,0,287079,2024-01-23,2024-01-25,Standard
113,20240123,29,10,2,102,102,0,122298,2024-01-23,2024-01-28,Standard
114,20240123,19,11,2,335,317,1,411783,2024-01-23,2024-01-28,Standard
115,20240123,10,6,2,206,206,0,246994,2024-01-23,2024-01-26,Expedited
116,20240124,1,9,2,436,428,0,234972,2024-01-24,2024-01-28,Expedited
117,20240124,15,6,1,349,349,0,418451,2024-01-24,2024-01-30,Expedited
118,20240124,2,19,4,467,465,0,115785,2024-01-24,2024-01-29,Expedited
119,20240124,29,11,2,426,426,0,553374,2024-01-24,2024-01-27,Expedited
120,20240124,24,19,1,276,252,0,62748,2024-01-24,2024-01-27,Expedited
121,20240125,12,7,4,57,52,0,8788,2024-01-25,2024-01-30,Expedited
122,20240125,14,16,3,289,257,0,256743,2024-01-25,2024-01-29,Expedited
123,20240125,8,9,1,134,134,0,73566,2024-01-25,2024-01-30,Standard
124,20240125,6,20,3,489,460,0,367540,2024-01-25,2024-01-30,Standard
125,20240125,33,18,3,263,251,0,100149,2024-01-25,2024-01-27,Expedited
126,20240126,7,11,3,75,72,0,93528,2024-01-26,2024-01-27,Standard
127,20240126,6,1,3,241,241,0,192559,2024-01-26,2024-01-27,Standard
128,20240126,29,6,1,205,181,0,217019,2024-01-26,2024-01-30,Expedited
129,20240126,6,13,4,409,409,0,1022091,2024-01-26,2024-01-30,Standard
130,20240126,25,14,1,358,358,0,124942,2024-01-26,2024-01-31,Expedited
131,20240127,33,11,4,293,293,0,380607,2024-01-27,2024-01-31,Standard
132,20240127,33,7,2,465,441,0,74529,2024-01-27,2024-01-30,Expedited
133,20240127,11,19,1,333,327,0,81423,2024-01-27,2024-01-29,Expedited
134,20240127,35,12,2,353,353,0,705647,2024-01-27,2024-02-02,Standard
135,20240127,14,2,3,395,359,0,322741,2024-01-27,2024-02-01,Expedited
136,20240128,22,1,2,435,435,0,347565,2024-01-28,2024-02-03,Standard
137,20240128,5,11,2,97,97,0,126003,2024-01-28,2024-01-30,Standard
138,20240128,27,9,4,326,319,0,175131,2024-01-28,2024-02-02,Standard
139,20240128,33,20,1,277,274,0,218926,2024-01-28,2024-01-29,Expedited
140,20240128,15,18,1,287,287,0,114513,2024-01-28,2024-01-31,Standard
141,20240129,17,14,1,354,354,0,123546,2024-01-29,2024-02-01,Expedited
142,20240129,19,11,3,59,57,1,74043,2024-01-29,2024-02-02,Expedited
143,20240129,5,16,3,463,460,0,459540,2024-01-29,2024-01-30,Expedited
144,20240129,27,2,3,337,334,0,300266,2024-01-29,2024-02-04,Expedited
145,20240129,19,2,2,350,314,0,282286,2024-01-29,2024-02-03,Expedited
146,20240130,17,1,3,239,239,0,190961,2024-01-30,2024-02-05,Standard
147,20240130,18,1,3,298,298,0,238102,2024-01-30,2024-01-31,Expedited
148,20240130,30,10,4,407,404,0,484396,2024-01-30,2024-02-03,Expedited
149,20240130,8,5,2,240,226,0,225774,2024-01-30,2024-01-31,Standard
150,20240130,32,8,3,476,460,0,114540,2024-01-30,2024-02-05,Standard
151,20240131,15,13,4,478,478,0,1194522,2024-01-31,2024-02-06,Expedited
152,20240131,15,10,1,313,300,0,359700,2024-01-31,2024-02-05,Standard
153,20240131,12,2,1,410,383,0,344317,2024-01-31,2024-02-02,Expedited
154,20240131,1,14,1,436,396,0,138204,2024-01-31,2024-02-02,Expedited
155,20240131,29,18,1,199,199,0,79401,2024-01-31,2024-02-02,Expedited
156,20240201,3,14,1,105,105,0,36645,2024-02-01,2024-02-05,Standard
157,20240201,6,13,1,61,60,0,149940,2024-02-01,2024-02-04,Expedited
158,20240201,22,1,1,419,419,0,334781,2024-02-01,2024-02-06,Standard
159,20240201,22,13,4,395,357,0,892143,2024-02-01,2024-02-05,Expedited
160,20240201,15,9,4,299,299,1,164151,2024-02-01,2024-02-07,Expedited
161,20240202,34,2,1,476,422,0,379378,2024-02-02,2024-02-05,Standard
162,20240202,3,14,2,143,133,0,46417,2024-02-02,2024-02-03,Standard
163,20240202,7,20,4,308,308,0,246092,2024-02-02,2024-02-04,Expedited
164,20240202,15,5,1,256,227,0,226773,2024-02-02,2024-02-04,Expedited
165,20240202,8,18,4,199,196,1,78204,2024-02-02,2024-02-07,Expedited
166,20240203,10,19,1,413,413,0,102837,2024-02-03,2024-02-07,Standard
167,20240203,5,9,3,316,316,0,173484,2024-02-03,2024-02-04,Expedited
168,20240203,16,1,3,113,113,0,90287,2024-02-03,2024-02-06,Expedited
169,20240203,3,7,2,212,195,0,32955,2024-02-03,2024-02-08,Standard
170,20240203,10,12,2,279,279,0,557721,2024-02-03,2024-02-04,Expedited
171,20240204,25,2,1,158,143,0,128557,2024-02-04,2024-02-06,Expedited
172,20240204,11,9,4,386,380,1,208620,2024-02-04,2024-02-06,Standard
173,20240204,19,11,1,229,229,0,297471,2024-02-04,2024-02-05,Expedited
174,20240204,9,3,3,192,170,0,152830,2024-02-04,2024-02-05,Standard
175,20240204,22,14,1,436,424,0,147976,2024-02-04,2024-02-05,Standard
176,20240205,24,8,2,58,52,0,12948,2024-02-05,2024-02-09,Standard
177,20240205,31,14,1,295,288,0,100512,2024-02-05,2024-02-09,Standard
178,20240205,24,18,4,342,312,0,124488,2024-02-05,2024-02-07,Standard
179,20240205,28,1,3,121,114,0,91086,2024-02-05,2024-02-08,Standard
180,20240205,8,11,2,63,59,0,76641,2024-02-05,2024-02-08,Expedited
181,20240206,25,16,4,270,265,0,264735,2024-02-06,2024-02-09,Standard
182,20240206,12,18,4,124,124,0,49476,2024-02-06,2024-02-08,Expedited
183,20240206,34,6,4,216,213,0,255387,2024-02-06,2024-02-09,Expedited
184,20240206,26,4,2,332,332,0,331668,2024-02-06,2024-02-09,Standard
185,20240206,13,1,3,324,324,0,258876,2024-02-06,2024-02-07,Expedited
186,20240207,34,10,2,125,119,1,142681,2024-02-07,2024-02-10,Standard
187,20240207,22,12,4,462,462,0,923538,2024-02-07,2024-02-12,Expedited
188,20240207,9,9,4,109,109,0,59841,2024-02-07,2024-02-12,Standard
189,20240207,22,14,1,197,197,0,68753,2024-02-07,2024-02-10,Expedited
190,20240207,14,1,1,59,54,0,43146,2024-02-07,2024-02-09,Expedited
191,20240208,25,4,3,84,79,0,78921,2024-02-08,2024-02-11,Expedited
192,20240208,8,9,4,304,304,0,166896,2024-02-08,2024-02-09,Expedited
193,20240208,25,6,2,391,391,0,468809,2024-02-08,2024-02-11,Standard
194,20240208,26,7,1,186,164,0,27716,2024-02-08,2024-02-14,Expedited
195,20240208,10,14,3,66,59,0,20591,2024-02-08,2024-02-11,Standard
196,20240209,15,20,2,365,365,0,291635,2024-02-09,2024-02-10,Expedited
197,20240209,33,2,2,411,401,1,360499,2024-02-09,2024-02-14,Standard
198,20240209,13,9,2,258,258,0,141642,2024-02-09,2024-02-10,Expedited
199,20240209,30,13,4,451,451,1,1127049,2024-02-09,2024-02-15,Expedited
200,20240209,3,6,4,290,290,1,347710,2024-02-09,2024-02-15,Expedited
201,20240210,32,15,2,98,91,0,59059,2024-02-10,2024-02-14,Standard
202,20240210,8,14,4,170,169,1,58981,2024-02-10,2024-02-15,Standard
203,20240210,31,6,2,424,400,0,479600,2024-02-10,2024-02-14,Expedited
204,20240210,26,13,1,181,178,0,444822,2024-02-10,2024-02-12,Expedited
205,20240210,23,15,1,398,366,0,237534,2024-02-10,2024-02-16,Standard
206,20240211,28,13,2,373,373,0,932127,2024-02-11,2024-02-17,Standard
207,20240211,5,16,3,298,298,0,297702,2024-02-11,2024-02-15,Standard
208,20240211,15,8,4,248,246,0,61254,2024-02-11,2024-02-16,Expedited
209,20240211,13,3,1,426,378,0,339822,2024-02-11,2024-02-13,Standard
210,20240211,7,14,4,165,150,0,52350,2024-02-11,2024-02-14,Standard
211,20240212,10,11,1,325,325,0,422175,2024-02-12,2024-02-15,Expedited
212,20240212,30,6,2,178,178,0,213422,2024-02-12,2024-02-18,Standard
213,20240212,12,2,2,295,289,0,259811,2024-02-12,2024-02-14,Expedited
214,20240212,32,4,1,89,89,0,88911,2024-02-12,2024-02-14,Standard
215,20240212,11,6,1,172,169,0,202631,2024-02-12,2024-02-18,Expedited
216,20240213,9,3,3,293,269,0,241831,2024-02-13,2024-02-19,Expedited
217,20240213,2,14,1,62,60,0,20940,2024-02-13,2024-02-16,Expedited
218,20240213,4,10,2,471,471,0,564729,2024-02-13,2024-02-17,Expedited
219,20240213,26,11,3,177,160,0,207840,2024-02-13,2024-02-16,Expedited
220,20240213,22,1,4,443,426,0,340374,2024-02-13,2024-02-16,Standard
221,20240214,19,20,4,260,260,0,207740,2024-02-14,2024-02-16,Standard
222,20240214,1,15,3,442,424,0,275176,2024-02-14,2024-02-18,Standard
223,20240214,18,13,3,293,293,0,732207,2024-02-14,2024-02-19,Standard
224,20240214,22,19,2,261,261,0,64989,2024-02-14,2024-02-20,Expedited
225,20240214,23,4,4,258,252,0,251748,2024-02-14,2024-02-18,Expedited
226,20240215,31,20,4,446,425,0,339575,2024-02-15,2024-02-21,Standard
227,20240215,2,20,4,303,273,0,218127,2024-02-15,2024-02-16,Standard
228,20240215,10,10,1,364,364,0,436436,2024-02-15,2024-02-19,Expedited
229,20240215,6,13,1,255,255,0,637245,2024-02-15,2024-02-21,Standard
230,20240215,18,8,3,405,405,0,100845,2024-02-15,2024-02-17,Expedited
231,20240216,29,16,1,78,73,0,72927,2024-02-16,2024-02-20,Standard
232,20240216,27,13,2,155,155,0,387345,2024-02-16,2024-02-18,Expedited
233,20240216,26,15,2,434,434,0,281666,2024-02-16,2024-02-22,Standard
234,20240216,2,3,2,260,241,0,216659,2024-02-16,2024-02-20,Standard
235,20240216,7,7,1,356,326,0,55094,2024-02-16,2024-02-20,Standard
236,20240217,7,13,1,216,194,0,484806,2024-02-17,2024-02-23,Expedited
237,20240217,22,11,2,121,118,0,153282,2024-02-17,2024-02-20,Standard
238,20240217,28,10,3,357,357,0,428043,2024-02-17,2024-02-21,Standard
239,20240217,22,18,4,354,330,0,131670,2024-02-17,2024-02-22,Expedited
240,20240217,14,3,2,405,361,0,324539,2024-02-17,2024-02-22,Standard
241,20240218,8,5,4,281,264,0,263736,2024-02-18,2024-02-20,Standard
242,20240218,4,17,2,299,294,0,323106,2024-02-18,2024-02-23,Expedited
243,20240218,26,19,1,141,126,0,31374,2024-02-18,2024-02-20,Standard
244,20240218,26,17,1,261,261,0,286839,2024-02-18,2024-02-19,Expedited
245,20240218,24,18,3,450,416,0,165984,2024-02-18,2024-02-22,Standard
246,20240219,29,17,2,300,282,0,309918,2024-02-19,2024-02-21,Standard
247,20240219,4,12,4,438,401,0,801599,2024-02-19,2024-02-25,Standard
248,20240219,14,16,4,250,239,0,238761,2024-02-19,2024-02-23,Expedited
249,20240219,21,16,2,262,262,0,261738,2024-02-19,2024-02-22,Standard
250,20240219,28,20,2,161,161,0,128639,2024-02-19,2024-02-20,Standard
251,20240220,13,6,3,335,312,0,374088,2024-02-20,2024-02-21,Standard
252,20240220,14,9,4,86,84,0,46116,2024-02-20,2024-02-25,Standard
253,20240220,25,10,2,75,75,0,89925,2024-02-20,2024-02-23,Standard
254,20240220,4,18,3,277,277,0,110523,2024-02-20,2024-02-23,Expedited
255,20240220,11,19,4,370,370,0,92130,2024-02-20,2024-02-24,Standard
256,20240221,8,7,2,297,294,0,49686,2024-02-21,2024-02-27,Expedited
257,20240221,19,9,4,121,121,1,66429,2024-02-21,2024-02-26,Expedited
258,20240221,21,5,2,476,476,0,475524,2024-02-21,2024-02-24,Expedited
259,20240221,12,3,3,476,476,0,427924,2024-02-21,2024-02-22,Standard
260,20240221,29,2,4,438,438,0,393762,2024-02-21,2024-02-26,Expedited
261,20240222,5,18,2,84,82,0,32718,2024-02-22,2024-02-26,Standard
262,20240222,9,4,1,82,81,0,80919,2024-02-22,2024-02-24,Standard
263,20240222,15,14,1,473,473,0,165077,2024-02-22,2024-02-24,Standard
264,20240222,34,3,4,410,410,0,368590,2024-02-22,2024-02-25,Standard
265,20240222,10,17,2,231,216,0,237384,2024-02-22,2024-02-25,Standard
266,20240223,4,15,4,170,150,0,97350,2024-02-23,2024-02-27,Expedited
267,20240223,33,14,2,261,261,0,91089,2024-02-23,2024-02-26,Expedited
268,20240223,4,10,1,291,291,0,348909,2024-02-23,2024-02-25,Standard
269,20240223,6,1,3,250,225,1,179775,2024-02-23,2024-02-26,Standard
270,20240223,35,5,4,359,318,0,317682,2024-02-23,2024-02-29,Expedited
271,20240224,12,2,4,143,143,0,128557,2024-02-24,2024-02-26,Standard
272,20240224,30,13,2,254,254,0,634746,2024-02-24,2024-03-01,Expedited
273,20240224,34,9,2,467,429,0,235521,2024-02-24,2024-02-27,Expedited
274,20240224,24,12,1,381,381,0,761619,2024-02-24,2024-02-25,Expedited
275,20240224,30,15,1,226,226,0,146674,2024-02-24,2024-02-27,Standard
276,20240225,9,15,4,303,303,0,196647,2024-02-25,2024-02-29,Standard
277,20240225,4,6,3,85,80,0,95920,2024-02-25,2024-02-29,Standard
278,20240225,12,17,3,250,223,0,245077,2024-02-25,2024-02-27,Expedited
279,20240225,4,1,1,287,268,0,214132,2024-02-25,2024-03-02,Standard
280,20240225,20,15,1,74,72,0,46728,2024-02-25,2024-02-27,Standard
281,20240226,21,5,2,128,114,0,113886,2024-02-26,2024-03-02,Expedited
282,20240226,4,19,4,359,359,0,89391,2024-02-26,2024-02-29,Standard
283,20240226,11,14,2,200,200,0,69800,2024-02-26,2024-03-03,Standard
284,20240226,21,9,3,415,415,0,227835,2024-02-26,2024-02-28,Standard
285,20240226,27,6,4,306,290,0,347710,2024-02-26,2024-03-01,Standard
286,20240227,35,16,4,408,408,0,407592,2024-02-27,2024-03-04,Standard
287,20240227,24,6,1,480,447,0,535953,2024-02-27,2024-03-03,Standard
288,20240227,9,3,1,272,272,0,244528,2024-02-27,2024-03-03,Standard
289,20240227,11,9,3,224,212,0,116388,2024-02-27,2024-03-01,Expedited
290,20240227,24,17,4,469,433,1,475867,2024-02-27,2024-03-01,Standard
291,20240228,7,9,2,309,272,0,149328,2024-02-28,2024-03-02,Standard
292,20240228,7,9,3,488,460,0,252540,2024-02-28,2024-02-29,Standard
293,20240228,18,3,3,421,418,0,375782,2024-02-28,2024-03-04,Standard
294,20240228,5,14,4,63,63,0,21987,2024-02-28,2024-03-04,Standard
295,20240228,12,15,4,62,55,0,35695,2024-02-28,2024-03-04,Expedited
296,20240229,9,6,2,442,442,0,529958,2024-02-29,2024-03-04,Expedited
297,20240229,11,3,3,301,290,0,260710,2024-02-29,2024-03-01,Standard
298,20240229,1,2,1,255,240,0,215760,2024-02-29,2024-03-03,Standard
299,20240229,25,12,2,225,225,0,449775,2024-02-29,2024-03-04,Standard
300,20240229,4,2,2,474,467,0,419833,2024-02-29,2024-03-04,Standard
301,20240301,14,4,2,275,257,0,256743,2024-03-01,2024-03-04,Expedited
302,20240301,1,12,1,258,258,0,515742,2024-03-01,2024-03-05,Standard
303,20240301,25,13,1,382,378,0,944622,2024-03-01,2024-03-04,Expedited
304,20240301,12,2,3,319,286,0,257114,2024-03-01,2024-03-02,Standard
305,20240301,1,15,2,165,152,0,98648,2024-03-01,2024-03-02,Standard
306,20240302,19,9,3,461,425,0,233325,2024-03-02,2024-03-06,Standard
307,20240302,2,12,2,363,329,0,657671,2024-03-02,2024-03-04,Expedited
308,20240302,25,10,4,97,95,0,113905,2024-03-02,2024-03-05,Standard
309,20240302,13,1,3,444,444,0,354756,2024-03-02,2024-03-06,Standard
310,20240302,15,6,4,263,253,0,303347,2024-03-02,2024-03-08,Expedited
311,20240303,31,20,1,474,425,0,339575,2024-03-03,2024-03-08,Standard
312,20240303,26,19,3,473,467,0,116283,2024-03-03,2024-03-07,Standard
313,20240303,20,17,1,357,330,0,362670,2024-03-03,2024-03-05,Expedited
314,20240303,5,9,4,474,467,0,256383,2024-03-03,2024-03-07,Standard
315,20240303,12,5,4,322,322,0,321678,2024-03-03,2024-03-08,Expedited
316,20240304,5,11,1,480,443,0,575457,2024-03-04,2024-03-08,Standard
317,20240304,1,4,3,55,55,0,54945,2024-03-04,2024-03-08,Expedited
318,20240304,35,2,2,483,474,0,426126,2024-03-04,2024-03-05,Standard
319,20240304,9,12,2,109,105,0,209895,2024-03-04,2024-03-09,Standard
320,20240304,35,6,1,331,331,0,396869,2024-03-04,2024-03-07,Expedited
321,20240305,13,20,2,241,241,0,192559,2024-03-05,2024-03-07,Expedited
322,20240305,13,14,2,76,73,0,25477,2024-03-05,2024-03-09,Expedited
323,20240305,13,18,2,179,163,0,65037,2024-03-05,2024-03-06,Expedited
324,20240305,14,12,3,319,305,0,609695,2024-03-05,2024-03-09,Standard
325,20240305,16,2,2,123,111,0,99789,2024-03-05,2024-03-08,Standard
326,20240306,5,7,1,226,226,0,38194,2024-03-06,2024-03-08,Standard
327,20240306,33,7,2,372,338,0,57122,2024-03-06,2024-03-10,Standard
328,20240306,15,1,4,406,368,0,294032,2024-03-06,2024-03-09,Standard
329,20240306,2,14,2,180,180,0,62820,2024-03-06,2024-03-09,Expedited
330,20240306,14,17,3,95,92,0,101108,2024-03-06,2024-03-09,Expedited
331,20240307,26,14,3,324,318,0,110982,2024-03-07,2024-03-09,Standard
332,20240307,35,11,4,290,282,0,366318,2024-03-07,2024-03-08,Standard
333,20240307,9,4,4,64,63,0,62937,2024-03-07,2024-03-11,Expedited
334,20240307,15,3,3,90,86,0,77314,2024-03-07,2024-03-13,Expedited
335,20240307,35,16,3,282,282,0,281718,2024-03-07,2024-03-11,Expedited
336,20240308,16,19,4,373,373,0,92877,2024-03-08,2024-03-12,Expedited
337,20240308,21,15,3,372,359,0,232991,2024-03-08,2024-03-10,Standard
338,20240308,30,3,3,427,427,0,383873,2024-03-08,2024-03-12,Expedited
339,20240308,28,3,2,216,191,0,171709,2024-03-08,2024-03-11,Expedited
340,20240308,16,15,1,251,251,0,162899,2024-03-08,2024-03-09,Expedited
341,20240309,28,4,1,220,215,0,214785,2024-03-09,2024-03-13,Expedited
342,20240309,9,20,4,148,135,0,107865,2024-03-09,2024-03-13,Expedited
343,20240309,12,1,2,436,427,0,341173,2024-03-09,2024-03-14,Expedited
344,20240309,16,14,4,223,211,0,73639,2024-03-09,2024-03-12,Expedited
345,20240309,32,7,4,360,330,0,55770,2024-03-09,2024-03-14,Standard
346,20240310,29,2,1,94,94,0,84506,2024-03-10,2024-03-15,Expedited
347,20240310,30,11,1,245,245,0,318255,2024-03-10,2024-03-12,Standard
348,20240310,31,20,3,341,308,0,246092,2024-03-10,2024-03-14,Expedited
349,20240310,3,19,2,260,260,0,64740,2024-03-10,2024-03-12,Standard
350,20240310,24,6,2,257,257,0,308143,2024-03-10,2024-03-14,Standard
351,20240311,35,4,3,73,65,0,64935,2024-03-11,2024-03-14,Standard
352,20240311,30,18,2,476,476,0,189924,2024-03-11,2024-03-12,Expedited
353,20240311,19,16,2,319,308,0,307692,2024-03-11,2024-03-17,Standard
354,20240311,21,16,3,207,188,0,187812,2024-03-11,2024-03-17,Expedited
355,20240311,24,10,4,306,306,0,366894,2024-03-11,2024-03-16,Standard
356,20240312,25,11,1,495,450,0,584550,2024-03-12,2024-03-16,Expedited
357,20240312,2,5,4,197,197,0,196803,2024-03-12,2024-03-15,Expedited
358,20240312,21,20,4,314,302,0,241298,2024-03-12,2024-03-13,Standard
359,20240312,3,7,4,399,361,0,61009,2024-03-12,2024-03-15,Standard
360,20240312,14,5,3,229,229,0,228771,2024-03-12,2024-03-13,Expedited
361,20240313,3,13,4,261,261,0,652239,2024-03-13,2024-03-18,Expedited
362,20240313,6,20,2,379,353,0,282047,2024-03-13,2024-03-18,Expedited
363,20240313,26,1,4,229,229,0,182971,2024-03-13,2024-03-18,Standard
364,20240313,32,18,4,289,289,1,115311,2024-03-13,2024-03-15,Expedited
365,20240313,31,13,4,91,88,0,219912,2024-03-13,2024-03-19,Expedited
366,20240314,33,10,3,316,316,0,378884,2024-03-14,2024-03-15,Standard
367,20240314,29,4,3,180,180,1,179820,2024-03-14,2024-03-17,Standard
368,20240314,8,6,1,313,313,0,375287,2024-03-14,2024-03-16,Standard
369,20240314,35,9,4,57,50,0,27450,2024-03-14,2024-03-20,Standard
370,20240314,5,2,1,224,215,0,193285,2024-03-14,2024-03-17,Expedited
371,20240315,31,15,4,113,102,1,66198,2024-03-15,2024-03-18,Expedited
372,20240315,30,5,1,298,269,0,268731,2024-03-15,2024-03-21,Expedited
373,20240315,22,6,2,488,439,0,526361,2024-03-15,2024-03-19,Expedited
374,20240315,11,7,4,131,129,0,21801,2024-03-15,2024-03-18,Standard
375,20240315,18,20,3,263,244,0,194956,2024-03-15,2024-03-17,Expedited
376,20240316,16,14,4,81,80,0,27920,2024-03-16,2024-03-17,Standard
377,20240316,9,7,4,456,456,0,77064,2024-03-16,2024-03-21,Expedited
378,20240316,7,3,1,109,99,0,89001,2024-03-16,2024-03-22,Standard
379,20240316,15,7,3,466,451,0,76219,2024-03-16,2024-03-20,Standard
380,20240316,14,15,2,443,403,0,261547,2024-03-16,2024-03-20,Expedited
381,20240317,3,17,3,124,120,0,131880,2024-03-17,2024-03-18,Standard
382,20240317,32,3,2,204,196,0,176204,2024-03-17,2024-03-19,Standard
383,20240317,28,2,2,391,391,0,351509,2024-03-17,2024-03-18,Standard
384,20240317,19,19,1,229,218,0,54282,2024-03-17,2024-03-18,Standard
385,20240317,17,6,1,483,483,0,579117,2024-03-17,2024-03-23,Expedited
386,20240318,17,20,3,488,488,0,389912,2024-03-18,2024-03-19,Standard
387,20240318,20,9,3,124,113,0,62037,2024-03-18,2024-03-19,Expedited
388,20240318,29,17,2,202,200,0,219800,2024-03-18,2024-03-20,Standard
389,20240318,35,2,2,428,428,0,384772,2024-03-18,2024-03-20,Standard
390,20240318,28,9,3,397,392,0,215208,2024-03-18,2024-03-20,Expedited
391,20240319,8,7,1,399,384,0,64896,2024-03-19,2024-03-20,Standard
392,20240319,23,7,4,297,297,0,50193,2024-03-19,2024-03-25,Standard
393,20240319,19,19,2,224,213,0,53037,2024-03-19,2024-03-23,Standard
394,20240319,33,2,2,330,318,0,285882,2024-03-19,2024-03-20,Expedited
395,20240319,2,13,2,320,304,0,759696,2024-03-19,2024-03-24,Expedited
396,20240320,17,8,1,264,264,0,65736,2024-03-20,2024-03-24,Standard
397,20240320,12,6,4,144,144,0,172656,2024-03-20,2024-03-21,Expedited
398,20240320,17,4,1,278,251,0,250749,2024-03-20,2024-03-26,Expedited
399,20240320,12,17,2,429,411,0,451689,2024-03-20,2024-03-25,Standard
400,20240320,23,3,3,462,418,0,375782,2024-03-20,2024-03-22,Expedited
401,20240321,1,4,3,165,159,0,158841,2024-03-21,2024-03-25,Expedited
402,20240321,32,4,1,374,374,1,373626,2024-03-21,2024-03-26,Expedited
403,20240321,28,8,2,466,464,0,115536,2024-03-21,2024-03-24,Expedited
404,20240321,23,3,4,311,282,1,253518,2024-03-21,2024-03-24,Expedited
405,20240321,24,5,1,106,94,0,93906,2024-03-21,2024-03-25,Standard
406,20240322,23,7,2,254,228,0,38532,2024-03-22,2024-03-24,Standard
407,20240322,26,10,1,141,127,0,152273,2024-03-22,2024-03-23,Standard
408,20240322,3,19,1,441,410,0,102090,2024-03-22,2024-03-27,Expedited
409,20240322,34,6,2,460,453,1,543147,2024-03-22,2024-03-28,Standard
410,20240322,24,8,4,356,320,0,79680,2024-03-22,2024-03-24,Standard
411,20240323,22,17,2,262,233,0,256067,2024-03-23,2024-03-24,Standard
412,20240323,16,17,3,347,312,0,342888,2024-03-23,2024-03-29,Expedited
413,20240323,24,7,2,266,236,0,39884,2024-03-23,2024-03-25,Standard
414,20240323,28,8,3,230,230,0,57270,2024-03-23,2024-03-28,Standard
415,20240323,9,6,3,318,311,0,372889,2024-03-23,2024-03-28,Expedited
416,20240324,11,10,4,262,245,0,293755,2024-03-24,2024-03-27,Expedited
417,20240324,33,5,2,145,142,0,141858,2024-03-24,2024-03-27,Expedited
418,20240324,34,19,1,154,154,0,38346,2024-03-24,2024-03-28,Expedited
419,20240324,13,7,4,194,183,0,30927,2024-03-24,2024-03-26,Expedited
420,20240324,33,20,3,274,259,0,206941,2024-03-24,2024-03-28,Expedited
421,20240325,22,3,3,157,146,0,131254,2024-03-25,2024-03-30,Expedited
422,20240325,17,3,3,407,396,0,356004,2024-03-25,2024-03-30,Standard
423,20240325,11,1,2,395,394,1,314806,2024-03-25,2024-03-27,Standard
424,20240325,27,11,2,277,264,1,342936,2024-03-25,2024-03-29,Standard
425,20240325,21,16,4,56,55,0,54945,2024-03-25,2024-03-30,Standard
426,20240326,14,11,3,377,377,0,489723,2024-03-26,2024-03-29,Standard
427,20240326,27,13,3,89,84,0,209916,2024-03-26,2024-03-29,Expedited
428,20240326,13,16,2,439,428,0,427572,2024-03-26,2024-04-01,Standard
429,20240326,6,12,2,358,358,0,715642,2024-03-26,2024-03-31,Standard
430,20240326,34,17,3,446,446,0,490154,2024-03-26,2024-03-29,Standard
431,20240327,20,1,1,115,106,0,84694,2024-03-27,2024-04-02,Standard
432,20240327,15,4,2,178,165,0,164835,2024-03-27,2024-03-30,Standard
433,20240327,30,1,3,320,319,0,254881,2024-03-27,2024-04-02,Standard
434,20240327,27,19,3,321,302,0,75198,2024-03-27,2024-03-29,Standard
435,20240327,34,15,3,341,341,1,221309,2024-03-27,2024-03-28,Expedited
436,20240328,12,19,3,233,233,1,58017,2024-03-28,2024-03-29,Standard
437,20240328,7,16,3,360,359,0,358641,2024-03-28,2024-04-03,Expedited
438,20240328,18,20,4,489,448,0,357952,2024-03-28,2024-03-29,Expedited
439,20240328,5,16,1,208,208,0,207792,2024-03-28,2024-04-02,Standard
440,20240328,10,1,3,278,275,0,219725,2024-03-28,2024-03-29,Expedited
441,20240329,35,16,1,321,321,0,320679,2024-03-29,2024-03-30,Standard
442,20240329,7,8,1,447,447,0,111303,2024-03-29,2024-04-04,Standard
443,20240329,25,17,1,435,435,0,478065,2024-03-29,2024-04-04,Standard
444,20240329,10,12,3,345,345,0,689655,2024-03-29,2024-04-03,Standard
445,20240329,33,7,2,313,313,0,52897,2024-03-29,2024-04-03,Standard
446,20240330,15,13,1,197,193,0,482307,2024-03-30,2024-04-02,Expedited
447,20240330,6,9,3,272,270,0,148230,2024-03-30,2024-04-03,Standard
448,20240330,32,11,2,284,279,0,362421,2024-03-30,2024-04-05,Expedited
449,20240330,20,6,4,318,318,0,381282,2024-03-30,2024-04-02,Expedited
450,20240330,11,5,3,418,418,0,417582,2024-03-30,2024-04-05,Expedited
451,20240331,22,10,3,447,447,0,535953,2024-03-31,2024-04-06,Standard
452,20240331,15,10,1,64,64,0,76736,2024-03-31,2024-04-06,Expedited
453,20240331,13,1,2,304,275,0,219725,2024-03-31,2024-04-03,Standard
454,20240331,31,12,1,436,436,1,871564,2024-03-31,2024-04-03,Standard
455,20240331,16,3,4,385,358,0,321842,2024-03-31,2024-04-03,Expedited
456,20240401,15,13,4,59,58,0,144942,2024-04-01,2024-04-06,Expedited
457,20240401,21,13,3,317,288,0,719712,2024-04-01,2024-04-06,Expedited
458,20240401,31,3,3,180,180,0,161820,2024-04-01,2024-04-03,Standard
459,20240401,3,11,3,269,269,0,349431,2024-04-01,2024-04-03,Standard
460,20240401,10,13,2,145,145,0,362355,2024-04-01,2024-04-02,Standard
461,20240402,26,5,1,93,83,0,82917,2024-04-02,2024-04-05,Standard
462,20240402,20,12,1,249,220,0,439780,2024-04-02,2024-04-05,Expedited
463,20240402,25,17,3,202,182,0,200018,2024-04-02,2024-04-04,Expedited
464,20240402,14,7,2,299,299,0,50531,2024-04-02,2024-04-04,Expedited
465,20240402,14,17,3,413,397,0,436303,2024-04-02,2024-04-06,Expedited
466,20240403,23,16,4,109,109,0,108891,2024-04-03,2024-04-04,Expedited
467,20240403,1,12,1,136,136,0,271864,2024-04-03,2024-04-04,Standard
468,20240403,23,2,4,456,453,0,407247,2024-04-03,2024-04-07,Expedited
469,20240403,24,9,4,367,339,0,186111,2024-04-03,2024-04-08,Standard
470,20240403,23,18,3,204,204,0,81396,2024-04-03,2024-04-07,Expedited
471,20240404,3,13,2,450,450,0,1124550,2024-04-04,2024-04-10,Expedited
472,20240404,18,6,2,247,238,0,285362,2024-04-04,2024-04-07,Standard
473,20240404,1,16,2,282,249,0,248751,2024-04-04,2024-04-05,Standard
474,20240404,35,3,4,452,423,0,380277,2024-04-04,2024-04-08,Standard
475,20240404,4,11,4,316,308,0,400092,2024-04-04,2024-04-08,Expedited
476,20240405,17,13,1,484,484,0,1209516,2024-04-05,2024-04-06,Expedited
477,20240405,3,18,1,251,242,0,96558,2024-04-05,2024-04-09,Expedited
478,20240405,5,15,2,497,459,0,297891,2024-04-05,2024-04-09,Standard
479,20240405,27,12,3,152,152,0,303848,2024-04-05,2024-04-10,Expedited
480,20240405,18,10,1,214,214,0,256586,2024-04-05,2024-04-10,Expedited
481,20240406,6,1,2,396,396,0,316404,2024-04-06,2024-04-07,Expedited
482,20240406,13,10,3,279,279,0,334521,2024-04-06,2024-04-10,Standard
483,20240406,27,15,2,188,188,0,122012,2024-04-06,2024-04-08,Standard
484,20240406,32,11,2,399,368,0,478032,2024-04-06,2024-04-07,Expedited
485,20240406,4,6,4,344,312,0,374088,2024-04-06,2024-04-12,Expedited
486,20240407,3,4,4,127,126,1,125874,2024-04-07,2024-04-12,Standard
487,20240407,24,2,4,59,53,0,47647,2024-04-07,2024-04-13,Standard
488,20240407,15,13,4,152,151,0,377349,2024-04-07,2024-04-10,Standard
489,20240407,11,4,3,406,406,0,405594,2024-04-07,2024-04-11,Expedited
490,20240407,15,10,4,78,72,1,86328,2024-04-07,2024-04-10,Expedited
491,20240408,33,8,1,254,254,0,63246,2024-04-08,2024-04-12,Expedited
492,20240408,26,1,2,336,310,0,247690,2024-04-08,2024-04-12,Expedited
493,20240408,6,13,2,271,271,0,677229,2024-04-08,2024-04-10,Expedited
494,20240408,6,8,4,360,355,0,88395,2024-04-08,2024-04-13,Standard
495,20240408,24,19,4,180,180,0,44820,2024-04-08,2024-04-09,Standard
496,20240409,1,8,2,232,232,0,57768,2024-04-09,2024-04-12,Standard
497,20240409,14,14,4,327,299,0,104351,2024-04-09,2024-04-12,Standard
498,20240409,18,12,4,427,382,0,763618,2024-04-09,2024-04-11,Standard
499,20240409,22,4,4,222,222,0,221778,2024-04-09,2024-04-10,Expedited
500,20240409,9,19,2,93,85,0,21165,2024-04-09,2024-04-15,Standard
501,20240410,26,7,4,79,79,0,13351,2024-04-10,2024-04-12,Standard
502,20240410,28,14,2,203,181,0,63169,2024-04-10,2024-04-11,Expedited
503,20240410,26,1,1,156,156,0,124644,2024-04-10,2024-04-13,Standard
504,20240410,24,8,1,429,429,0,106821,2024-04-10,2024-04-14,Standard
505,20240410,5,17,2,443,443,0,486857,2024-04-10,2024-04-12,Standard
506,20240411,28,17,1,243,217,0,238483,2024-04-11,2024-04-16,Standard
507,20240411,9,4,1,384,384,1,383616,2024-04-11,2024-04-17,Standard
508,20240411,33,19,2,146,136,0,33864,2024-04-11,2024-04-15,Standard
509,20240411,31,10,1,218,197,0,236203,2024-04-11,2024-04-14,Expedited
510,20240411,3,16,2,373,362,0,361638,2024-04-11,2024-04-14,Standard
511,20240412,23,6,2,237,237,0,284163,2024-04-12,2024-04-17,Standard
512,20240412,23,17,4,166,166,0,182434,2024-04-12,2024-04-15,Standard
513,20240412,9,5,1,398,398,1,397602,2024-04-12,2024-04-18,Expedited
514,20240412,25,3,1,93,89,0,80011,2024-04-12,2024-04-15,Expedited
515,20240412,25,17,4,307,291,0,319809,2024-04-12,2024-04-17,Expedited
516,20240413,22,4,3,86,85,0,84915,2024-04-13,2024-04-15,Standard
517,20240413,18,17,2,458,458,0,503342,2024-04-13,2024-04-14,Standard
518,20240413,16,9,4,294,275,0,150975,2024-04-13,2024-04-18,Expedited
519,20240413,19,13,2,132,132,0,329868,2024-04-13,2024-04-17,Standard
520,20240413,20,8,2,487,487,0,121263,2024-04-13,2024-04-18,Standard
521,20240414,23,12,4,342,342,0,683658,2024-04-14,2024-04-16,Standard
522,20240414,27,14,3,239,224,0,78176,2024-04-14,2024-04-16,Expedited
523,20240414,21,7,2,142,132,1,22308,2024-04-14,2024-04-17,Expedited
524,20240414,23,17,4,153,144,0,158256,2024-04-14,2024-04-17,Standard
525,20240414,2,8,1,118,108,0,26892,2024-04-14,2024-04-15,Expedited
526,20240415,16,1,3,258,258,0,206142,2024-04-15,2024-04-16,Expedited
527,20240415,14,20,4,292,292,0,233308,2024-04-15,2024-04-20,Standard
528,20240415,4,16,4,79,74,0,73926,2024-04-15,2024-04-17,Standard
529,20240415,5,1,4,230,230,0,183770,2024-04-15,2024-04-16,Expedited
530,20240415,18,19,1,281,267,0,66483,2024-04-15,2024-04-16,Expedited
531,20240416,12,6,3,184,184,0,220616,2024-04-16,2024-04-21,Expedited
532,20240416,19,13,2,282,275,0,687225,2024-04-16,2024-04-21,Expedited
533,20240416,27,15,2,60,60,0,38940,2024-04-16,2024-04-21,Expedited
534,20240416,5,10,2,403,385,0,461615,2024-04-16,2024-04-20,Expedited
535,20240416,24,2,3,83,83,0,74617,2024-04-16,2024-04-17,Standard
536,20240417,25,7,2,491,449,0,75881,2024-04-17,2024-04-19,Standard
537,20240417,26,12,3,498,485,0,969515,2024-04-17,2024-04-23,Expedited
538,20240417,16,1,1,461,428,0,341972,2024-04-17,2024-04-18,Expedited
539,20240417,9,11,2,283,283,0,367617,2024-04-17,2024-04-23,Expedited
540,20240417,25,4,2,144,144,0,143856,2024-04-17,2024-04-21,Expedited
541,20240418,25,15,4,233,216,0,140184,2024-04-18,2024-04-24,Standard
542,20240418,2,6,3,136,124,0,148676,2024-04-18,2024-04-19,Standard
543,20240418,22,4,4,346,306,0,305694,2024-04-18,2024-04-19,Standard
544,20240418,29,13,4,95,86,0,214914,2024-04-18,2024-04-19,Expedited
545,20240418,11,3,1,401,395,0,355105,2024-04-18,2024-04-19,Standard
546,20240419,31,14,1,144,144,0,50256,2024-04-19,2024-04-22,Expedited
547,20240419,14,3,2,350,350,0,314650,2024-04-19,2024-04-21,Standard
548,20240419,14,14,2,448,448,0,156352,2024-04-19,2024-04-21,Standard
549,20240419,23,4,4,456,454,0,453546,2024-04-19,2024-04-24,Expedited
550,20240419,31,9,4,67,59,0,32391,2024-04-19,2024-04-22,Standard
551,20240420,30,6,2,140,140,0,167860,2024-04-20,2024-04-25,Standard
552,20240420,9,4,2,89,83,0,82917,2024-04-20,2024-04-22,Standard
553,20240420,14,16,1,111,111,1,110889,2024-04-20,2024-04-23,Standard
554,20240420,29,13,4,186,185,0,462315,2024-04-20,2024-04-25,Standard
555,20240420,6,16,3,417,417,0,416583,2024-04-20,2024-04-23,Standard
556,20240421,4,8,4,106,106,0,26394,2024-04-21,2024-04-27,Standard
557,20240421,12,8,2,182,165,0,41085,2024-04-21,2024-04-25,Standard
558,20240421,2,15,4,248,248,0,160952,2024-04-21,2024-04-27,Expedited
559,20240421,25,15,1,328,328,0,212872,2024-04-21,2024-04-24,Standard
560,20240421,30,20,2,349,349,0,278851,2024-04-21,2024-04-27,Expedited
561,20240422,20,9,2,372,357,0,195993,2024-04-22,2024-04-26,Standard
562,20240422,33,2,4,437,407,0,365893,2024-04-22,2024-04-26,Expedited
563,20240422,12,18,2,75,68,1,27132,2024-04-22,2024-04-24,Expedited
564,20240422,30,17,4,347,330,0,362670,2024-04-22,2024-04-26,Standard
565,20240422,1,12,1,121,107,0,213893,2024-04-22,2024-04-24,Expedited
566,20240423,4,11,3,308,308,0,400092,2024-04-23,2024-04-25,Expedited
567,20240423,18,12,2,138,138,0,275862,2024-04-23,2024-04-25,Expedited
568,20240423,31,20,4,402,387,0,309213,2024-04-23,2024-04-27,Expedited
569,20240423,27,19,3,336,336,0,83664,2024-04-23,2024-04-26,Standard
570,20240423,6,9,1,474,474,0,260226,2024-04-23,2024-04-25,Expedited
571,20240424,16,17,3,295,295,0,324205,2024-04-24,2024-04-28,Standard
572,20240424,35,3,4,490,472,0,424328,2024-04-24,2024-04-26,Standard
573,20240424,30,3,2,463,421,1,378479,2024-04-24,2024-04-28,Expedited
574,20240424,21,12,1,306,306,1,611694,2024-04-24,2024-04-27,Standard
575,20240424,29,18,3,488,445,0,177555,2024-04-24,2024-04-26,Standard
576,20240425,16,15,3,233,226,0,146674,2024-04-25,2024-04-28,Expedited
577,20240425,4,18,2,155,139,0,55461,2024-04-25,2024-04-27,Standard
578,20240425,35,9,3,257,257,0,141093,2024-04-25,2024-04-27,Expedited
579,20240425,23,2,4,463,463,0,416237,2024-04-25,2024-04-26,Expedited
580,20240425,3,13,1,307,280,0,699720,2024-04-25,2024-04-26,Expedited
581,20240426,2,6,4,459,459,0,550341,2024-04-26,2024-04-30,Standard
582,20240426,16,6,2,108,108,0,129492,2024-04-26,2024-04-28,Expedited
583,20240426,27,13,4,205,198,0,494802,2024-04-26,2024-04-30,Expedited
584,20240426,15,13,1,335,335,0,837165,2024-04-26,2024-04-29,Standard
585,20240426,12,5,3,168,150,0,149850,2024-04-26,2024-04-27,Expedited
586,20240427,28,5,4,114,114,0,113886,2024-04-27,2024-05-03,Standard
587,20240427,24,15,3,302,293,1,190157,2024-04-27,2024-05-03,Expedited
588,20240427,18,8,3,101,101,0,25149,2024-04-27,2024-04-29,Expedited
589,20240427,28,16,3,231,231,0,230769,2024-04-27,2024-04-30,Expedited
590,20240427,11,13,2,279,251,0,627249,2024-04-27,2024-04-29,Expedited
591,20240428,14,6,4,403,389,0,466411,2024-04-28,2024-05-02,Standard
592,20240428,11,17,3,362,362,0,397838,2024-04-28,2024-04-30,Expedited
593,20240428,25,2,2,452,403,0,362297,2024-04-28,2024-05-04,Expedited
594,20240428,6,12,1,175,175,0,349825,2024-04-28,2024-05-04,Expedited
595,20240428,20,6,2,181,181,0,217019,2024-04-28,2024-05-01,Expedited
596,20240429,11,4,4,340,340,0,339660,2024-04-29,2024-05-02,Standard
597,20240429,4,11,4,419,386,0,501414,2024-04-29,2024-05-01,Standard
598,20240429,33,13,4,452,435,0,1087065,2024-04-29,2024-05-03,Standard
599,20240429,22,18,2,291,291,0,116109,2024-04-29,2024-05-02,Expedited
600,20240429,2,3,1,134,134,0,120466,2024-04-29,2024-05-05,Expedited
601,20240430,13,14,1,89,88,0,30712,2024-04-30,2024-05-02,Standard
602,20240430,35,17,2,133,118,0,129682,2024-04-30,2024-05-03,Standard
603,20240430,4,3,4,439,439,0,394661,2024-04-30,2024-05-01,Standard
604,20240430,17,17,3,415,415,0,456085,2024-04-30,2024-05-03,Standard
605,20240430,18,2,1,365,344,0,309256,2024-04-30,2024-05-04,Standard
606,20240501,35,10,4,471,423,0,507177,2024-05-01,2024-05-03,Standard
607,20240501,13,12,2,102,96,0,191904,2024-05-01,2024-05-04,Standard
608,20240501,19,14,1,118,118,0,41182,2024-05-01,2024-05-02,Expedited
609,20240501,18,1,3,53,47,0,37553,2024-05-01,2024-05-05,Standard
610,20240501,26,15,4,269,269,0,174581,2024-05-01,2024-05-05,Standard
611,20240502,6,8,3,240,239,0,59511,2024-05-02,2024-05-07,Expedited
612,20240502,10,16,3,472,422,0,421578,2024-05-02,2024-05-07,Expedited
613,20240502,16,18,4,391,387,0,154413,2024-05-02,2024-05-08,Standard
614,20240502,21,9,2,471,448,0,245952,2024-05-02,2024-05-05,Standard
615,20240502,25,6,1,363,363,0,435237,2024-05-02,2024-05-06,Expedited
616,20240503,19,16,1,121,119,0,118881,2024-05-03,2024-05-07,Expedited
617,20240503,25,19,2,375,375,0,93375,2024-05-03,2024-05-04,Standard
618,20240503,27,1,4,451,427,0,341173,2024-05-03,2024-05-08,Standard
619,20240503,11,3,1,485,457,0,410843,2024-05-03,2024-05-05,Standard
620,20240503,28,2,1,159,150,0,134850,2024-05-03,2024-05-08,Standard
621,20240504,15,4,3,249,244,0,243756,2024-05-04,2024-05-06,Expedited
622,20240504,16,4,2,229,229,0,228771,2024-05-04,2024-05-10,Expedited
623,20240504,18,8,3,271,242,0,60258,2024-05-04,2024-05-05,Standard
624,20240504,28,7,4,219,218,0,36842,2024-05-04,2024-05-10,Standard
625,20240504,18,13,3,369,349,0,872151,2024-05-04,2024-05-05,Expedited
626,20240505,21,5,1,341,341,0,340659,2024-05-05,2024-05-07,Expedited
627,20240505,10,16,2,456,448,0,447552,2024-05-05,2024-05-11,Standard
628,20240505,25,1,4,402,371,0,296429,2024-05-05,2024-05-08,Expedited
629,20240505,17,17,3,226,201,0,220899,2024-05-05,2024-05-10,Expedited
630,20240505,11,10,3,407,407,0,487993,2024-05-05,2024-05-08,Standard
631,20240506,7,12,1,311,311,0,621689,2024-05-06,2024-05-07,Standard
632,20240506,17,19,3,121,112,0,27888,2024-05-06,2024-05-08,Standard
633,20240506,6,16,4,212,208,0,207792,2024-05-06,2024-05-09,Standard
634,20240506,2,9,1,379,375,0,205875,2024-05-06,2024-05-11,Expedited
635,20240506,11,20,2,287,273,0,218127,2024-05-06,2024-05-09,Standard
636,20240507,19,13,3,189,169,1,422331,2024-05-07,2024-05-10,Standard
637,20240507,24,4,2,61,58,0,57942,2024-05-07,2024-05-13,Standard
638,20240507,31,3,1,369,369,0,331731,2024-05-07,2024-05-10,Standard
639,20240507,8,20,1,468,468,0,373932,2024-05-07,2024-05-09,Expedited
640,20240507,30,6,2,426,392,0,470008,2024-05-07,2024-05-11,Standard
641,20240508,29,1,1,89,87,0,69513,2024-05-08,2024-05-10,Expedited
642,20240508,26,14,3,268,268,0,93532,2024-05-08,2024-05-14,Expedited
643,20240508,2,4,2,419,419,0,418581,2024-05-08,2024-05-09,Expedited
644,20240508,10,7,1,488,461,0,77909,2024-05-08,2024-05-11,Standard
645,20240508,29,16,4,141,141,0,140859,2024-05-08,2024-05-12,Expedited
646,20240509,3,7,4,115,114,0,19266,2024-05-09,2024-05-12,Expedited
647,20240509,7,9,2,493,470,0,258030,2024-05-09,2024-05-15,Standard
648,20240509,6,11,1,57,57,0,74043,2024-05-09,2024-05-13,Standard
649,20240509,7,4,2,192,192,0,191808,2024-05-09,2024-05-14,Standard
650,20240509,27,17,3,290,290,0,318710,2024-05-09,2024-05-12,Expedited
651,20240510,12,9,4,204,196,0,107604,2024-05-10,2024-05-11,Expedited
652,20240510,6,4,3,190,190,0,189810,2024-05-10,2024-05-14,Expedited
653,20240510,19,9,2,81,81,0,44469,2024-05-10,2024-05-12,Standard
654,20240510,2,7,2,381,340,0,57460,2024-05-10,2024-05-14,Standard
655,20240510,22,4,3,300,300,0,299700,2024-05-10,2024-05-13,Standard
656,20240511,17,18,3,66,60,0,23940,2024-05-11,2024-05-12,Standard
657,20240511,14,15,4,165,148,0,96052,2024-05-11,2024-05-12,Expedited
658,20240511,21,14,4,404,401,1,139949,2024-05-11,2024-05-16,Expedited
659,20240511,21,8,1,188,174,0,43326,2024-05-11,2024-05-17,Expedited
660,20240511,2,11,3,70,70,0,90930,2024-05-11,2024-05-16,Standard
661,20240512,4,6,2,134,134,0,160666,2024-05-12,2024-05-14,Standard
662,20240512,32,7,2,151,134,0,22646,2024-05-12,2024-05-18,Standard
663,20240512,4,19,2,442,402,0,100098,2024-05-12,2024-05-16,Standard
664,20240512,2,20,4,163,163,0,130237,2024-05-12,2024-05-16,Expedited
665,20240512,18,6,1,451,424,0,508376,2024-05-12,2024-05-15,Standard
666,20240513,32,16,2,66,66,0,65934,2024-05-13,2024-05-17,Expedited
667,20240513,21,16,4,379,379,0,378621,2024-05-13,2024-05-15,Standard
668,20240513,14,12,1,368,368,0,735632,2024-05-13,2024-05-18,Standard
669,20240513,3,15,4,238,238,0,154462,2024-05-13,2024-05-14,Expedited
670,20240513,7,7,2,220,208,0,35152,2024-05-13,2024-05-16,Expedited
671,20240514,28,6,2,196,196,0,235004,2024-05-14,2024-05-15,Expedited
672,20240514,10,10,1,131,125,0,149875,2024-05-14,2024-05-17,Expedited
673,20240514,6,19,3,282,252,0,62748,2024-05-14,2024-05-17,Standard
674,20240514,14,10,1,316,283,0,339317,2024-05-14,2024-05-20,Expedited
675,20240514,31,11,3,123,123,0,159777,2024-05-14,2024-05-16,Standard
676,20240515,5,6,4,257,257,0,308143,2024-05-15,2024-05-18,Expedited
677,20240515,13,19,1,57,57,0,14193,2024-05-15,2024-05-18,Standard
678,20240515,30,19,4,266,238,0,59262,2024-05-15,2024-05-19,Standard
679,20240515,28,12,3,321,321,1,641679,2024-05-15,2024-05-20,Expedited
680,20240515,23,16,3,167,157,0,156843,2024-05-15,2024-05-20,Expedited
681,20240516,10,17,4,326,320,0,351680,2024-05-16,2024-05-22,Expedited
682,20240516,32,16,2,316,316,0,315684,2024-05-16,2024-05-20,Standard
683,20240516,27,15,3,323,313,0,203137,2024-05-16,2024-05-19,Expedited
684,20240516,30,20,3,305,305,0,243695,2024-05-16,2024-05-21,Expedited
685,20240516,13,6,2,274,248,0,297352,2024-05-16,2024-05-19,Standard
686,20240517,6,1,3,333,333,0,266067,2024-05-17,2024-05-19,Expedited
687,20240517,32,5,2,426,400,0,399600,2024-05-17,2024-05-20,Expedited
688,20240517,2,14,3,108,100,0,34900,2024-05-17,2024-05-21,Expedited
689,20240517,19,10,2,155,147,0,176253,2024-05-17,2024-05-18,Expedited
690,20240517,5,19,3,331,313,0,77937,2024-05-17,2024-05-18,Expedited
691,20240518,17,18,2,418,418,0,166782,2024-05-18,2024-05-19,Expedited
692,20240518,11,8,3,75,68,0,16932,2024-05-18,2024-05-23,Expedited
693,20240518,30,5,1,431,414,0,413586,2024-05-18,2024-05-19,Standard
694,20240518,30,5,4,414,375,0,374625,2024-05-18,2024-05-20,Expedited
695,20240518,6,11,2,458,458,0,594942,2024-05-18,2024-05-19,Expedited
696,20240519,24,3,1,366,353,1,317347,2024-05-19,2024-05-24,Expedited
697,20240519,5,2,1,343,340,0,305660,2024-05-19,2024-05-21,Standard
698,20240519,12,11,2,332,309,0,401391,2024-05-19,2024-05-24,Standard
699,20240519,25,13,1,369,336,0,839664,2024-05-19,2024-05-23,Standard
700,20240519,4,20,1,263,249,0,198951,2024-05-19,2024-05-21,Expedited
701,20240520,8,9,1,489,489,0,268461,2024-05-20,2024-05-24,Standard
702,20240520,14,5,3,461,425,0,424575,2024-05-20,2024-05-23,Standard
703,20240520,35,16,3,143,143,0,142857,2024-05-20,2024-05-23,Expedited
704,20240520,7,11,1,264,264,1,342936,2024-05-20,2024-05-25,Standard
705,20240520,1,18,2,343,343,0,136857,2024-05-20,2024-05-26,Standard
706,20240521,35,6,3,228,208,0,249392,2024-05-21,2024-05-25,Standard
707,20240521,22,14,2,232,232,0,80968,2024-05-21,2024-05-27,Standard
708,20240521,27,15,4,86,80,0,51920,2024-05-21,2024-05-23,Standard
709,20240521,11,11,2,325,316,0,410484,2024-05-21,2024-05-22,Standard
710,20240521,3,11,2,478,478,0,620922,2024-05-21,2024-05-24,Standard
711,20240522,17,14,1,287,270,0,94230,2024-05-22,2024-05-26,Standard
712,20240522,16,14,1,472,460,0,160540,2024-05-22,2024-05-24,Expedited
713,20240522,11,14,4,308,305,0,106445,2024-05-22,2024-05-25,Standard
714,20240522,35,20,4,443,406,0,324394,2024-05-22,2024-05-25,Standard
715,20240522,19,17,4,430,388,0,426412,2024-05-22,2024-05-27,Expedited
716,20240523,14,9,3,87,87,0,47763,2024-05-23,2024-05-25,Expedited
717,20240523,30,2,3,388,369,0,331731,2024-05-23,2024-05-28,Expedited
718,20240523,9,16,4,317,295,0,294705,2024-05-23,2024-05-26,Expedited
719,20240523,30,11,1,463,414,0,537786,2024-05-23,2024-05-28,Expedited
720,20240523,31,5,1,289,279,0,278721,2024-05-23,2024-05-27,Expedited
721,20240524,14,18,1,285,285,1,113715,2024-05-24,2024-05-29,Expedited
722,20240524,20,11,1,151,139,0,180561,2024-05-24,2024-05-25,Expedited
723,20240524,2,20,4,86,86,0,68714,2024-05-24,2024-05-27,Expedited
724,20240524,27,3,2,414,414,0,372186,2024-05-24,2024-05-28,Standard
725,20240524,18,14,1,328,328,0,114472,2024-05-24,2024-05-27,Expedited
726,20240525,2,12,1,460,460,0,919540,2024-05-25,2024-05-27,Expedited
727,20240525,8,7,1,350,332,0,56108,2024-05-25,2024-05-31,Expedited
728,20240525,11,1,2,458,458,0,365942,2024-05-25,2024-05-28,Expedited
729,20240525,33,20,3,184,184,0,147016,2024-05-25,2024-05-30,Expedited
730,20240525,27,8,3,164,148,0,36852,2024-05-25,2024-05-31,Expedited
731,20240526,26,12,1,327,305,0,609695,2024-05-26,2024-05-28,Expedited
732,20240526,19,20,2,482,429,0,342771,2024-05-26,2024-05-28,Standard
733,20240526,8,14,3,228,215,0,75035,2024-05-26,2024-05-28,Expedited
734,20240526,25,17,1,335,296,0,325304,2024-05-26,2024-05-29,Expedited
735,20240526,32,20,2,143,129,0,103071,2024-05-26,2024-05-28,Standard
736,20240527,14,9,2,397,397,0,217953,2024-05-27,2024-06-01,Expedited
737,20240527,22,9,2,106,101,0,55449,2024-05-27,2024-05-29,Expedited
738,20240527,21,11,1,83,83,0,107817,2024-05-27,2024-05-31,Standard
739,20240527,7,5,3,408,392,0,391608,2024-05-27,2024-05-28,Expedited
740,20240527,9,2,1,479,432,0,388368,2024-05-27,2024-06-01,Standard
741,20240528,19,15,2,298,287,0,186263,2024-05-28,2024-06-02,Expedited
742,20240528,7,19,1,251,227,0,56523,2024-05-28,2024-05-30,Expedited
743,20240528,12,18,2,491,480,0,191520,2024-05-28,2024-06-03,Standard
744,20240528,13,6,2,279,279,0,334521,2024-05-28,2024-05-31,Standard
745,20240528,24,15,2,112,112,0,72688,2024-05-28,2024-05-29,Expedited
746,20240529,11,3,2,251,251,0,225649,2024-05-29,2024-05-30,Expedited
747,20240529,1,1,3,369,369,0,294831,2024-05-29,2024-05-31,Expedited
748,20240529,32,16,4,300,279,0,278721,2024-05-29,2024-06-02,Expedited
749,20240529,9,5,3,114,103,0,102897,2024-05-29,2024-05-30,Standard
750,20240529,10,8,1,468,419,0,104331,2024-05-29,2024-05-30,Standard
751,20240530,35,6,4,128,128,0,153472,2024-05-30,2024-05-31,Standard
752,20240530,12,16,4,469,434,0,433566,2024-05-30,2024-06-02,Expedited
753,20240530,1,16,4,99,99,0,98901,2024-05-30,2024-06-02,Expedited
754,20240530,32,11,4,414,408,0,529992,2024-05-30,2024-05-31,Standard
755,20240530,35,4,4,267,239,0,238761,2024-05-30,2024-06-02,Expedited
756,20240531,25,14,3,364,362,0,126338,2024-05-31,2024-06-02,Expedited
757,20240531,14,19,4,437,391,1,97359,2024-05-31,2024-06-02,Expedited
758,20240531,35,1,2,153,147,0,117453,2024-05-31,2024-06-02,Expedited
759,20240531,25,20,1,473,451,0,360349,2024-05-31,2024-06-01,Standard
760,20240531,35,14,1,454,406,0,141694,2024-05-31,2024-06-01,Expedited
761,20240601,3,6,4,217,193,0,231407,2024-06-01,2024-06-03,Expedited
762,20240601,7,16,3,234,229,0,228771,2024-06-01,2024-06-02,Standard
763,20240601,23,15,1,275,268,0,173932,2024-06-01,2024-06-07,Standard
764,20240601,32,1,3,248,244,0,194956,2024-06-01,2024-06-05,Standard
765,20240601,28,19,1,363,356,0,88644,2024-06-01,2024-06-04,Expedited
766,20240602,18,4,2,373,331,0,330669,2024-06-02,2024-06-07,Expedited
767,20240602,14,10,1,375,373,0,447227,2024-06-02,2024-06-05,Standard
768,20240602,3,1,4,221,221,0,176579,2024-06-02,2024-06-04,Expedited
769,20240602,2,16,3,270,240,0,239760,2024-06-02,2024-06-05,Expedited
770,20240602,10,17,4,401,401,0,440699,2024-06-02,2024-06-05,Standard
771,20240603,1,2,1,167,165,0,148335,2024-06-03,2024-06-07,Expedited
772,20240603,8,20,2,167,167,0,133433,2024-06-03,2024-06-07,Expedited
773,20240603,26,17,1,406,384,0,422016,2024-06-03,2024-06-05,Expedited
774,20240603,18,13,2,450,450,0,1124550,2024-06-03,2024-06-05,Expedited
775,20240603,25,11,4,418,418,0,542982,2024-06-03,2024-06-04,Expedited
776,20240604,15,17,1,124,114,0,125286,2024-06-04,2024-06-08,Standard
777,20240604,11,7,4,123,123,0,20787,2024-06-04,2024-06-07,Expedited
778,20240604,1,14,1,240,240,0,83760,2024-06-04,2024-06-09,Standard
779,20240604,22,15,3,60,54,0,35046,2024-06-04,2024-06-08,Expedited
780,20240604,5,10,3,320,320,0,383680,2024-06-04,2024-06-07,Expedited
781,20240605,19,10,2,419,419,0,502381,2024-06-05,2024-06-08,Expedited
782,20240605,14,2,4,155,147,0,132153,2024-06-05,2024-06-07,Expedited
783,20240605,21,14,2,316,294,1,102606,2024-06-05,2024-06-07,Expedited
784,20240605,35,4,1,54,51,0,50949,2024-06-05,2024-06-10,Expedited
785,20240605,31,20,1,407,407,1,325193,2024-06-05,2024-06-10,Standard
786,20240606,10,2,4,412,412,0,370388,2024-06-06,2024-06-12,Expedited
787,20240606,28,10,3,470,450,0,539550,2024-06-06,2024-06-10,Expedited
788,20240606,29,13,4,121,118,1,294882,2024-06-06,2024-06-12,Expedited
789,20240606,23,13,1,280,280,0,699720,2024-06-06,2024-06-08,Standard
790,20240606,19,11,1,173,164,0,213036,2024-06-06,2024-06-12,Expedited
791,20240607,32,13,1,148,148,0,369852,2024-06-07,2024-06-10,Expedited
792,20240607,34,3,1,136,136,0,122264,2024-06-07,2024-06-13,Standard
793,20240607,17,19,4,229,209,0,52041,2024-06-07,2024-06-10,Standard
794,20240607,6,18,1,452,429,0,171171,2024-06-07,2024-06-13,Standard
795,20240607,28,1,2,158,158,0,126242,2024-06-07,2024-06-09,Standard
796,20240608,28,18,2,57,51,0,20349,2024-06-08,2024-06-11,Standard
797,20240608,34,7,3,421,417,0,70473,2024-06-08,2024-06-13,Standard
798,20240608,22,3,2,96,95,0,85405,2024-06-08,2024-06-13,Standard
799,20240608,33,19,4,278,249,0,62001,2024-06-08,2024-06-11,Expedited
800,20240608,14,14,4,440,434,0,151466,2024-06-08,2024-06-10,Standard
801,20240609,14,10,2,472,472,0,565928,2024-06-09,2024-06-15,Standard
802,20240609,6,2,1,264,254,0,228346,2024-06-09,2024-06-14,Expedited
803,20240609,26,11,3,389,389,0,505311,2024-06-09,2024-06-13,Standard
804,20240609,13,14,4,294,294,0,102606,2024-06-09,2024-06-12,Expedited
805,20240609,12,6,2,233,233,0,279367,2024-06-09,2024-06-10,Expedited
806,20240610,25,4,4,255,249,0,248751,2024-06-10,2024-06-13,Standard
807,20240610,13,11,3,187,187,0,242913,2024-06-10,2024-06-12,Expedited
808,20240610,1,19,1,425,415,0,103335,2024-06-10,2024-06-14,Standard
809,20240610,28,11,1,73,66,0,85734,2024-06-10,2024-06-14,Expedited
810,20240610,15,4,4,431,416,0,415584,2024-06-10,2024-06-16,Expedited
811,20240611,23,7,4,419,408,0,68952,2024-06-11,2024-06-16,Expedited
812,20240611,34,13,2,184,179,1,447321,2024-06-11,2024-06-15,Standard
813,20240611,34,17,2,381,348,0,382452,2024-06-11,2024-06-14,Expedited
814,20240611,29,16,2,400,361,0,360639,2024-06-11,2024-06-16,Expedited
815,20240611,1,13,2,89,89,0,222411,2024-06-11,2024-06-14,Standard
816,20240612,30,7,4,93,84,0,14196,2024-06-12,2024-06-18,Standard
817,20240612,4,3,1,438,402,1,361398,2024-06-12,2024-06-14,Standard
818,20240612,29,7,3,158,158,0,26702,2024-06-12,2024-06-17,Expedited
819,20240612,3,2,4,405,380,0,341620,2024-06-12,2024-06-18,Expedited
820,20240612,30,19,3,221,221,0,55029,2024-06-12,2024-06-15,Expedited
821,20240613,20,7,4,434,394,0,66586,2024-06-13,2024-06-19,Standard
822,20240613,9,6,4,433,398,0,477202,2024-06-13,2024-06-15,Standard
823,20240613,27,16,3,404,388,0,387612,2024-06-13,2024-06-14,Expedited
824,20240613,35,17,4,478,446,1,490154,2024-06-13,2024-06-18,Standard
825,20240613,8,8,1,224,224,0,55776,2024-06-13,2024-06-15,Standard
826,20240614,4,11,3,304,304,0,394896,2024-06-14,2024-06-17,Expedited
827,20240614,20,14,3,409,409,0,142741,2024-06-14,2024-06-15,Expedited
828,20240614,12,19,4,50,46,0,11454,2024-06-14,2024-06-16,Standard
829,20240614,18,12,4,205,205,0,409795,2024-06-14,2024-06-16,Standard
830,20240614,27,5,4,248,248,0,247752,2024-06-14,2024-06-19,Standard
831,20240615,5,8,1,246,246,0,61254,2024-06-15,2024-06-21,Standard
832,20240615,11,20,1,152,152,1,121448,2024-06-15,2024-06-17,Expedited
833,20240615,11,1,1,197,197,0,157403,2024-06-15,2024-06-17,Expedited
834,20240615,14,19,2,329,329,0,81921,2024-06-15,2024-06-18,Expedited
835,20240615,25,19,1,191,172,1,42828,2024-06-15,2024-06-19,Standard
836,20240616,12,18,4,131,123,0,49077,2024-06-16,2024-06-21,Standard
837,20240616,27,3,1,279,279,0,250821,2024-06-16,2024-06-19,Standard
838,20240616,7,9,2,242,221,0,121329,2024-06-16,2024-06-20,Standard
839,20240616,35,4,1,236,235,0,234765,2024-06-16,2024-06-22,Expedited
840,20240616,17,5,1,340,340,0,339660,2024-06-16,2024-06-18,Standard
841,20240617,1,17,4,261,261,0,286839,2024-06-17,2024-06-21,Standard
842,20240617,10,6,3,84,83,0,99517,2024-06-17,2024-06-20,Expedited
843,20240617,2,2,2,108,108,0,97092,2024-06-17,2024-06-21,Expedited
844,20240617,10,19,1,269,269,0,66981,2024-06-17,2024-06-19,Expedited
845,20240617,21,5,1,276,276,0,275724,2024-06-17,2024-06-21,Expedited
846,20240618,6,14,3,106,98,0,34202,2024-06-18,2024-06-22,Expedited
847,20240618,21,15,1,238,238,0,154462,2024-06-18,2024-06-23,Expedited
848,20240618,15,11,1,463,438,0,568962,2024-06-18,2024-06-21,Expedited
849,20240618,12,18,3,407,398,0,158802,2024-06-18,2024-06-21,Standard
850,20240618,27,20,4,56,51,0,40749,2024-06-18,2024-06-21,Standard
851,20240619,31,11,1,279,265,0,344235,2024-06-19,2024-06-24,Expedited
852,20240619,19,7,1,264,240,0,40560,2024-06-19,2024-06-21,Expedited
853,20240619,14,9,4,125,125,0,68625,2024-06-19,2024-06-22,Standard
854,20240619,12,16,4,416,394,0,393606,2024-06-19,2024-06-23,Standard
855,20240619,32,19,1,218,202,0,50298,2024-06-19,2024-06-23,Expedited
856,20240620,33,20,3,108,97,0,77503,2024-06-20,2024-06-22,Standard
857,20240620,9,14,4,393,389,0,135761,2024-06-20,2024-06-24,Expedited
858,20240620,2,10,4,312,286,0,342914,2024-06-20,2024-06-25,Standard
859,20240620,26,18,1,51,45,0,17955,2024-06-20,2024-06-24,Standard
860,20240620,24,9,3,214,195,0,107055,2024-06-20,2024-06-24,Expedited
861,20240621,12,10,3,371,329,0,394471,2024-06-21,2024-06-22,Expedited
862,20240621,13,10,1,199,199,0,238601,2024-06-21,2024-06-23,Standard
863,20240621,19,4,2,233,233,0,232767,2024-06-21,2024-06-27,Standard
864,20240621,22,17,3,136,136,0,149464,2024-06-21,2024-06-26,Standard
865,20240621,16,2,4,90,82,1,73718,2024-06-21,2024-06-22,Standard
866,20240622,17,7,1,469,424,0,71656,2024-06-22,2024-06-24,Standard
867,20240622,28,9,2,58,51,0,27999,2024-06-22,2024-06-27,Expedited
868,20240622,13,14,2,194,188,1,65612,2024-06-22,2024-06-24,Standard
869,20240622,11,16,1,286,254,0,253746,2024-06-22,2024-06-23,Expedited
870,20240622,32,2,3,153,152,0,136648,2024-06-22,2024-06-27,Expedited
871,20240623,25,18,4,327,295,0,117705,2024-06-23,2024-06-26,Expedited
872,20240623,4,6,2,492,492,0,589908,2024-06-23,2024-06-28,Expedited
873,20240623,1,2,4,249,220,0,197780,2024-06-23,2024-06-26,Expedited
874,20240623,27,7,4,354,339,0,57291,2024-06-23,2024-06-28,Standard
875,20240623,29,4,3,83,83,0,82917,2024-06-23,2024-06-24,Expedited
876,20240624,18,14,2,369,369,0,128781,2024-06-24,2024-06-29,Standard
877,20240624,20,17,2,120,109,0,119791,2024-06-24,2024-06-30,Expedited
878,20240624,10,16,1,306,297,0,296703,2024-06-24,2024-06-28,Standard
879,20240624,26,10,2,347,347,0,416053,2024-06-24,2024-06-26,Expedited
880,20240624,33,11,1,452,439,0,570261,2024-06-24,2024-06-30,Expedited
881,20240625,3,10,1,193,171,0,205029,2024-06-25,2024-06-30,Standard
882,20240625,4,19,4,368,348,0,86652,2024-06-25,2024-06-26,Expedited
883,20240625,20,18,4,215,215,0,85785,2024-06-25,2024-07-01,Standard
884,20240625,25,17,1,322,322,0,353878,2024-06-25,2024-06-26,Standard
885,20240625,19,13,4,439,407,0,1017093,2024-06-25,2024-06-26,Expedited
886,20240626,30,18,1,420,420,0,167580,2024-06-26,2024-06-30,Expedited
887,20240626,18,20,1,222,222,0,177378,2024-06-26,2024-06-28,Expedited
888,20240626,23,19,1,448,448,0,111552,2024-06-26,2024-06-30,Standard
889,20240626,16,5,3,240,240,0,239760,2024-06-26,2024-07-01,Standard
890,20240626,12,14,2,466,466,0,162634,2024-06-26,2024-06-27,Standard
891,20240627,4,11,4,371,346,0,449454,2024-06-27,2024-07-02,Standard
892,20240627,4,6,4,436,436,0,522764,2024-06-27,2024-07-03,Expedited
893,20240627,11,17,2,97,95,0,104405,2024-06-27,2024-06-30,Standard
894,20240627,12,5,4,497,497,0,496503,2024-06-27,2024-07-03,Standard
895,20240627,25,8,3,404,404,0,100596,2024-06-27,2024-06-29,Standard
896,20240628,9,18,4,423,404,0,161196,2024-06-28,2024-07-03,Expedited
897,20240628,27,5,4,302,284,0,283716,2024-06-28,2024-06-30,Expedited
898,20240628,11,19,4,101,100,0,24900,2024-06-28,2024-07-01,Standard
899,20240628,22,17,1,133,123,0,135177,2024-06-28,2024-07-01,Expedited
900,20240628,20,19,3,121,111,0,27639,2024-06-28,2024-07-01,Standard
901,20240629,23,12,1,332,332,0,663668,2024-06-29,2024-07-05,Standard
902,20240629,6,13,2,347,320,0,799680,2024-06-29,2024-07-04,Expedited
903,20240629,15,1,2,471,435,0,347565,2024-06-29,2024-06-30,Expedited
904,20240629,16,5,2,198,189,0,188811,2024-06-29,2024-07-01,Standard
905,20240629,7,8,4,297,268,1,66732,2024-06-29,2024-07-05,Standard
906,20240630,4,20,3,56,56,0,44744,2024-06-30,2024-07-02,Expedited
907,20240630,13,14,3,321,321,0,112029,2024-06-30,2024-07-02,Standard
908,20240630,29,8,3,197,197,0,49053,2024-06-30,2024-07-04,Expedited
909,20240630,25,2,1,220,211,0,189689,2024-06-30,2024-07-06,Standard
910,20240630,3,14,4,340,335,0,116915,2024-06-30,2024-07-02,Expedited
911,20240701,25,15,3,454,454,0,294646,2024-07-01,2024-07-04,Expedited
912,20240701,17,15,2,164,147,0,95403,2024-07-01,2024-07-05,Standard
913,20240701,13,18,1,350,350,0,139650,2024-07-01,2024-07-07,Standard
914,20240701,11,8,1,483,483,0,120267,2024-07-01,2024-07-04,Expedited
915,20240701,32,4,3,435,435,0,434565,2024-07-01,2024-07-02,Expedited
916,20240702,26,16,3,306,276,0,275724,2024-07-02,2024-07-04,Expedited
917,20240702,17,18,2,81,81,0,32319,2024-07-02,2024-07-07,Expedited
918,20240702,29,12,3,128,128,0,255872,2024-07-02,2024-07-07,Expedited
919,20240702,18,6,2,215,209,0,250591,2024-07-02,2024-07-08,Expedited
920,20240702,25,14,3,144,136,0,47464,2024-07-02,2024-07-03,Expedited
921,20240703,29,15,2,228,202,0,131098,2024-07-03,2024-07-07,Expedited
922,20240703,1,5,2,245,245,0,244755,2024-07-03,2024-07-06,Expedited
923,20240703,3,16,3,337,306,0,305694,2024-07-03,2024-07-08,Expedited
924,20240703,1,11,1,76,74,0,96126,2024-07-03,2024-07-07,Expedited
925,20240703,34,10,1,260,236,0,282964,2024-07-03,2024-07-07,Expedited
926,20240704,1,15,1,272,263,0,170687,2024-07-04,2024-07-09,Standard
927,20240704,24,12,4,325,325,0,649675,2024-07-04,2024-07-09,Standard
928,20240704,4,14,1,466,466,0,162634,2024-07-04,2024-07-06,Standard
929,20240704,10,4,2,391,391,0,390609,2024-07-04,2024-07-08,Expedited
930,20240704,34,5,2,276,265,0,264735,2024-07-04,2024-07-09,Standard
931,20240705,21,9,4,105,92,0,50508,2024-07-05,2024-07-11,Standard
932,20240705,24,18,3,334,334,0,133266,2024-07-05,2024-07-10,Standard
933,20240705,7,16,4,61,61,0,60939,2024-07-05,2024-07-06,Expedited
934,20240705,31,15,4,159,154,1,99946,2024-07-05,2024-07-08,Expedited
935,20240705,7,17,1,190,190,0,208810,2024-07-05,2024-07-09,Expedited
936,20240706,23,4,1,164,154,0,153846,2024-07-06,2024-07-11,Expedited
937,20240706,9,7,4,327,327,0,55263,2024-07-06,2024-07-11,Expedited
938,20240706,22,1,3,475,475,1,379525,2024-07-06,2024-07-07,Expedited
939,20240706,22,17,2,290,290,0,318710,2024-07-06,2024-07-10,Standard
940,20240706,2,14,1,177,177,0,61773,2024-07-06,2024-07-12,Expedited
941,20240707,24,1,2,358,331,0,264469,2024-07-07,2024-07-12,Standard
942,20240707,11,2,3,339,339,0,304761,2024-07-07,2024-07-13,Expedited
943,20240707,4,5,1,408,408,0,407592,2024-07-07,2024-07-11,Expedited
944,20240707,6,7,4,499,477,0,80613,2024-07-07,2024-07-10,Standard
945,20240707,32,2,1,296,296,0,266104,2024-07-07,2024-07-13,Expedited
946,20240708,33,15,1,103,103,0,66847,2024-07-08,2024-07-14,Standard
947,20240708,5,2,3,129,129,0,115971,2024-07-08,2024-07-12,Standard
948,20240708,31,1,2,272,245,0,195755,2024-07-08,2024-07-14,Expedited
949,20240708,24,8,2,325,323,0,80427,2024-07-08,2024-07-13,Expedited
950,20240708,20,17,2,210,195,0,214305,2024-07-08,2024-07-12,Expedited
951,20240709,8,19,3,391,377,0,93873,2024-07-09,2024-07-13,Expedited
952,20240709,18,12,3,260,260,0,519740,2024-07-09,2024-07-11,Standard
953,20240709,34,13,4,486,486,0,1214514,2024-07-09,2024-07-12,Expedited
954,20240709,23,14,3,484,484,1,168916,2024-07-09,2024-07-11,Standard
955,20240709,21,5,3,189,184,0,183816,2024-07-09,2024-07-14,Standard
956,20240710,31,12,1,341,326,0,651674,2024-07-10,2024-07-13,Expedited
957,20240710,17,4,1,467,467,0,466533,2024-07-10,2024-07-12,Standard
958,20240710,19,18,3,98,98,0,39102,2024-07-10,2024-07-14,Expedited
959,20240710,17,8,3,56,55,0,13695,2024-07-10,2024-07-13,Expedited
960,20240710,3,2,1,144,142,0,127658,2024-07-10,2024-07-16,Expedited
961,20240711,10,5,1,242,242,0,241758,2024-07-11,2024-07-12,Expedited
962,20240711,10,3,3,77,74,0,66526,2024-07-11,2024-07-12,Expedited
963,20240711,29,9,2,367,354,0,194346,2024-07-11,2024-07-15,Expedited
964,20240711,35,19,4,396,365,1,90885,2024-07-11,2024-07-15,Expedited
965,20240711,15,5,3,349,312,1,311688,2024-07-11,2024-07-12,Standard
966,20240712,21,19,4,380,361,0,89889,2024-07-12,2024-07-13,Expedited
967,20240712,17,19,3,270,270,0,67230,2024-07-12,2024-07-18,Standard
968,20240712,21,20,4,480,464,0,370736,2024-07-12,2024-07-16,Standard
969,20240712,10,1,4,396,369,0,294831,2024-07-12,2024-07-13,Standard
970,20240712,23,7,1,176,172,0,29068,2024-07-12,2024-07-18,Expedited
971,20240713,15,19,2,263,233,0,58017,2024-07-13,2024-07-16,Expedited
972,20240713,28,12,2,335,314,0,627686,2024-07-13,2024-07-19,Standard
973,20240713,23,12,1,261,261,0,521739,2024-07-13,2024-07-15,Expedited
974,20240713,35,4,3,166,161,0,160839,2024-07-13,2024-07-18,Standard
975,20240713,33,12,3,220,220,0,439780,2024-07-13,2024-07-17,Expedited
976,20240714,31,4,1,219,219,0,218781,2024-07-14,2024-07-15,Standard
977,20240714,22,1,4,400,374,0,298826,2024-07-14,2024-07-16,Standard
978,20240714,17,3,1,370,355,0,319145,2024-07-14,2024-07-20,Standard
979,20240714,35,18,1,220,212,0,84588,2024-07-14,2024-07-19,Expedited
980,20240714,16,3,2,160,160,0,143840,2024-07-14,2024-07-18,Expedited
981,20240715,17,13,3,75,66,0,164934,2024-07-15,2024-07-21,Expedited
982,20240715,9,16,4,233,233,0,232767,2024-07-15,2024-07-21,Standard
983,20240715,21,14,2,106,103,0,35947,2024-07-15,2024-07-16,Expedited
984,20240715,11,16,2,354,335,0,334665,2024-07-15,2024-07-18,Expedited
985,20240715,10,15,4,329,329,0,213521,2024-07-15,2024-07-18,Standard
986,20240716,25,7,2,365,335,0,56615,2024-07-16,2024-07-20,Expedited
987,20240716,28,20,2,336,302,0,241298,2024-07-16,2024-07-17,Expedited
988,20240716,32,13,3,257,242,0,604758,2024-07-16,2024-07-18,Standard
989,20240716,29,20,3,155,151,0,120649,2024-07-16,2024-07-20,Standard
990,20240716,5,2,4,93,84,0,75516,2024-07-16,2024-07-19,Expedited
991,20240717,15,7,1,471,469,0,79261,2024-07-17,2024-07-19,Standard
992,20240717,29,7,1,73,73,0,12337,2024-07-17,2024-07-21,Expedited
993,20240717,22,1,3,95,88,0,70312,2024-07-17,2024-07-21,Standard
994,20240717,13,10,1,359,359,0,430441,2024-07-17,2024-07-22,Expedited
995,20240717,28,9,3,271,271,0,148779,2024-07-17,2024-07-23,Standard
996,20240718,13,3,3,453,443,0,398257,2024-07-18,2024-07-22,Expedited
997,20240718,19,12,2,117,107,0,213893,2024-07-18,2024-07-22,Expedited
998,20240718,5,9,2,409,387,0,212463,2024-07-18,2024-07-21,Expedited
999,20240718,8,17,2,100,93,0,102207,2024-07-18,2024-07-24,Expedited
1000,20240718,34,8,3,194,194,0,48306,2024-07-18,2024-07-23,Standard
1001,20240719,14,2,1,376,376,0,338024,2024-07-19,2024-07-23,Expedited
1002,20240719,30,13,4,218,218,0,544782,2024-07-19,2024-07-25,Standard
1003,20240719,19,16,3,214,197,0,196803,2024-07-19,2024-07-24,Standard
1004,20240719,25,15,1,413,413,0,268037,2024-07-19,2024-07-22,Standard
1005,20240719,26,4,1,70,68,0,67932,2024-07-19,2024-07-23,Expedited
1006,20240720,32,3,3,168,148,0,133052,2024-07-20,2024-07-23,Standard
1007,20240720,19,1,2,460,460,1,367540,2024-07-20,2024-07-24,Expedited
1008,20240720,8,2,2,230,230,0,206770,2024-07-20,2024-07-22,Standard
1009,20240720,12,7,3,51,51,0,8619,2024-07-20,2024-07-21,Standard
1010,20240720,5,8,2,357,357,0,88893,2024-07-20,2024-07-23,Standard
1011,20240721,17,14,3,137,137,0,47813,2024-07-21,2024-07-26,Expedited
1012,20240721,33,1,1,429,398,0,318002,2024-07-21,2024-07-22,Expedited
1013,20240721,1,11,2,336,334,0,433866,2024-07-21,2024-07-24,Standard
1014,20240721,1,7,3,162,162,0,27378,2024-07-21,2024-07-22,Expedited
1015,20240721,9,13,2,293,271,0,677229,2024-07-21,2024-07-23,Standard
1016,20240722,23,9,4,303,303,1,166347,2024-07-22,2024-07-25,Standard
1017,20240722,15,12,1,274,274,0,547726,2024-07-22,2024-07-27,Expedited
1018,20240722,8,3,4,224,224,0,201376,2024-07-22,2024-07-25,Standard
1019,20240722,26,6,2,179,166,0,199034,2024-07-22,2024-07-26,Standard
1020,20240722,17,19,4,236,233,0,58017,2024-07-22,2024-07-26,Expedited
1021,20240723,34,18,3,195,195,0,77805,2024-07-23,2024-07-27,Expedited
1022,20240723,35,17,2,323,287,0,315413,2024-07-23,2024-07-24,Standard
1023,20240723,1,16,1,427,427,0,426573,2024-07-23,2024-07-28,Expedited
1024,20240723,20,15,2,165,153,0,99297,2024-07-23,2024-07-27,Expedited
1025,20240723,12,2,2,313,291,0,261609,2024-07-23,2024-07-24,Expedited
1026,20240724,14,4,2,222,200,0,199800,2024-07-24,2024-07-28,Standard
1027,20240724,18,16,3,323,323,0,322677,2024-07-24,2024-07-25,Expedited
1028,20240724,24,3,2,386,367,0,329933,2024-07-24,2024-07-30,Expedited
1029,20240724,31,20,4,57,57,0,45543,2024-07-24,2024-07-28,Expedited
1030,20240724,12,9,3,196,196,1,107604,2024-07-24,2024-07-30,Standard
1031,20240725,18,12,3,407,377,0,753623,2024-07-25,2024-07-31,Standard
1032,20240725,4,14,1,103,103,0,35947,2024-07-25,2024-07-28,Expedited
1033,20240725,13,19,4,213,194,0,48306,2024-07-25,2024-07-30,Standard
1034,20240725,19,5,2,349,341,0,340659,2024-07-25,2024-07-28,Standard
1035,20240725,7,10,2,278,270,0,323730,2024-07-25,2024-07-29,Expedited
1036,20240726,31,1,3,412,412,0,329188,2024-07-26,2024-07-29,Standard
1037,20240726,33,14,1,135,127,0,44323,2024-07-26,2024-07-27,Standard
1038,20240726,13,11,2,347,341,0,442959,2024-07-26,2024-08-01,Expedited
1039,20240726,10,15,4,293,272,0,176528,2024-07-26,2024-07-31,Expedited
1040,20240726,1,20,3,168,168,0,134232,2024-07-26,2024-07-30,Standard
1041,20240727,21,10,3,438,419,0,502381,2024-07-27,2024-08-02,Standard
1042,20240727,33,5,2,245,225,0,224775,2024-07-27,2024-07-30,Expedited
1043,20240727,15,16,2,465,465,0,464535,2024-07-27,2024-08-02,Expedited
1044,20240727,2,4,3,119,119,0,118881,2024-07-27,2024-08-01,Expedited
1045,20240727,14,15,3,292,292,0,189508,2024-07-27,2024-07-31,Expedited
1046,20240728,28,3,3,102,102,1,91698,2024-07-28,2024-08-03,Standard
1047,20240728,3,7,3,298,276,0,46644,2024-07-28,2024-08-03,Expedited
1048,20240728,27,3,2,352,352,0,316448,2024-07-28,2024-08-02,Expedited
1049,20240728,7,4,4,140,140,0,139860,2024-07-28,2024-08-01,Standard
1050,20240728,34,7,4,227,209,1,35321,2024-07-28,2024-08-02,Standard
1051,20240729,23,5,1,204,194,0,193806,2024-07-29,2024-08-04,Expedited
1052,20240729,34,16,1,255,227,0,226773,2024-07-29,2024-07-30,Standard
1053,20240729,25,11,3,467,425,0,552075,2024-07-29,2024-08-03,Expedited
1054,20240729,26,13,4,71,69,0,172431,2024-07-29,2024-07-31,Standard
1055,20240729,32,4,4,169,156,0,155844,2024-07-29,2024-07-31,Expedited
1056,20240730,33,4,2,378,378,0,377622,2024-07-30,2024-08-03,Expedited
1057,20240730,29,6,4,397,396,0,474804,2024-07-30,2024-07-31,Standard
1058,20240730,23,19,2,225,225,0,56025,2024-07-30,2024-07-31,Expedited
1059,20240730,23,1,4,279,262,0,209338,2024-07-30,2024-08-05,Standard
1060,20240730,22,11,4,131,130,0,168870,2024-07-30,2024-07-31,Standard
1061,20240731,12,2,2,381,381,0,342519,2024-07-31,2024-08-04,Standard
1062,20240731,32,5,2,404,404,0,403596,2024-07-31,2024-08-06,Expedited
1063,20240731,3,11,3,218,199,0,258501,2024-07-31,2024-08-02,Expedited
1064,20240731,29,2,2,280,280,0,251720,2024-07-31,2024-08-01,Expedited
1065,20240731,19,6,4,200,176,0,211024,2024-07-31,2024-08-03,Expedited
1066,20240801,18,1,4,437,394,0,314806,2024-08-01,2024-08-02,Expedited
1067,20240801,33,7,2,481,481,0,81289,2024-08-01,2024-08-06,Expedited
1068,20240801,5,5,2,479,424,0,423576,2024-08-01,2024-08-02,Standard
1069,20240801,8,1,3,334,301,0,240499,2024-08-01,2024-08-04,Standard
1070,20240801,32,16,1,316,283,0,282717,2024-08-01,2024-08-03,Expedited
1071,20240802,4,12,1,283,256,0,511744,2024-08-02,2024-08-05,Standard
1072,20240802,2,7,1,106,105,0,17745,2024-08-02,2024-08-06,Standard
1073,20240802,4,14,3,163,163,0,56887,2024-08-02,2024-08-05,Expedited
1074,20240802,27,10,1,129,129,0,154671,2024-08-02,2024-08-07,Standard
1075,20240802,31,9,1,198,198,0,108702,2024-08-02,2024-08-04,Standard
1076,20240803,16,10,2,90,88,0,105512,2024-08-03,2024-08-07,Standard
1077,20240803,22,16,2,478,463,0,462537,2024-08-03,2024-08-06,Standard
1078,20240803,30,5,4,93,93,0,92907,2024-08-03,2024-08-09,Expedited
1079,20240803,35,17,4,321,290,0,318710,2024-08-03,2024-08-08,Expedited
1080,20240803,26,5,1,243,228,0,227772,2024-08-03,2024-08-04,Expedited
1081,20240804,30,15,3,393,347,0,225203,2024-08-04,2024-08-05,Expedited
1082,20240804,12,15,1,497,450,0,292050,2024-08-04,2024-08-09,Standard
1083,20240804,35,12,2,283,255,0,509745,2024-08-04,2024-08-05,Expedited
1084,20240804,7,9,3,336,336,0,184464,2024-08-04,2024-08-05,Standard
1085,20240804,6,1,3,320,320,0,255680,2024-08-04,2024-08-10,Expedited
1086,20240805,34,10,4,338,338,0,405262,2024-08-05,2024-08-10,Standard
1087,20240805,22,19,3,184,184,0,45816,2024-08-05,2024-08-07,Standard
1088,20240805,20,15,3,315,280,1,181720,2024-08-05,2024-08-10,Standard
1089,20240805,17,17,3,92,92,0,101108,2024-08-05,2024-08-11,Expedited
1090,20240805,11,5,2,292,266,0,265734,2024-08-05,2024-08-09,Standard
1091,20240806,26,1,4,427,387,1,309213,2024-08-06,2024-08-08,Expedited
1092,20240806,18,1,2,138,130,0,103870,2024-08-06,2024-08-10,Standard
1093,20240806,19,3,4,396,396,0,356004,2024-08-06,2024-08-10,Expedited
1094,20240806,33,20,1,467,435,0,347565,2024-08-06,2024-08-10,Standard
1095,20240806,20,18,1,333,322,0,128478,2024-08-06,2024-08-11,Standard
1096,20240807,18,20,4,111,102,0,81498,2024-08-07,2024-08-09,Standard
1097,20240807,3,19,2,365,355,0,88395,2024-08-07,2024-08-11,Standard
1098,20240807,1,19,4,258,258,0,64242,2024-08-07,2024-08-08,Standard
1099,20240807,4,17,3,296,296,0,325304,2024-08-07,2024-08-08,Standard
1100,20240807,17,14,3,421,421,0,146929,2024-08-07,2024-08-11,Standard
1101,20240808,5,7,4,130,118,0,19942,2024-08-08,2024-08-12,Standard
1102,20240808,3,8,1,486,486,0,121014,2024-08-08,2024-08-11,Expedited
1103,20240808,25,14,3,479,459,0,160191,2024-08-08,2024-08-10,Standard
1104,20240808,4,17,1,328,312,0,342888,2024-08-08,2024-08-12,Expedited
1105,20240808,35,5,4,267,263,0,262737,2024-08-08,2024-08-12,Expedited
1106,20240809,13,5,4,175,175,0,174825,2024-08-09,2024-08-14,Standard
1107,20240809,18,20,4,92,90,0,71910,2024-08-09,2024-08-15,Expedited
1108,20240809,21,18,4,242,220,0,87780,2024-08-09,2024-08-14,Expedited
1109,20240809,28,18,3,402,402,0,160398,2024-08-09,2024-08-15,Standard
1110,20240809,2,6,3,128,128,0,153472,2024-08-09,2024-08-14,Expedited
1111,20240810,27,3,3,292,272,0,244528,2024-08-10,2024-08-14,Standard
1112,20240810,30,7,4,370,359,0,60671,2024-08-10,2024-08-15,Standard
1113,20240810,3,11,4,346,346,1,449454,2024-08-10,2024-08-16,Expedited
1114,20240810,28,11,4,399,399,0,518301,2024-08-10,2024-08-14,Expedited
1115,20240810,10,3,4,341,341,0,306559,2024-08-10,2024-08-12,Expedited
1116,20240811,34,6,3,229,229,0,274571,2024-08-11,2024-08-13,Expedited
1117,20240811,5,11,2,321,321,0,416979,2024-08-11,2024-08-12,Expedited
1118,20240811,5,5,3,423,418,0,417582,2024-08-11,2024-08-17,Standard
1119,20240811,22,17,4,80,80,0,87920,2024-08-11,2024-08-14,Standard
1120,20240811,17,10,1,54,51,0,61149,2024-08-11,2024-08-16,Expedited
1121,20240812,16,20,4,300,284,0,226916,2024-08-12,2024-08-18,Expedited
1122,20240812,31,20,1,103,102,0,81498,2024-08-12,2024-08-13,Expedited
1123,20240812,6,20,2,340,340,0,271660,2024-08-12,2024-08-18,Expedited
1124,20240812,22,14,3,394,394,0,137506,2024-08-12,2024-08-14,Standard
1125,20240812,4,20,1,483,483,0,385917,2024-08-12,2024-08-18,Standard
1126,20240813,8,11,1,159,152,0,197448,2024-08-13,2024-08-18,Standard
1127,20240813,17,19,2,207,183,0,45567,2024-08-13,2024-08-16,Standard
1128,20240813,14,13,4,248,248,0,619752,2024-08-13,2024-08-16,Expedited
1129,20240813,21,5,4,365,325,0,324675,2024-08-13,2024-08-16,Standard
1130,20240813,18,16,1,498,469,0,468531,2024-08-13,2024-08-17,Expedited
1131,20240814,27,9,1,429,379,0,208071,2024-08-14,2024-08-17,Standard
1132,20240814,26,4,3,107,107,0,106893,2024-08-14,2024-08-20,Expedited
1133,20240814,8,2,3,238,227,0,204073,2024-08-14,2024-08-18,Standard
1134,20240814,4,12,2,373,349,0,697651,2024-08-14,2024-08-17,Standard
1135,20240814,13,2,2,69,69,0,62031,2024-08-14,2024-08-15,Expedited
1136,20240815,3,12,3,365,365,1,729635,2024-08-15,2024-08-19,Standard
1137,20240815,31,8,1,482,442,0,110058,2024-08-15,2024-08-16,Standard
1138,20240815,17,20,4,131,117,0,93483,2024-08-15,2024-08-18,Standard
1139,20240815,33,18,4,451,451,0,179949,2024-08-15,2024-08-16,Expedited
1140,20240815,10,1,4,372,357,0,285243,2024-08-15,2024-08-18,Expedited
1141,20240816,2,13,3,388,356,1,889644,2024-08-16,2024-08-18,Standard
1142,20240816,28,16,2,141,141,0,140859,2024-08-16,2024-08-20,Standard
1143,20240816,16,6,4,302,302,0,362098,2024-08-16,2024-08-20,Expedited
1144,20240816,34,20,4,414,414,0,330786,2024-08-16,2024-08-18,Standard
1145,20240816,25,3,1,328,328,0,294872,2024-08-16,2024-08-19,Standard
1146,20240817,15,7,4,428,428,0,72332,2024-08-17,2024-08-21,Standard
1147,20240817,9,9,3,327,327,0,179523,2024-08-17,2024-08-22,Expedited
1148,20240817,20,12,2,429,429,0,857571,2024-08-17,2024-08-21,Standard
1149,20240817,33,4,1,355,334,0,333666,2024-08-17,2024-08-20,Expedited
1150,20240817,18,7,1,115,104,0,17576,2024-08-17,2024-08-18,Expedited
1151,20240818,20,13,2,93,93,0,232407,2024-08-18,2024-08-22,Standard
1152,20240818,22,9,1,128,128,0,70272,2024-08-18,2024-08-21,Standard
1153,20240818,17,1,4,409,409,0,326791,2024-08-18,2024-08-19,Expedited
1154,20240818,25,13,1,317,317,0,792183,2024-08-18,2024-08-20,Expedited
1155,20240818,20,20,3,91,91,0,72709,2024-08-18,2024-08-20,Expedited
1156,20240819,5,20,4,212,205,0,163795,2024-08-19,2024-08-25,Standard
1157,20240819,24,18,3,488,488,0,194712,2024-08-19,2024-08-20,Expedited
1158,20240819,30,6,1,74,65,0,77935,2024-08-19,2024-08-22,Expedited
1159,20240819,24,9,1,482,474,0,260226,2024-08-19,2024-08-24,Standard
1160,20240819,4,13,1,281,267,0,667233,2024-08-19,2024-08-21,Standard
1161,20240820,32,1,2,441,427,0,341173,2024-08-20,2024-08-23,Expedited
1162,20240820,20,10,3,160,160,0,191840,2024-08-20,2024-08-25,Expedited
1163,20240820,9,7,4,112,102,0,17238,2024-08-20,2024-08-26,Expedited
1164,20240820,29,17,4,288,288,0,316512,2024-08-20,2024-08-21,Expedited
1165,20240820,30,13,2,281,281,0,702219,2024-08-20,2024-08-22,Expedited
1166,20240821,12,19,4,403,389,0,96861,2024-08-21,2024-08-24,Standard
1167,20240821,20,3,1,269,266,0,239134,2024-08-21,2024-08-22,Standard
1168,20240821,14,7,4,441,435,0,73515,2024-08-21,2024-08-22,Expedited
1169,20240821,5,1,2,475,429,0,342771,2024-08-21,2024-08-23,Expedited
1170,20240821,19,19,1,307,307,0,76443,2024-08-21,2024-08-23,Expedited
1171,20240822,4,18,3,341,338,0,134862,2024-08-22,2024-08-23,Expedited
1172,20240822,14,8,2,394,381,0,94869,2024-08-22,2024-08-23,Standard
1173,20240822,12,20,2,105,97,0,77503,2024-08-22,2024-08-23,Expedited
1174,20240822,28,20,2,283,269,0,214931,2024-08-22,2024-08-26,Expedited
1175,20240822,24,5,4,327,310,0,309690,2024-08-22,2024-08-26,Expedited
1176,20240823,19,5,2,64,60,0,59940,2024-08-23,2024-08-26,Standard
1177,20240823,3,20,2,369,369,0,294831,2024-08-23,2024-08-25,Standard
1178,20240823,28,10,4,432,386,0,462814,2024-08-23,2024-08-24,Standard
1179,20240823,5,17,2,64,64,1,70336,2024-08-23,2024-08-25,Expedited
1180,20240823,32,12,2,397,397,0,793603,2024-08-23,2024-08-26,Expedited
1181,20240824,4,19,2,493,493,0,122757,2024-08-24,2024-08-29,Standard
1182,20240824,17,4,4,309,290,0,289710,2024-08-24,2024-08-29,Standard
1183,20240824,12,7,2,491,458,0,77402,2024-08-24,2024-08-25,Expedited
1184,20240824,16,15,2,62,55,1,35695,2024-08-24,2024-08-29,Expedited
1185,20240824,21,2,4,494,494,1,444106,2024-08-24,2024-08-30,Standard
1186,20240825,8,4,4,82,82,0,81918,2024-08-25,2024-08-30,Expedited
1187,20240825,23,18,3,229,229,0,91371,2024-08-25,2024-08-29,Expedited
1188,20240825,2,18,3,227,227,0,90573,2024-08-25,2024-08-26,Standard
1189,20240825,27,8,1,209,208,0,51792,2024-08-25,2024-08-31,Expedited
1190,20240825,18,20,1,129,129,1,103071,2024-08-25,2024-08-28,Expedited
1191,20240826,7,9,4,241,237,0,130113,2024-08-26,2024-08-31,Expedited
1192,20240826,3,9,4,292,259,0,142191,2024-08-26,2024-08-29,Standard
1193,20240826,21,14,1,109,104,0,36296,2024-08-26,2024-08-31,Expedited
1194,20240826,4,2,3,360,360,0,323640,2024-08-26,2024-08-30,Expedited
1195,20240826,15,5,3,161,161,0,160839,2024-08-26,2024-08-27,Standard
1196,20240827,3,9,1,81,81,0,44469,2024-08-27,2024-09-01,Standard
1197,20240827,13,8,4,79,79,0,19671,2024-08-27,2024-08-30,Expedited
1198,20240827,7,7,4,153,140,0,23660,2024-08-27,2024-09-01,Standard
1199,20240827,34,3,3,310,303,1,272397,2024-08-27,2024-08-31,Expedited
1200,20240827,18,6,4,181,181,1,217019,2024-08-27,2024-09-01,Standard
1201,20240828,13,2,3,404,404,0,363196,2024-08-28,2024-08-31,Standard
1202,20240828,17,9,4,325,323,0,177327,2024-08-28,2024-08-31,Expedited
1203,20240828,24,20,4,305,280,0,223720,2024-08-28,2024-09-02,Expedited
1204,20240828,17,11,2,84,84,0,109116,2024-08-28,2024-09-02,Expedited
1205,20240828,33,19,2,421,409,0,101841,2024-08-28,2024-08-29,Expedited
1206,20240829,13,7,3,250,248,0,41912,2024-08-29,2024-09-04,Standard
1207,20240829,19,12,2,223,222,0,443778,2024-08-29,2024-09-04,Expedited
1208,20240829,7,19,3,378,378,0,94122,2024-08-29,2024-08-31,Expedited
1209,20240829,1,3,4,93,88,0,79112,2024-08-29,2024-09-02,Expedited
1210,20240829,31,1,4,451,451,0,360349,2024-08-29,2024-08-30,Expedited
1211,20240830,31,7,3,256,235,0,39715,2024-08-30,2024-09-03,Standard
1212,20240830,23,11,3,403,358,0,465042,2024-08-30,2024-09-02,Standard
1213,20240830,4,14,4,424,377,0,131573,2024-08-30,2024-09-01,Expedited
1214,20240830,31,19,1,266,242,0,60258,2024-08-30,2024-08-31,Expedited
1215,20240830,3,18,1,156,156,0,62244,2024-08-30,2024-09-03,Expedited
1216,20240831,30,19,2,139,134,0,33366,2024-08-31,2024-09-01,Standard
1217,20240831,13,6,3,383,383,0,459217,2024-08-31,2024-09-02,Standard
1218,20240831,21,7,2,266,254,0,42926,2024-08-31,2024-09-01,Expedited
1219,20240831,26,17,2,205,195,0,214305,2024-08-31,2024-09-03,Expedited
1220,20240831,10,14,4,322,322,0,112378,2024-08-31,2024-09-04,Expedited
1221,20240901,20,15,1,219,218,0,141482,2024-09-01,2024-09-03,Expedited
1222,20240901,31,9,2,295,286,0,157014,2024-09-01,2024-09-06,Standard
1223,20240901,34,15,2,58,52,0,33748,2024-09-01,2024-09-02,Expedited
1224,20240901,20,14,1,307,307,0,107143,2024-09-01,2024-09-04,Expedited
1225,20240901,24,20,2,325,325,0,259675,2024-09-01,2024-09-06,Standard
1226,20240902,6,15,3,359,359,0,232991,2024-09-02,2024-09-03,Expedited
1227,20240902,2,20,2,411,411,0,328389,2024-09-02,2024-09-05,Standard
1228,20240902,23,19,3,126,126,0,31374,2024-09-02,2024-09-07,Standard
1229,20240902,17,5,1,134,128,0,127872,2024-09-02,2024-09-05,Expedited
1230,20240902,34,6,1,418,416,0,498784,2024-09-02,2024-09-04,Expedited
1231,20240903,28,9,1,99,95,0,52155,2024-09-03,2024-09-08,Standard
1232,20240903,17,11,1,456,456,0,592344,2024-09-03,2024-09-05,Expedited
1233,20240903,6,4,1,183,169,1,168831,2024-09-03,2024-09-08,Expedited
1234,20240903,9,17,3,108,102,0,112098,2024-09-03,2024-09-09,Expedited
1235,20240903,33,20,2,116,104,0,83096,2024-09-03,2024-09-06,Standard
1236,20240904,21,19,4,434,432,0,107568,2024-09-04,2024-09-10,Expedited
1237,20240904,3,14,4,353,353,0,123197,2024-09-04,2024-09-05,Standard
1238,20240904,21,14,3,333,295,0,102955,2024-09-04,2024-09-10,Standard
1239,20240904,34,1,4,331,331,0,264469,2024-09-04,2024-09-09,Standard
1240,20240904,4,5,4,116,116,0,115884,2024-09-04,2024-09-06,Expedited
1241,20240905,1,17,1,101,92,0,101108,2024-09-05,2024-09-08,Standard
1242,20240905,11,12,4,467,462,0,923538,2024-09-05,2024-09-11,Expedited
1243,20240905,24,14,1,96,88,0,30712,2024-09-05,2024-09-09,Expedited
1244,20240905,18,19,3,360,326,0,81174,2024-09-05,2024-09-10,Standard
1245,20240905,34,2,3,391,363,0,326337,2024-09-05,2024-09-06,Expedited
1246,20240906,35,17,2,203,203,0,223097,2024-09-06,2024-09-10,Standard
1247,20240906,27,11,4,455,436,0,566364,2024-09-06,2024-09-08,Expedited
1248,20240906,8,15,1,430,425,1,275825,2024-09-06,2024-09-11,Expedited
1249,20240906,18,3,4,219,219,1,196881,2024-09-06,2024-09-07,Expedited
1250,20240906,28,17,2,128,128,0,140672,2024-09-06,2024-09-10,Expedited
1251,20240907,24,2,4,300,273,0,245427,2024-09-07,2024-09-13,Standard
1252,20240907,19,13,3,436,387,0,967113,2024-09-07,2024-09-11,Standard
1253,20240907,19,2,1,221,195,0,175305,2024-09-07,2024-09-11,Expedited
1254,20240907,22,8,3,199,199,0,49551,2024-09-07,2024-09-09,Standard
1255,20240907,16,4,2,322,320,0,319680,2024-09-07,2024-09-08,Expedited
1256,20240908,20,3,3,338,329,1,295771,2024-09-08,2024-09-11,Standard
1257,20240908,9,2,2,464,464,0,417136,2024-09-08,2024-09-09,Standard
1258,20240908,17,9,2,495,438,0,240462,2024-09-08,2024-09-13,Standard
1259,20240908,24,7,4,286,286,0,48334,2024-09-08,2024-09-14,Expedited
1260,20240908,9,4,1,139,139,0,138861,2024-09-08,2024-09-14,Expedited
1261,20240909,26,15,2,419,419,0,271931,2024-09-09,2024-09-10,Expedited
1262,20240909,10,15,3,407,407,0,264143,2024-09-09,2024-09-14,Expedited
1263,20240909,35,12,3,465,426,0,851574,2024-09-09,2024-09-13,Standard
1264,20240909,5,3,4,92,88,1,79112,2024-09-09,2024-09-11,Standard
1265,20240909,23,11,4,436,436,0,566364,2024-09-09,2024-09-12,Expedited
1266,20240910,7,4,2,131,131,0,130869,2024-09-10,2024-09-13,Standard
1267,20240910,15,10,2,93,89,1,106711,2024-09-10,2024-09-16,Standard
1268,20240910,2,20,1,462,461,1,368339,2024-09-10,2024-09-15,Standard
1269,20240910,34,16,3,399,399,0,398601,2024-09-10,2024-09-16,Expedited
1270,20240910,7,6,3,70,69,1,82731,2024-09-10,2024-09-12,Standard
1271,20240911,17,7,1,211,206,0,34814,2024-09-11,2024-09-14,Standard
1272,20240911,16,5,4,200,193,0,192807,2024-09-11,2024-09-13,Expedited
1273,20240911,21,7,1,283,283,0,47827,2024-09-11,2024-09-17,Standard
1274,20240911,7,17,3,346,346,0,380254,2024-09-11,2024-09-12,Standard
1275,20240911,8,14,1,396,396,0,138204,2024-09-11,2024-09-13,Expedited
1276,20240912,6,16,1,94,86,0,85914,2024-09-12,2024-09-14,Standard
1277,20240912,3,2,1,283,283,0,254417,2024-09-12,2024-09-16,Expedited
1278,20240912,14,15,1,340,329,0,213521,2024-09-12,2024-09-13,Expedited
1279,20240912,18,13,3,218,209,0,522291,2024-09-12,2024-09-18,Expedited
1280,20240912,26,19,2,427,421,1,104829,2024-09-12,2024-09-14,Expedited
1281,20240913,14,20,2,280,280,0,223720,2024-09-13,2024-09-16,Standard
1282,20240913,33,19,3,101,97,0,24153,2024-09-13,2024-09-18,Expedited
1283,20240913,13,10,1,401,392,0,470008,2024-09-13,2024-09-14,Expedited
1284,20240913,22,5,2,66,66,0,65934,2024-09-13,2024-09-14,Expedited
1285,20240913,30,9,1,99,94,0,51606,2024-09-13,2024-09-16,Expedited
1286,20240914,2,11,2,476,457,0,593643,2024-09-14,2024-09-16,Standard
1287,20240914,29,17,3,283,279,0,306621,2024-09-14,2024-09-17,Expedited
1288,20240914,6,2,1,81,81,0,72819,2024-09-14,2024-09-17,Standard
1289,20240914,4,4,3,223,205,1,204795,2024-09-14,2024-09-17,Standard
1290,20240914,14,17,3,70,69,0,75831,2024-09-14,2024-09-17,Expedited
1291,20240915,19,12,1,129,114,0,227886,2024-09-15,2024-09-17,Standard
1292,20240915,8,19,1,335,335,0,83415,2024-09-15,2024-09-19,Standard
1293,20240915,14,1,1,264,264,0,210936,2024-09-15,2024-09-21,Expedited
1294,20240915,28,4,4,364,364,0,363636,2024-09-15,2024-09-20,Expedited
1295,20240915,4,9,2,232,232,0,127368,2024-09-15,2024-09-18,Standard
1296,20240916,12,3,1,403,365,0,328135,2024-09-16,2024-09-20,Expedited
1297,20240916,11,12,4,227,227,0,453773,2024-09-16,2024-09-20,Expedited
1298,20240916,6,18,1,305,305,0,121695,2024-09-16,2024-09-20,Expedited
1299,20240916,32,7,4,295,295,0,49855,2024-09-16,2024-09-17,Standard
1300,20240916,23,18,1,333,319,0,127281,2024-09-16,2024-09-18,Expedited
1301,20240917,9,19,2,313,282,0,70218,2024-09-17,2024-09-20,Expedited
1302,20240917,12,3,4,462,441,0,396459,2024-09-17,2024-09-18,Expedited
1303,20240917,15,14,1,427,418,0,145882,2024-09-17,2024-09-23,Expedited
1304,20240917,25,15,4,230,230,0,149270,2024-09-17,2024-09-20,Expedited
1305,20240917,12,7,4,483,479,0,80951,2024-09-17,2024-09-21,Standard
1306,20240918,1,5,3,159,159,0,158841,2024-09-18,2024-09-24,Expedited
1307,20240918,6,4,1,359,359,0,358641,2024-09-18,2024-09-22,Expedited
1308,20240918,34,20,2,471,437,0,349163,2024-09-18,2024-09-23,Standard
1309,20240918,28,16,3,364,364,1,363636,2024-09-18,2024-09-21,Expedited
1310,20240918,13,3,3,188,165,0,148335,2024-09-18,2024-09-24,Expedited
1311,20240919,10,20,3,391,371,0,296429,2024-09-19,2024-09-22,Expedited
1312,20240919,12,13,4,253,253,0,632247,2024-09-19,2024-09-24,Expedited
1313,20240919,24,4,4,193,193,0,192807,2024-09-19,2024-09-20,Standard
1314,20240919,27,4,4,149,142,0,141858,2024-09-19,2024-09-21,Standard
1315,20240919,6,19,2,300,292,0,72708,2024-09-19,2024-09-20,Expedited
1316,20240920,8,17,1,452,452,0,496748,2024-09-20,2024-09-25,Expedited
1317,20240920,33,10,3,359,359,0,430441,2024-09-20,2024-09-21,Expedited
1318,20240920,1,4,2,151,151,0,150849,2024-09-20,2024-09-23,Standard
1319,20240920,9,11,4,233,213,0,276687,2024-09-20,2024-09-23,Standard
1320,20240920,30,18,4,253,233,1,92967,2024-09-20,2024-09-25,Standard
1321,20240921,4,10,3,292,273,0,327327,2024-09-21,2024-09-25,Standard
1322,20240921,20,8,3,466,449,1,111801,2024-09-21,2024-09-22,Standard
1323,20240921,18,3,4,329,329,0,295771,2024-09-21,2024-09-26,Standard
1324,20240921,29,5,4,81,74,0,73926,2024-09-21,2024-09-27,Expedited
1325,20240921,15,16,3,208,184,1,183816,2024-09-21,2024-09-27,Expedited
1326,20240922,21,19,4,449,404,0,100596,2024-09-22,2024-09-27,Standard
1327,20240922,2,9,3,444,444,0,243756,2024-09-22,2024-09-24,Standard
1328,20240922,17,4,1,239,212,0,211788,2024-09-22,2024-09-26,Expedited
1329,20240922,33,8,1,228,201,0,50049,2024-09-22,2024-09-28,Expedited
1330,20240922,6,9,3,416,416,0,228384,2024-09-22,2024-09-25,Expedited
1331,20240923,25,4,3,418,418,0,417582,2024-09-23,2024-09-27,Expedited
1332,20240923,1,17,1,426,421,0,462679,2024-09-23,2024-09-28,Expedited
1333,20240923,25,19,4,353,353,0,87897,2024-09-23,2024-09-27,Expedited
1334,20240923,31,1,1,110,110,0,87890,2024-09-23,2024-09-25,Expedited
1335,20240923,1,13,2,72,64,0,159936,2024-09-23,2024-09-24,Expedited
1336,20240924,33,12,4,397,374,0,747626,2024-09-24,2024-09-25,Standard
1337,20240924,18,6,3,114,114,0,136686,2024-09-24,2024-09-25,Standard
1338,20240924,27,12,3,211,203,1,405797,2024-09-24,2024-09-30,Standard
1339,20240924,4,8,4,479,440,0,109560,2024-09-24,2024-09-28,Standard
1340,20240924,15,19,1,106,106,0,26394,2024-09-24,2024-09-29,Expedited
1341,20240925,12,7,2,76,67,0,11323,2024-09-25,2024-09-27,Expedited
1342,20240925,32,10,4,170,170,0,203830,2024-09-25,2024-09-26,Expedited
1343,20240925,10,12,4,88,88,0,175912,2024-09-25,2024-09-26,Expedited
1344,20240925,32,18,2,261,261,0,104139,2024-09-25,2024-09-28,Expedited
1345,20240925,30,9,3,216,213,0,116937,2024-09-25,2024-09-26,Expedited
1346,20240926,10,5,4,292,292,0,291708,2024-09-26,2024-09-27,Standard
1347,20240926,15,20,4,489,489,0,390711,2024-09-26,2024-09-28,Standard
1348,20240926,22,13,3,108,102,0,254898,2024-09-26,2024-09-30,Expedited
1349,20240926,35,5,4,302,302,0,301698,2024-09-26,2024-09-30,Standard
1350,20240926,29,2,2,76,76,0,68324,2024-09-26,2024-10-01,Expedited
1351,20240927,15,4,1,449,420,1,419580,2024-09-27,2024-10-02,Standard
1352,20240927,20,3,4,376,376,0,338024,2024-09-27,2024-10-01,Expedited
1353,20240927,12,4,3,446,424,0,423576,2024-09-27,2024-09-28,Standard
1354,20240927,20,18,4,302,302,0,120498,2024-09-27,2024-09-28,Standard
1355,20240927,18,15,3,466,438,0,284262,2024-09-27,2024-09-29,Expedited
1356,20240928,6,1,3,265,250,0,199750,2024-09-28,2024-09-29,Expedited
1357,20240928,19,8,4,72,66,0,16434,2024-09-28,2024-10-03,Expedited
1358,20240928,1,5,1,132,119,0,118881,2024-09-28,2024-10-03,Expedited
1359,20240928,12,13,4,393,386,0,964614,2024-09-28,2024-10-01,Expedited
1360,20240928,6,6,3,361,361,0,432839,2024-09-28,2024-10-03,Expedited
1361,20240929,14,3,3,220,209,0,187891,2024-09-29,2024-10-04,Standard
1362,20240929,20,5,1,360,329,1,328671,2024-09-29,2024-10-01,Expedited
1363,20240929,6,5,2,370,370,0,369630,2024-09-29,2024-10-04,Expedited
1364,20240929,24,8,2,263,252,0,62748,2024-09-29,2024-10-05,Standard
1365,20240929,13,12,3,363,322,0,643678,2024-09-29,2024-10-05,Standard
1366,20240930,5,14,4,266,255,0,88995,2024-09-30,2024-10-05,Standard
1367,20240930,9,4,1,256,256,0,255744,2024-09-30,2024-10-02,Expedited
1368,20240930,5,17,3,271,271,0,297829,2024-09-30,2024-10-02,Expedited
1369,20240930,12,5,2,409,366,0,365634,2024-09-30,2024-10-01,Standard
1370,20240930,1,15,1,186,178,0,115522,2024-09-30,2024-10-03,Expedited
1371,20241001,3,16,4,195,195,0,194805,2024-10-01,2024-10-05,Expedited
1372,20241001,14,17,3,234,234,0,257166,2024-10-01,2024-10-05,Expedited
1373,20241001,29,12,3,186,164,0,327836,2024-10-01,2024-10-07,Standard
1374,20241001,18,5,4,444,439,0,438561,2024-10-01,2024-10-05,Expedited
1375,20241001,9,2,1,181,172,0,154628,2024-10-01,2024-10-04,Expedited
1376,20241002,29,7,1,237,235,0,39715,2024-10-02,2024-10-06,Standard
1377,20241002,28,9,4,137,137,0,75213,2024-10-02,2024-10-04,Standard
1378,20241002,23,5,4,467,464,0,463536,2024-10-02,2024-10-04,Standard
1379,20241002,32,5,2,431,407,0,406593,2024-10-02,2024-10-03,Standard
1380,20241002,15,20,2,315,289,0,230911,2024-10-02,2024-10-05,Expedited
1381,20241003,10,20,3,234,234,0,186966,2024-10-03,2024-10-08,Standard
1382,20241003,10,18,1,278,251,0,100149,2024-10-03,2024-10-09,Standard
1383,20241003,13,13,1,481,481,0,1202019,2024-10-03,2024-10-04,Standard
1384,20241003,11,20,3,298,298,0,238102,2024-10-03,2024-10-05,Expedited
1385,20241003,5,5,4,69,69,0,68931,2024-10-03,2024-10-08,Standard
1386,20241004,25,2,4,394,394,0,354206,2024-10-04,2024-10-08,Expedited
1387,20241004,1,14,2,73,70,0,24430,2024-10-04,2024-10-08,Standard
1388,20241004,13,19,1,356,329,0,81921,2024-10-04,2024-10-10,Standard
1389,20241004,17,9,1,132,123,0,67527,2024-10-04,2024-10-08,Expedited
1390,20241004,15,19,3,438,407,1,101343,2024-10-04,2024-10-08,Standard
1391,20241005,28,17,3,224,224,0,246176,2024-10-05,2024-10-11,Standard
1392,20241005,32,1,4,60,60,1,47940,2024-10-05,2024-10-11,Expedited
1393,20241005,25,2,1,210,206,0,185194,2024-10-05,2024-10-10,Expedited
1394,20241005,34,19,4,53,46,0,11454,2024-10-05,2024-10-11,Expedited
1395,20241005,34,1,4,208,201,1,160599,2024-10-05,2024-10-10,Standard
1396,20241006,1,2,2,314,314,0,282286,2024-10-06,2024-10-09,Standard
1397,20241006,10,6,2,432,408,0,489192,2024-10-06,2024-10-08,Expedited
1398,20241006,20,14,2,52,52,0,18148,2024-10-06,2024-10-12,Standard
1399,20241006,6,14,4,337,337,0,117613,2024-10-06,2024-10-11,Expedited
1400,20241006,20,16,1,319,298,0,297702,2024-10-06,2024-10-07,Standard
1401,20241007,29,9,4,91,87,0,47763,2024-10-07,2024-10-11,Standard
1402,20241007,10,20,2,474,454,0,362746,2024-10-07,2024-10-11,Standard
1403,20241007,5,9,3,431,391,0,214659,2024-10-07,2024-10-12,Expedited
1404,20241007,35,4,1,274,269,0,268731,2024-10-07,2024-10-11,Standard
1405,20241007,32,17,4,158,148,0,162652,2024-10-07,2024-10-11,Standard
1406,20241008,4,12,3,133,133,0,265867,2024-10-08,2024-10-14,Expedited
1407,20241008,8,9,2,55,55,0,30195,2024-10-08,2024-10-12,Standard
1408,20241008,27,7,2,73,73,0,12337,2024-10-08,2024-10-10,Standard
1409,20241008,7,12,3,377,377,0,753623,2024-10-08,2024-10-14,Expedited
1410,20241008,7,10,2,280,280,0,335720,2024-10-08,2024-10-13,Expedited
1411,20241009,8,17,3,97,90,0,98910,2024-10-09,2024-10-13,Expedited
1412,20241009,2,20,3,262,235,0,187765,2024-10-09,2024-10-11,Standard
1413,20241009,26,6,4,74,66,0,79134,2024-10-09,2024-10-10,Standard
1414,20241009,2,17,3,109,109,0,119791,2024-10-09,2024-10-10,Expedited
1415,20241009,22,16,4,358,340,0,339660,2024-10-09,2024-10-10,Standard
1416,20241010,35,19,3,224,221,0,55029,2024-10-10,2024-10-16,Standard
1417,20241010,27,1,4,271,248,0,198152,2024-10-10,2024-10-11,Expedited
1418,20241010,12,4,2,244,228,0,227772,2024-10-10,2024-10-11,Standard
1419,20241010,5,2,2,380,380,0,341620,2024-10-10,2024-10-15,Standard
1420,20241010,9,10,2,399,399,0,478401,2024-10-10,2024-10-16,Expedited
1421,20241011,30,10,1,499,473,0,567127,2024-10-11,2024-10-12,Expedited
1422,20241011,27,15,3,326,308,0,199892,2024-10-11,2024-10-15,Expedited
1423,20241011,1,11,1,339,320,0,415680,2024-10-11,2024-10-15,Expedited
1424,20241011,13,9,1,471,471,1,258579,2024-10-11,2024-10-15,Standard
1425,20241011,6,9,4,206,206,0,113094,2024-10-11,2024-10-17,Standard
1426,20241012,17,2,1,452,410,0,368590,2024-10-12,2024-10-17,Standard
1427,20241012,28,8,1,59,57,0,14193,2024-10-12,2024-10-18,Standard
1428,20241012,20,7,3,145,131,0,22139,2024-10-12,2024-10-18,Standard
1429,20241012,27,18,2,61,61,0,24339,2024-10-12,2024-10-17,Expedited
1430,20241012,33,3,2,140,140,0,125860,2024-10-12,2024-10-14,Expedited
1431,20241013,21,5,3,395,395,0,394605,2024-10-13,2024-10-16,Expedited
1432,20241013,22,1,1,293,276,0,220524,2024-10-13,2024-10-19,Standard
1433,20241013,11,11,4,173,173,0,224727,2024-10-13,2024-10-17,Expedited
1434,20241013,19,9,4,320,320,0,175680,2024-10-13,2024-10-19,Standard
1435,20241013,31,15,4,87,87,0,56463,2024-10-13,2024-10-16,Expedited
1436,20241014,10,15,2,137,131,0,85019,2024-10-14,2024-10-17,Standard
1437,20241014,5,11,2,152,152,0,197448,2024-10-14,2024-10-19,Standard
1438,20241014,30,16,1,468,468,0,467532,2024-10-14,2024-10-19,Expedited
1439,20241014,12,4,1,140,136,1,135864,2024-10-14,2024-10-20,Expedited
1440,20241014,28,4,4,116,113,0,112887,2024-10-14,2024-10-15,Expedited
1441,20241015,32,16,3,416,380,0,379620,2024-10-15,2024-10-17,Expedited
1442,20241015,6,16,2,420,377,0,376623,2024-10-15,2024-10-21,Expedited
1443,20241015,8,17,2,64,63,0,69237,2024-10-15,2024-10-20,Standard
1444,20241015,5,18,2,400,369,0,147231,2024-10-15,2024-10-18,Expedited
1445,20241015,5,16,3,126,126,0,125874,2024-10-15,2024-10-17,Standard
1446,20241016,7,18,2,57,56,0,22344,2024-10-16,2024-10-18,Expedited
1447,20241016,11,20,2,270,270,0,215730,2024-10-16,2024-10-18,Expedited
1448,20241016,28,19,1,76,76,0,18924,2024-10-16,2024-10-20,Expedited
1449,20241016,34,16,4,352,352,0,351648,2024-10-16,2024-10-22,Expedited
1450,20241016,27,16,1,202,182,0,181818,2024-10-16,2024-10-20,Expedited
1451,20241017,16,15,2,254,247,1,160303,2024-10-17,2024-10-18,Expedited
1452,20241017,2,1,3,168,149,0,119051,2024-10-17,2024-10-22,Standard
1453,20241017,9,14,2,71,66,0,23034,2024-10-17,2024-10-22,Standard
1454,20241017,28,20,3,459,437,0,349163,2024-10-17,2024-10-18,Standard
1455,20241017,34,10,3,143,143,0,171457,2024-10-17,2024-10-18,Standard
1456,20241018,30,11,2,326,307,0,398793,2024-10-18,2024-10-21,Standard
1457,20241018,12,5,2,93,84,0,83916,2024-10-18,2024-10-20,Expedited
1458,20241018,24,14,4,293,293,0,102257,2024-10-18,2024-10-22,Expedited
1459,20241018,33,18,3,258,247,0,98553,2024-10-18,2024-10-19,Standard
1460,20241018,31,11,4,267,267,0,346833,2024-10-18,2024-10-20,Expedited
1461,20241019,27,1,2,56,54,0,43146,2024-10-19,2024-10-22,Expedited
1462,20241019,34,11,3,229,223,0,289677,2024-10-19,2024-10-24,Standard
1463,20241019,28,20,2,139,139,0,111061,2024-10-19,2024-10-21,Expedited
1464,20241019,34,2,1,494,494,0,444106,2024-10-19,2024-10-21,Standard
1465,20241019,30,19,3,257,257,0,63993,2024-10-19,2024-10-25,Expedited
1466,20241020,11,10,3,393,375,0,449625,2024-10-20,2024-10-21,Standard
1467,20241020,1,12,2,309,281,0,561719,2024-10-20,2024-10-25,Expedited
1468,20241020,10,4,2,378,352,0,351648,2024-10-20,2024-10-24,Standard
1469,20241020,12,19,2,452,437,0,108813,2024-10-20,2024-10-24,Standard
1470,20241020,30,6,1,367,339,0,406461,2024-10-20,2024-10-26,Expedited
1471,20241021,30,5,2,144,136,0,135864,2024-10-21,2024-10-22,Standard
1472,20241021,15,13,1,404,369,0,922131,2024-10-21,2024-10-26,Standard
1473,20241021,8,10,3,371,371,0,444829,2024-10-21,2024-10-23,Standard
1474,20241021,9,10,4,116,112,0,134288,2024-10-21,2024-10-26,Standard
1475,20241021,10,2,4,485,485,0,436015,2024-10-21,2024-10-25,Standard
1476,20241022,12,17,3,153,153,0,168147,2024-10-22,2024-10-28,Standard
1477,20241022,26,2,3,207,192,0,172608,2024-10-22,2024-10-26,Standard
1478,20241022,9,6,1,214,210,0,251790,2024-10-22,2024-10-26,Expedited
1479,20241022,18,17,2,110,97,0,106603,2024-10-22,2024-10-23,Expedited
1480,20241022,24,10,1,88,88,0,105512,2024-10-22,2024-10-28,Expedited
1481,20241023,23,17,2,276,267,0,293433,2024-10-23,2024-10-25,Expedited
1482,20241023,3,14,3,184,184,0,64216,2024-10-23,2024-10-28,Standard
1483,20241023,26,7,1,382,351,0,59319,2024-10-23,2024-10-28,Expedited
1484,20241023,17,20,2,124,120,0,95880,2024-10-23,2024-10-29,Expedited
1485,20241023,2,9,2,231,229,0,125721,2024-10-23,2024-10-27,Standard
1486,20241024,15,17,4,294,278,0,305522,2024-10-24,2024-10-28,Standard
1487,20241024,19,2,1,191,179,0,160921,2024-10-24,2024-10-25,Standard
1488,20241024,22,17,2,131,122,0,134078,2024-10-24,2024-10-30,Standard
1489,20241024,32,17,4,289,289,0,317611,2024-10-24,2024-10-29,Expedited
1490,20241024,34,12,4,55,53,0,105947,2024-10-24,2024-10-25,Expedited
1491,20241025,29,7,4,217,217,0,36673,2024-10-25,2024-10-27,Standard
1492,20241025,23,6,4,323,319,0,382481,2024-10-25,2024-10-26,Standard
1493,20241025,21,11,1,166,163,0,211737,2024-10-25,2024-10-30,Standard
1494,20241025,35,1,1,226,226,0,180574,2024-10-25,2024-10-28,Standard
1495,20241025,28,3,2,88,88,0,79112,2024-10-25,2024-10-27,Expedited
1496,20241026,25,19,2,197,197,0,49053,2024-10-26,2024-10-29,Expedited
1497,20241026,25,11,1,465,465,0,604035,2024-10-26,2024-10-30,Expedited
1498,20241026,24,5,2,157,140,0,139860,2024-10-26,2024-10-31,Expedited
1499,20241026,6,20,1,328,319,0,254881,2024-10-26,2024-10-30,Standard
1500,20241026,34,5,2,323,285,0,284715,2024-10-26,2024-10-27,Expedited
1501,20241027,19,16,2,344,344,0,343656,2024-10-27,2024-10-31,Standard
1502,20241027,17,13,2,435,435,0,1087065,2024-10-27,2024-10-30,Expedited
1503,20241027,20,12,2,365,365,0,729635,2024-10-27,2024-10-28,Expedited
1504,20241027,18,12,1,123,120,0,239880,2024-10-27,2024-10-30,Expedited
1505,20241027,25,20,3,69,64,0,51136,2024-10-27,2024-11-02,Standard
1506,20241028,31,13,4,289,268,0,669732,2024-10-28,2024-10-30,Standard
1507,20241028,26,1,2,142,142,1,113458,2024-10-28,2024-11-01,Standard
1508,20241028,5,13,4,353,316,0,789684,2024-10-28,2024-10-30,Standard
1509,20241028,32,12,4,132,129,0,257871,2024-10-28,2024-10-30,Standard
1510,20241028,2,5,1,331,299,0,298701,2024-10-28,2024-10-29,Expedited
1511,20241029,14,15,2,395,376,0,244024,2024-10-29,2024-10-30,Expedited
1512,20241029,4,17,1,456,421,0,462679,2024-10-29,2024-11-04,Standard
1513,20241029,1,8,2,144,144,0,35856,2024-10-29,2024-11-04,Expedited
1514,20241029,21,19,4,210,210,0,52290,2024-10-29,2024-10-30,Standard
1515,20241029,26,16,1,88,84,0,83916,2024-10-29,2024-10-30,Standard
1516,20241030,23,7,4,159,153,0,25857,2024-10-30,2024-11-04,Standard
1517,20241030,19,4,1,196,179,0,178821,2024-10-30,2024-11-02,Expedited
1518,20241030,25,7,3,306,306,0,51714,2024-10-30,2024-11-03,Standard
1519,20241030,21,11,2,371,371,0,481929,2024-10-30,2024-10-31,Expedited
1520,20241030,28,17,2,315,306,0,336294,2024-10-30,2024-10-31,Expedited
1521,20241031,4,13,2,373,342,0,854658,2024-10-31,2024-11-05,Standard
1522,20241031,25,9,1,131,122,0,66978,2024-10-31,2024-11-02,Standard
1523,20241031,9,10,4,444,444,1,532356,2024-10-31,2024-11-03,Expedited
1524,20241031,35,4,1,367,363,0,362637,2024-10-31,2024-11-05,Standard
1525,20241031,30,3,1,303,303,0,272397,2024-10-31,2024-11-02,Expedited
1526,20241101,18,6,3,81,81,0,97119,2024-11-01,2024-11-03,Expedited
1527,20241101,18,13,3,222,204,0,509796,2024-11-01,2024-11-07,Standard
1528,20241101,15,1,1,410,410,0,327590,2024-11-01,2024-11-07,Standard
1529,20241101,3,8,1,75,75,0,18675,2024-11-01,2024-11-03,Standard
1530,20241101,11,6,2,180,177,0,212223,2024-11-01,2024-11-05,Expedited
1531,20241102,11,1,3,304,302,0,241298,2024-11-02,2024-11-08,Standard
1532,20241102,11,4,1,362,362,0,361638,2024-11-02,2024-11-06,Standard
1533,20241102,26,18,1,121,121,0,48279,2024-11-02,2024-11-04,Standard
1534,20241102,31,8,3,165,153,0,38097,2024-11-02,2024-11-06,Expedited
1535,20241102,21,16,4,291,260,0,259740,2024-11-02,2024-11-07,Expedited
1536,20241103,21,7,4,68,68,0,11492,2024-11-03,2024-11-05,Expedited
1537,20241103,22,7,4,84,79,0,13351,2024-11-03,2024-11-05,Expedited
1538,20241103,17,6,4,483,483,0,579117,2024-11-03,2024-11-06,Expedited
1539,20241103,22,17,2,127,124,0,136276,2024-11-03,2024-11-04,Expedited
1540,20241103,14,2,2,237,215,0,193285,2024-11-03,2024-11-04,Expedited
1541,20241104,35,6,3,469,469,0,562331,2024-11-04,2024-11-06,Expedited
1542,20241104,6,11,2,477,421,0,546879,2024-11-04,2024-11-06,Standard
1543,20241104,15,16,2,160,160,0,159840,2024-11-04,2024-11-10,Standard
1544,20241104,14,11,3,178,164,0,213036,2024-11-04,2024-11-10,Expedited
1545,20241104,13,14,2,416,397,0,138553,2024-11-04,2024-11-08,Expedited
1546,20241105,9,2,1,144,144,0,129456,2024-11-05,2024-11-07,Expedited
1547,20241105,33,1,1,229,203,0,162197,2024-11-05,2024-11-07,Standard
1548,20241105,6,1,1,195,195,0,155805,2024-11-05,2024-11-08,Standard
1549,20241105,4,3,4,477,455,0,409045,2024-11-05,2024-11-11,Expedited
1550,20241105,7,13,2,106,106,0,264894,2024-11-05,2024-11-10,Expedited
1551,20241106,20,11,2,93,91,0,118209,2024-11-06,2024-11-07,Expedited
1552,20241106,5,1,3,300,290,0,231710,2024-11-06,2024-11-10,Standard
1553,20241106,3,20,3,187,187,0,149413,2024-11-06,2024-11-10,Expedited
1554,20241106,35,7,2,219,219,0,37011,2024-11-06,2024-11-10,Standard
1555,20241106,2,12,1,132,130,0,259870,2024-11-06,2024-11-12,Expedited
1556,20241107,26,18,2,125,113,0,45087,2024-11-07,2024-11-09,Expedited
1557,20241107,32,10,3,319,305,0,365695,2024-11-07,2024-11-08,Standard
1558,20241107,26,9,1,155,155,0,85095,2024-11-07,2024-11-11,Expedited
1559,20241107,21,7,4,55,55,0,9295,2024-11-07,2024-11-11,Standard
1560,20241107,25,18,2,138,138,0,55062,2024-11-07,2024-11-13,Standard
1561,20241108,11,20,3,449,419,0,334781,2024-11-08,2024-11-14,Expedited
1562,20241108,24,1,4,300,300,0,239700,2024-11-08,2024-11-13,Standard
1563,20241108,22,16,3,74,68,0,67932,2024-11-08,2024-11-12,Standard
1564,20241108,23,1,2,88,88,0,70312,2024-11-08,2024-11-11,Standard
1565,20241108,30,7,1,237,221,0,37349,2024-11-08,2024-11-10,Expedited
1566,20241109,7,13,1,392,392,0,979608,2024-11-09,2024-11-11,Standard
1567,20241109,27,4,2,336,336,0,335664,2024-11-09,2024-11-14,Expedited
1568,20241109,10,19,2,107,96,0,23904,2024-11-09,2024-11-13,Expedited
1569,20241109,13,2,4,463,458,0,411742,2024-11-09,2024-11-13,Expedited
1570,20241109,5,20,3,281,281,0,224519,2024-11-09,2024-11-11,Standard
1571,20241110,26,4,2,312,294,0,293706,2024-11-10,2024-11-12,Standard
1572,20241110,12,15,4,265,265,0,171985,2024-11-10,2024-11-13,Standard
1573,20241110,6,13,1,193,188,0,469812,2024-11-10,2024-11-11,Expedited
1574,20241110,20,18,2,204,187,0,74613,2024-11-10,2024-11-16,Standard
1575,20241110,34,16,1,166,164,0,163836,2024-11-10,2024-11-14,Expedited
1576,20241111,1,6,4,312,312,1,374088,2024-11-11,2024-11-14,Standard
1577,20241111,3,12,4,413,413,0,825587,2024-11-11,2024-11-14,Standard
1578,20241111,27,18,3,451,451,0,179949,2024-11-11,2024-11-16,Standard
1579,20241111,7,13,1,459,451,0,1127049,2024-11-11,2024-11-13,Expedited
1580,20241111,18,15,1,210,210,0,136290,2024-11-11,2024-11-15,Standard
1581,20241112,7,12,3,214,193,0,385807,2024-11-12,2024-11-13,Expedited
1582,20241112,17,5,2,293,293,0,292707,2024-11-12,2024-11-13,Standard
1583,20241112,35,14,1,209,209,0,72941,2024-11-12,2024-11-15,Standard
1584,20241112,2,12,4,294,283,0,565717,2024-11-12,2024-11-14,Expedited
1585,20241112,32,18,1,52,52,0,20748,2024-11-12,2024-11-13,Expedited
1586,20241113,25,6,4,72,72,0,86328,2024-11-13,2024-11-15,Standard
1587,20241113,33,10,3,212,212,0,254188,2024-11-13,2024-11-15,Expedited
1588,20241113,27,13,4,244,221,0,552279,2024-11-13,2024-11-15,Expedited
1589,20241113,7,14,2,251,235,0,82015,2024-11-13,2024-11-17,Standard
1590,20241113,13,11,2,147,147,0,190953,2024-11-13,2024-11-14,Expedited
1591,20241114,10,3,2,422,389,0,349711,2024-11-14,2024-11-15,Expedited
1592,20241114,23,1,3,356,342,0,273258,2024-11-14,2024-11-17,Expedited
1593,20241114,32,7,1,78,78,0,13182,2024-11-14,2024-11-17,Expedited
1594,20241114,15,17,3,336,336,0,369264,2024-11-14,2024-11-17,Expedited
1595,20241114,26,17,3,219,219,0,240681,2024-11-14,2024-11-19,Expedited
1596,20241115,16,9,3,262,242,0,132858,2024-11-15,2024-11-18,Expedited
1597,20241115,21,5,2,92,87,0,86913,2024-11-15,2024-11-18,Standard
1598,20241115,25,12,1,309,300,0,599700,2024-11-15,2024-11-18,Standard
1599,20241115,16,11,2,407,362,0,470238,2024-11-15,2024-11-21,Expedited
1600,20241115,13,13,2,274,274,0,684726,2024-11-15,2024-11-16,Standard
1601,20241116,13,16,1,487,448,0,447552,2024-11-16,2024-11-22,Expedited
1602,20241116,2,1,3,386,386,0,308414,2024-11-16,2024-11-22,Expedited
1603,20241116,17,7,4,438,430,0,72670,2024-11-16,2024-11-20,Standard
1604,20241116,29,10,3,275,249,0,298551,2024-11-16,2024-11-19,Standard
1605,20241116,19,9,1,313,313,0,171837,2024-11-16,2024-11-22,Expedited
1606,20241117,1,7,3,417,411,0,69459,2024-11-17,2024-11-19,Standard
1607,20241117,28,3,4,126,125,0,112375,2024-11-17,2024-11-19,Expedited
1608,20241117,20,15,1,393,392,0,254408,2024-11-17,2024-11-21,Expedited
1609,20241117,32,12,3,478,478,0,955522,2024-11-17,2024-11-20,Standard
1610,20241117,32,9,3,319,319,0,175131,2024-11-17,2024-11-18,Standard
1611,20241118,11,16,1,172,170,0,169830,2024-11-18,2024-11-23,Standard
1612,20241118,31,20,2,307,285,0,227715,2024-11-18,2024-11-24,Standard
1613,20241118,4,20,2,220,220,0,175780,2024-11-18,2024-11-23,Standard
1614,20241118,16,19,3,253,253,0,62997,2024-11-18,2024-11-19,Standard
1615,20241118,10,3,4,385,385,0,346115,2024-11-18,2024-11-22,Expedited
1616,20241119,10,19,1,496,466,0,116034,2024-11-19,2024-11-25,Standard
1617,20241119,10,20,3,115,115,0,91885,2024-11-19,2024-11-25,Standard
1618,20241119,21,9,4,396,368,0,202032,2024-11-19,2024-11-24,Expedited
1619,20241119,19,6,2,136,127,0,152273,2024-11-19,2024-11-24,Expedited
1620,20241119,10,11,2,134,129,0,167571,2024-11-19,2024-11-23,Expedited
1621,20241120,33,16,3,131,121,0,120879,2024-11-20,2024-11-26,Standard
1622,20241120,28,12,3,480,480,0,959520,2024-11-20,2024-11-26,Standard
1623,20241120,14,17,3,119,110,0,120890,2024-11-20,2024-11-26,Standard
1624,20241120,33,18,2,61,56,0,22344,2024-11-20,2024-11-22,Expedited
1625,20241120,23,12,3,400,396,0,791604,2024-11-20,2024-11-26,Expedited
1626,20241121,30,4,1,133,128,0,127872,2024-11-21,2024-11-26,Standard
1627,20241121,8,1,4,426,426,0,340374,2024-11-21,2024-11-24,Standard
1628,20241121,10,2,3,204,204,0,183396,2024-11-21,2024-11-26,Standard
1629,20241121,13,2,4,467,425,0,382075,2024-11-21,2024-11-24,Standard
1630,20241121,6,13,1,308,308,0,769692,2024-11-21,2024-11-24,Standard
1631,20241122,10,6,4,160,156,0,187044,2024-11-22,2024-11-25,Standard
1632,20241122,20,5,1,453,453,0,452547,2024-11-22,2024-11-24,Standard
1633,20241122,9,17,1,223,221,0,242879,2024-11-22,2024-11-25,Expedited
1634,20241122,9,14,4,381,356,0,124244,2024-11-22,2024-11-26,Standard
1635,20241122,32,14,2,436,436,1,152164,2024-11-22,2024-11-28,Expedited
1636,20241123,31,7,3,258,240,0,40560,2024-11-23,2024-11-28,Expedited
1637,20241123,35,19,4,393,393,0,97857,2024-11-23,2024-11-27,Standard
1638,20241123,26,6,1,291,291,0,348909,2024-11-23,2024-11-26,Standard
1639,20241123,35,6,4,122,112,0,134288,2024-11-23,2024-11-26,Expedited
1640,20241123,5,10,4,71,71,0,85129,2024-11-23,2024-11-29,Standard
1641,20241124,33,14,3,62,58,0,20242,2024-11-24,2024-11-27,Standard
1642,20241124,24,5,2,365,365,0,364635,2024-11-24,2024-11-25,Expedited
1643,20241124,7,13,4,309,276,0,689724,2024-11-24,2024-11-27,Standard
1644,20241124,11,5,2,107,107,0,106893,2024-11-24,2024-11-26,Standard
1645,20241124,13,16,2,60,60,0,59940,2024-11-24,2024-11-28,Expedited
1646,20241125,28,19,4,269,239,1,59511,2024-11-25,2024-11-29,Expedited
1647,20241125,9,18,2,131,120,0,47880,2024-11-25,2024-11-27,Standard
1648,20241125,34,16,4,98,98,0,97902,2024-11-25,2024-11-27,Expedited
1649,20241125,13,16,1,445,426,0,425574,2024-11-25,2024-11-29,Standard
1650,20241125,10,8,1,252,252,0,62748,2024-11-25,2024-11-28,Standard
1651,20241126,34,6,2,415,375,0,449625,2024-11-26,2024-12-01,Standard
1652,20241126,21,10,3,221,221,0,264979,2024-11-26,2024-12-02,Standard
1653,20241126,19,14,1,201,201,0,70149,2024-11-26,2024-11-30,Standard
1654,20241126,21,18,2,140,123,0,49077,2024-11-26,2024-11-29,Expedited
1655,20241126,34,17,2,352,352,0,386848,2024-11-26,2024-11-28,Expedited
1656,20241127,30,8,3,274,257,0,63993,2024-11-27,2024-11-29,Standard
1657,20241127,8,1,4,246,246,0,196554,2024-11-27,2024-12-02,Expedited
1658,20241127,23,12,3,473,422,0,843578,2024-11-27,2024-12-01,Standard
1659,20241127,24,19,1,401,356,0,88644,2024-11-27,2024-12-03,Expedited
1660,20241127,15,7,1,143,126,0,21294,2024-11-27,2024-12-01,Expedited
1661,20241128,25,8,1,437,417,0,103833,2024-11-28,2024-12-02,Standard
1662,20241128,6,13,1,426,426,0,1064574,2024-11-28,2024-12-04,Expedited
1663,20241128,31,2,3,87,81,0,72819,2024-11-28,2024-12-01,Standard
1664,20241128,25,2,4,381,349,0,313751,2024-11-28,2024-11-30,Standard
1665,20241128,7,2,3,372,350,1,314650,2024-11-28,2024-12-04,Standard
1666,20241129,17,20,3,106,106,0,84694,2024-11-29,2024-12-01,Standard
1667,20241129,31,7,3,123,123,0,20787,2024-11-29,2024-12-05,Expedited
1668,20241129,5,6,4,61,55,0,65945,2024-11-29,2024-11-30,Expedited
1669,20241129,24,11,2,213,192,0,249408,2024-11-29,2024-12-03,Standard
1670,20241129,9,2,4,171,154,0,138446,2024-11-29,2024-12-02,Standard
1671,20241130,30,8,1,390,390,0,97110,2024-11-30,2024-12-01,Standard
1672,20241130,34,7,4,376,344,0,58136,2024-11-30,2024-12-05,Expedited
1673,20241130,34,13,2,462,413,0,1032087,2024-11-30,2024-12-03,Standard
1674,20241130,4,7,3,80,74,0,12506,2024-11-30,2024-12-05,Standard
1675,20241130,21,16,3,409,409,0,408591,2024-11-30,2024-12-04,Expedited
1676,20241201,17,3,1,284,284,0,255316,2024-12-01,2024-12-05,Standard
1677,20241201,15,19,2,340,340,0,84660,2024-12-01,2024-12-03,Standard
1678,20241201,31,12,3,86,83,0,165917,2024-12-01,2024-12-06,Standard
1679,20241201,22,13,4,422,422,0,1054578,2024-12-01,2024-12-04,Expedited
1680,20241201,24,8,1,254,250,0,62250,2024-12-01,2024-12-07,Standard
1681,20241202,35,1,2,192,183,0,146217,2024-12-02,2024-12-07,Standard
1682,20241202,15,14,3,163,163,0,56887,2024-12-02,2024-12-06,Standard
1683,20241202,13,2,3,312,309,0,277791,2024-12-02,2024-12-07,Standard
1684,20241202,28,6,4,91,85,0,101915,2024-12-02,2024-12-07,Expedited
1685,20241202,35,9,1,103,97,0,53253,2024-12-02,2024-12-05,Standard
1686,20241203,12,16,4,454,454,0,453546,2024-12-03,2024-12-09,Expedited
1687,20241203,35,11,1,54,54,0,70146,2024-12-03,2024-12-06,Expedited
1688,20241203,27,10,3,367,367,0,440033,2024-12-03,2024-12-06,Standard
1689,20241203,18,3,4,370,348,0,312852,2024-12-03,2024-12-05,Standard
1690,20241203,25,17,2,454,409,0,449491,2024-12-03,2024-12-09,Standard
1691,20241204,19,2,3,385,374,0,336226,2024-12-04,2024-12-06,Standard
1692,20241204,17,1,1,405,357,0,285243,2024-12-04,2024-12-09,Standard
1693,20241204,19,8,2,154,140,0,34860,2024-12-04,2024-12-06,Standard
1694,20241204,28,1,2,184,169,0,135031,2024-12-04,2024-12-10,Standard
1695,20241204,12,5,1,342,309,0,308691,2024-12-04,2024-12-09,Standard
1696,20241205,11,8,1,350,316,0,78684,2024-12-05,2024-12-07,Expedited
1697,20241205,24,19,1,362,335,0,83415,2024-12-05,2024-12-10,Expedited
1698,20241205,12,1,1,354,329,0,262871,2024-12-05,2024-12-08,Expedited
1699,20241205,12,19,4,274,264,0,65736,2024-12-05,2024-12-11,Expedited
1700,20241205,12,11,4,89,89,0,115611,2024-12-05,2024-12-09,Expedited
1701,20241206,34,9,1,395,395,0,216855,2024-12-06,2024-12-11,Standard
1702,20241206,16,20,1,459,459,0,366741,2024-12-06,2024-12-12,Standard
1703,20241206,16,3,2,433,390,0,350610,2024-12-06,2024-12-07,Standard
1704,20241206,15,7,4,130,130,0,21970,2024-12-06,2024-12-08,Expedited
1705,20241206,25,12,1,448,448,0,895552,2024-12-06,2024-12-10,Standard
1706,20241207,24,17,2,319,309,0,339591,2024-12-07,2024-12-11,Expedited
1707,20241207,17,11,2,131,122,0,158478,2024-12-07,2024-12-08,Expedited
1708,20241207,21,2,4,364,364,0,327236,2024-12-07,2024-12-09,Standard
1709,20241207,8,10,1,223,205,0,245795,2024-12-07,2024-12-10,Expedited
1710,20241207,23,17,2,335,335,0,368165,2024-12-07,2024-12-13,Standard
1711,20241208,16,10,3,429,383,0,459217,2024-12-08,2024-12-12,Standard
1712,20241208,12,10,4,191,191,0,229009,2024-12-08,2024-12-12,Standard
1713,20241208,5,9,3,307,307,0,168543,2024-12-08,2024-12-11,Standard
1714,20241208,8,12,1,93,88,0,175912,2024-12-08,2024-12-11,Standard
1715,20241208,7,14,4,457,425,0,148325,2024-12-08,2024-12-12,Standard
1716,20241209,12,1,4,107,104,0,83096,2024-12-09,2024-12-15,Expedited
1717,20241209,8,13,2,242,226,0,564774,2024-12-09,2024-12-14,Standard
1718,20241209,16,12,4,413,413,0,825587,2024-12-09,2024-12-14,Expedited
1719,20241209,3,17,2,396,353,0,387947,2024-12-09,2024-12-14,Expedited
1720,20241209,32,11,3,388,388,1,504012,2024-12-09,2024-12-11,Standard
1721,20241210,10,12,1,205,191,0,381809,2024-12-10,2024-12-16,Expedited
1722,20241210,30,4,3,251,247,0,246753,2024-12-10,2024-12-16,Standard
1723,20241210,24,7,1,439,439,0,74191,2024-12-10,2024-12-16,Expedited
1724,20241210,21,14,3,237,219,0,76431,2024-12-10,2024-12-15,Expedited
1725,20241210,24,19,1,277,266,0,66234,2024-12-10,2024-12-15,Standard
1726,20241211,26,11,3,263,254,0,329946,2024-12-11,2024-12-12,Standard
1727,20241211,23,8,1,201,201,1,50049,2024-12-11,2024-12-17,Expedited
1728,20241211,13,4,1,408,388,1,387612,2024-12-11,2024-12-13,Expedited
1729,20241211,25,4,2,478,431,0,430569,2024-12-11,2024-12-16,Standard
1730,20241211,34,9,1,416,416,0,228384,2024-12-11,2024-12-12,Expedited
1731,20241212,10,13,1,235,226,0,564774,2024-12-12,2024-12-18,Expedited
1732,20241212,24,16,2,410,410,0,409590,2024-12-12,2024-12-15,Standard
1733,20241212,10,8,3,452,452,0,112548,2024-12-12,2024-12-18,Expedited
1734,20241212,9,20,3,451,451,0,360349,2024-12-12,2024-12-13,Expedited
1735,20241212,31,15,2,223,223,0,144727,2024-12-12,2024-12-17,Standard
1736,20241213,6,5,3,247,247,0,246753,2024-12-13,2024-12-19,Expedited
1737,20241213,14,19,4,267,267,0,66483,2024-12-13,2024-12-14,Standard
1738,20241213,14,15,4,216,196,0,127204,2024-12-13,2024-12-19,Standard
1739,20241213,7,12,4,401,387,0,773613,2024-12-13,2024-12-14,Standard
1740,20241213,3,16,3,492,492,0,491508,2024-12-13,2024-12-14,Expedited
1741,20241214,4,7,3,185,167,0,28223,2024-12-14,2024-12-17,Expedited
1742,20241214,22,4,2,312,294,0,293706,2024-12-14,2024-12-15,Standard
1743,20241214,33,6,2,408,378,0,453222,2024-12-14,2024-12-20,Standard
1744,20241214,22,13,3,493,442,0,1104558,2024-12-14,2024-12-16,Standard
1745,20241214,19,14,1,299,287,1,100163,2024-12-14,2024-12-18,Expedited
1746,20241215,5,17,1,364,356,0,391244,2024-12-15,2024-12-20,Expedited
1747,20241215,28,1,4,179,179,0,143021,2024-12-15,2024-12-18,Expedited
1748,20241215,2,10,1,423,423,0,507177,2024-12-15,2024-12-17,Standard
1749,20241215,30,5,4,100,90,0,89910,2024-12-15,2024-12-17,Expedited
1750,20241215,30,6,1,415,409,0,490391,2024-12-15,2024-12-16,Standard
1751,20241216,16,20,1,497,497,0,397103,2024-12-16,2024-12-17,Expedited
1752,20241216,31,8,4,195,195,0,48555,2024-12-16,2024-12-21,Expedited
1753,20241216,11,14,4,245,234,0,81666,2024-12-16,2024-12-18,Standard
1754,20241216,31,18,4,412,387,0,154413,2024-12-16,2024-12-19,Standard
1755,20241216,21,2,2,57,53,0,47647,2024-12-16,2024-12-21,Expedited
1756,20241217,19,13,4,226,203,0,507297,2024-12-17,2024-12-20,Standard
1757,20241217,1,1,1,298,298,0,238102,2024-12-17,2024-12-18,Expedited
1758,20241217,9,6,1,71,65,0,77935,2024-12-17,2024-12-20,Standard
1759,20241217,22,18,3,369,369,0,147231,2024-12-17,2024-12-18,Expedited
1760,20241217,28,20,4,244,228,0,182172,2024-12-17,2024-12-22,Standard
1761,20241218,22,8,2,339,339,0,84411,2024-12-18,2024-12-21,Standard
1762,20241218,9,5,2,130,130,0,129870,2024-12-18,2024-12-24,Expedited
1763,20241218,21,15,3,386,341,0,221309,2024-12-18,2024-12-20,Expedited
1764,20241218,2,5,2,445,414,0,413586,2024-12-18,2024-12-20,Standard
1765,20241218,10,10,1,253,228,1,273372,2024-12-18,2024-12-20,Expedited
1766,20241219,1,9,1,238,212,0,116388,2024-12-19,2024-12-24,Expedited
1767,20241219,11,17,4,380,380,0,417620,2024-12-19,2024-12-25,Standard
1768,20241219,18,14,1,489,443,0,154607,2024-12-19,2024-12-22,Standard
1769,20241219,28,6,4,258,258,0,309342,2024-12-19,2024-12-20,Standard
1770,20241219,1,12,4,58,55,0,109945,2024-12-19,2024-12-24,Expedited
1771,20241220,6,8,3,152,152,0,37848,2024-12-20,2024-12-24,Standard
1772,20241220,11,6,3,342,318,0,381282,2024-12-20,2024-12-25,Expedited
1773,20241220,10,10,1,286,286,0,342914,2024-12-20,2024-12-26,Expedited
1774,20241220,31,10,3,261,254,1,304546,2024-12-20,2024-12-21,Expedited
1775,20241220,27,15,2,177,170,0,110330,2024-12-20,2024-12-21,Expedited
1776,20241221,23,1,1,333,333,0,266067,2024-12-21,2024-12-26,Standard
1777,20241221,21,3,2,167,161,0,144739,2024-12-21,2024-12-25,Expedited
1778,20241221,7,1,4,124,110,0,87890,2024-12-21,2024-12-26,Expedited
1779,20241221,29,17,1,108,102,0,112098,2024-12-21,2024-12-27,Expedited
1780,20241221,26,11,4,175,175,0,227325,2024-12-21,2024-12-23,Expedited
1781,20241222,12,10,3,459,447,0,535953,2024-12-22,2024-12-25,Expedited
1782,20241222,17,6,3,387,346,0,414854,2024-12-22,2024-12-27,Standard
1783,20241222,4,1,2,145,132,0,105468,2024-12-22,2024-12-26,Expedited
1784,20241222,3,18,4,499,499,0,199101,2024-12-22,2024-12-24,Expedited
1785,20241222,4,18,3,234,212,0,84588,2024-12-22,2024-12-23,Expedited
1786,20241223,26,4,3,456,456,0,455544,2024-12-23,2024-12-26,Standard
1787,20241223,30,9,4,199,199,0,109251,2024-12-23,2024-12-28,Expedited
1788,20241223,31,9,2,86,86,0,47214,2024-12-23,2024-12-29,Standard
1789,20241223,21,16,1,301,301,0,300699,2024-12-23,2024-12-29,Standard
1790,20241223,15,5,1,496,496,1,495504,2024-12-23,2024-12-27,Expedited
1791,20241224,35,15,3,404,398,0,258302,2024-12-24,2024-12-30,Expedited
1792,20241224,34,1,3,255,255,0,203745,2024-12-24,2024-12-26,Expedited
1793,20241224,23,11,1,131,131,0,170169,2024-12-24,2024-12-28,Standard
1794,20241224,26,12,1,212,212,0,423788,2024-12-24,2024-12-29,Expedited
1795,20241224,31,14,1,315,280,0,97720,2024-12-24,2024-12-29,Expedited
1796,20241225,33,9,2,208,208,0,114192,2024-12-25,2024-12-29,Standard
1797,20241225,4,18,3,387,381,0,152019,2024-12-25,2024-12-27,Expedited
1798,20241225,23,1,1,219,219,0,174981,2024-12-25,2024-12-28,Standard
1799,20241225,30,15,2,421,373,0,242077,2024-12-25,2024-12-30,Expedited
1800,20241225,18,3,1,265,264,0,237336,2024-12-25,2024-12-27,Standard
1801,20241226,3,14,2,302,289,0,100861,2024-12-26,2024-12-31,Standard
1802,20241226,27,12,1,373,373,0,745627,2024-12-26,2024-12-28,Expedited
1803,20241226,9,18,1,393,393,0,156807,2024-12-26,2025-01-01,Standard
1804,20241226,5,18,3,213,199,0,79401,2024-12-26,2024-12-29,Standard
1805,20241226,1,13,4,477,427,0,1067073,2024-12-26,2024-12-31,Expedited
1806,20241227,15,7,4,419,419,0,70811,2024-12-27,2025-01-02,Standard
1807,20241227,18,12,1,197,179,0,357821,2024-12-27,2024-12-30,Standard
1808,20241227,11,10,3,436,412,0,493988,2024-12-27,2024-12-29,Standard
1809,20241227,31,8,3,86,84,0,20916,2024-12-27,2024-12-28,Expedited
1810,20241227,25,10,1,256,256,0,306944,2024-12-27,2025-01-01,Expedited
1811,20241228,28,17,2,351,351,0,385749,2024-12-28,2024-12-30,Standard
1812,20241228,26,6,3,234,207,0,248193,2024-12-28,2024-12-31,Standard
1813,20241228,20,3,2,332,325,0,292175,2024-12-28,2024-12-29,Standard
1814,20241228,20,11,1,240,240,0,311760,2024-12-28,2024-12-30,Standard
1815,20241228,21,4,4,466,466,1,465534,2024-12-28,2025-01-02,Expedited
1816,20241229,27,8,1,351,351,0,87399,2024-12-29,2024-12-30,Expedited
1817,20241229,19,20,2,139,136,0,108664,2024-12-29,2025-01-04,Standard
1818,20241229,16,4,3,71,65,0,64935,2024-12-29,2025-01-02,Standard
1819,20241229,12,16,2,271,271,0,270729,2024-12-29,2025-01-02,Expedited
1820,20241229,29,13,1,297,297,0,742203,2024-12-29,2024-12-31,Expedited
1821,20241230,14,2,3,344,335,0,301165,2024-12-30,2025-01-03,Standard
1822,20241230,23,5,2,296,278,0,277722,2024-12-30,2025-01-02,Standard
1823,20241230,19,14,3,144,129,0,45021,2024-12-30,2025-01-01,Standard
1824,20241230,12,5,3,382,344,0,343656,2024-12-30,2025-01-01,Standard
1825,20241230,7,10,2,272,242,0,290158,2024-12-30,2025-01-01,Standard
1826,20241231,8,18,4,333,333,0,132867,2024-12-31,2025-01-01,Expedited
1827,20241231,16,11,1,266,266,0,345534,2024-12-31,2025-01-03,Standard
1828,20241231,12,19,1,78,73,0,18177,2024-12-31,2025-01-02,Expedited
1829,20241231,25,19,2,242,240,0,59760,2024-12-31,2025-01-05,Expedited
1830,20241231,27,4,4,273,273,0,272727,2024-12-31,2025-01-06,Standard
1831,20250101,29,16,4,87,76,0,75924,2025-01-01,2025-01-02,Expedited
1832,20250101,23,2,2,262,262,0,235538,2025-01-01,2025-01-04,Standard
1833,20250101,30,13,2,81,81,0,202419,2025-01-01,2025-01-04,Standard
1834,20250101,16,16,4,244,244,0,243756,2025-01-01,2025-01-04,Expedited
1835,20250101,11,6,4,330,330,0,395670,2025-01-01,2025-01-05,Expedited
1836,20250102,21,17,4,423,402,0,441798,2025-01-02,2025-01-05,Standard
1837,20250102,14,4,4,180,174,0,173826,2025-01-02,2025-01-07,Standard
1838,20250102,2,12,2,94,94,0,187906,2025-01-02,2025-01-07,Expedited
1839,20250102,5,3,3,80,80,0,71920,2025-01-02,2025-01-04,Standard
1840,20250102,12,3,2,491,491,0,441409,2025-01-02,2025-01-03,Standard
1841,20250103,22,13,2,192,190,0,474810,2025-01-03,2025-01-06,Expedited
1842,20250103,14,20,3,352,340,1,271660,2025-01-03,2025-01-08,Expedited
1843,20250103,29,10,3,109,108,0,129492,2025-01-03,2025-01-04,Standard
1844,20250103,27,16,1,182,170,0,169830,2025-01-03,2025-01-09,Standard
1845,20250103,27,4,4,403,391,0,390609,2025-01-03,2025-01-07,Expedited
1846,20250104,20,17,3,51,50,0,54950,2025-01-04,2025-01-08,Expedited
1847,20250104,14,20,1,448,448,0,357952,2025-01-04,2025-01-10,Standard
1848,20250104,14,19,2,279,249,0,62001,2025-01-04,2025-01-09,Standard
1849,20250104,20,2,2,296,296,0,266104,2025-01-04,2025-01-07,Expedited
1850,20250104,26,1,4,356,356,0,284444,2025-01-04,2025-01-08,Expedited
1851,20250105,19,13,4,328,328,1,819672,2025-01-05,2025-01-08,Standard
1852,20250105,5,12,4,106,95,0,189905,2025-01-05,2025-01-09,Standard
1853,20250105,16,11,2,269,269,0,349431,2025-01-05,2025-01-10,Standard
1854,20250105,22,1,4,207,204,0,162996,2025-01-05,2025-01-11,Expedited
1855,20250105,4,15,4,368,329,0,213521,2025-01-05,2025-01-10,Standard
1856,20250106,6,13,1,282,280,0,699720,2025-01-06,2025-01-08,Standard
1857,20250106,29,1,1,497,482,0,385118,2025-01-06,2025-01-09,Standard
1858,20250106,17,18,4,195,193,0,77007,2025-01-06,2025-01-10,Expedited
1859,20250106,23,8,1,221,199,0,49551,2025-01-06,2025-01-08,Standard
1860,20250106,15,10,4,479,460,0,551540,2025-01-06,2025-01-12,Expedited
1861,20250107,28,9,2,115,107,0,58743,2025-01-07,2025-01-08,Standard
1862,20250107,32,15,2,275,275,0,178475,2025-01-07,2025-01-13,Standard
1863,20250107,1,16,1,122,112,0,111888,2025-01-07,2025-01-10,Standard
1864,20250107,34,5,2,478,478,0,477522,2025-01-07,2025-01-10,Expedited
1865,20250107,34,20,1,276,276,0,220524,2025-01-07,2025-01-09,Standard
1866,20250108,35,15,4,288,288,0,186912,2025-01-08,2025-01-13,Expedited
1867,20250108,10,20,1,176,176,0,140624,2025-01-08,2025-01-09,Standard
1868,20250108,7,12,4,408,378,0,755622,2025-01-08,2025-01-11,Expedited
1869,20250108,4,15,1,476,443,0,287507,2025-01-08,2025-01-10,Expedited
1870,20250108,22,2,1,328,328,0,294872,2025-01-08,2025-01-10,Expedited
1871,20250109,7,2,3,277,269,0,241831,2025-01-09,2025-01-10,Standard
1872,20250109,16,17,2,180,180,1,197820,2025-01-09,2025-01-15,Standard
1873,20250109,23,18,3,460,439,0,175161,2025-01-09,2025-01-14,Standard
1874,20250109,32,14,1,54,48,0,16752,2025-01-09,2025-01-15,Expedited
1875,20250109,25,6,3,379,350,0,419650,2025-01-09,2025-01-12,Standard
1876,20250110,17,2,3,410,410,0,368590,2025-01-10,2025-01-16,Standard
1877,20250110,15,7,2,447,447,0,75543,2025-01-10,2025-01-15,Expedited
1878,20250110,22,16,2,247,247,0,246753,2025-01-10,2025-01-13,Standard
1879,20250110,17,4,3,438,413,0,412587,2025-01-10,2025-01-13,Standard
1880,20250110,25,6,4,300,300,0,359700,2025-01-10,2025-01-14,Expedited
1881,20250111,24,11,4,436,431,0,559869,2025-01-11,2025-01-15,Standard
1882,20250111,6,2,1,128,128,0,115072,2025-01-11,2025-01-13,Standard
1883,20250111,8,14,4,138,138,0,48162,2025-01-11,2025-01-16,Standard
1884,20250111,28,18,1,316,307,0,122493,2025-01-11,2025-01-17,Standard
1885,20250111,13,14,2,289,257,0,89693,2025-01-11,2025-01-15,Expedited
1886,20250112,18,4,1,485,485,0,484515,2025-01-12,2025-01-15,Expedited
1887,20250112,16,17,2,79,76,0,83524,2025-01-12,2025-01-15,Expedited
1888,20250112,6,16,2,186,186,0,185814,2025-01-12,2025-01-18,Expedited
1889,20250112,9,12,1,72,71,0,141929,2025-01-12,2025-01-17,Standard
1890,20250112,26,18,3,304,304,0,121296,2025-01-12,2025-01-14,Standard
1891,20250113,20,15,2,386,375,1,243375,2025-01-13,2025-01-15,Standard
1892,20250113,15,20,1,81,73,0,58327,2025-01-13,2025-01-19,Standard
1893,20250113,19,5,2,121,113,0,112887,2025-01-13,2025-01-15,Expedited
1894,20250113,5,9,3,96,92,0,50508,2025-01-13,2025-01-19,Standard
1895,20250113,26,2,2,485,484,0,435116,2025-01-13,2025-01-15,Expedited
1896,20250114,19,2,2,233,209,0,187891,2025-01-14,2025-01-19,Standard
1897,20250114,22,12,1,378,364,0,727636,2025-01-14,2025-01-15,Expedited
1898,20250114,14,5,1,274,255,0,254745,2025-01-14,2025-01-15,Standard
1899,20250114,16,10,3,214,199,1,238601,2025-01-14,2025-01-17,Standard
1900,20250114,35,11,4,175,164,0,213036,2025-01-14,2025-01-19,Expedited
1901,20250115,24,11,4,357,316,0,410484,2025-01-15,2025-01-18,Expedited
1902,20250115,1,3,2,443,443,0,398257,2025-01-15,2025-01-19,Standard
1903,20250115,29,9,4,433,433,0,237717,2025-01-15,2025-01-20,Standard
1904,20250115,24,16,2,391,371,0,370629,2025-01-15,2025-01-18,Expedited
1905,20250115,18,5,1,222,198,0,197802,2025-01-15,2025-01-18,Standard
1906,20250116,5,10,1,261,252,0,302148,2025-01-16,2025-01-17,Expedited
1907,20250116,19,18,4,486,472,0,188328,2025-01-16,2025-01-22,Expedited
1908,20250116,4,4,3,279,252,0,251748,2025-01-16,2025-01-20,Standard
1909,20250116,6,12,4,177,157,0,313843,2025-01-16,2025-01-19,Expedited
1910,20250116,13,6,4,359,359,0,430441,2025-01-16,2025-01-22,Expedited
1911,20250117,7,15,4,401,387,0,251163,2025-01-17,2025-01-20,Expedited
1912,20250117,22,1,2,408,391,0,312409,2025-01-17,2025-01-20,Standard
1913,20250117,2,18,2,97,86,0,34314,2025-01-17,2025-01-20,Expedited
1914,20250117,7,2,4,175,175,0,157325,2025-01-17,2025-01-20,Expedited
1915,20250117,15,16,3,288,267,1,266733,2025-01-17,2025-01-19,Standard
1916,20250118,34,3,3,61,54,0,48546,2025-01-18,2025-01-20,Standard
1917,20250118,14,10,3,389,375,0,449625,2025-01-18,2025-01-21,Standard
1918,20250118,11,3,4,216,211,0,189689,2025-01-18,2025-01-23,Expedited
1919,20250118,3,15,1,170,170,0,110330,2025-01-18,2025-01-24,Standard
1920,20250118,14,9,1,128,128,0,70272,2025-01-18,2025-01-22,Expedited
1921,20250119,14,15,4,366,366,0,237534,2025-01-19,2025-01-21,Expedited
1922,20250119,9,3,4,498,448,1,402752,2025-01-19,2025-01-24,Expedited
1923,20250119,23,7,3,209,209,1,35321,2025-01-19,2025-01-20,Expedited
1924,20250119,31,8,3,193,187,0,46563,2025-01-19,2025-01-23,Standard
1925,20250119,13,12,1,445,445,0,889555,2025-01-19,2025-01-25,Expedited
1926,20250120,2,20,3,193,188,0,150212,2025-01-20,2025-01-25,Expedited
1927,20250120,2,3,4,224,207,0,186093,2025-01-20,2025-01-26,Expedited
1928,20250120,8,6,1,108,96,0,115104,2025-01-20,2025-01-24,Standard
1929,20250120,32,8,3,166,151,0,37599,2025-01-20,2025-01-25,Standard
1930,20250120,8,14,2,96,94,0,32806,2025-01-20,2025-01-25,Expedited
1931,20250121,11,2,2,420,398,0,357802,2025-01-21,2025-01-26,Expedited
1932,20250121,11,7,3,274,242,0,40898,2025-01-21,2025-01-27,Expedited
1933,20250121,25,17,4,61,61,0,67039,2025-01-21,2025-01-24,Standard
1934,20250121,19,8,4,366,366,0,91134,2025-01-21,2025-01-22,Standard
1935,20250121,14,1,4,260,260,0,207740,2025-01-21,2025-01-26,Standard
1936,20250122,3,14,2,350,350,0,122150,2025-01-22,2025-01-28,Standard
1937,20250122,33,8,3,217,205,0,51045,2025-01-22,2025-01-25,Standard
1938,20250122,20,16,2,433,426,0,425574,2025-01-22,2025-01-23,Expedited
1939,20250122,24,8,1,112,110,0,27390,2025-01-22,2025-01-27,Standard
1940,20250122,26,20,4,327,304,0,242896,2025-01-22,2025-01-24,Expedited
1941,20250123,31,15,1,139,134,0,86966,2025-01-23,2025-01-29,Expedited
1942,20250123,15,8,3,266,244,0,60756,2025-01-23,2025-01-28,Expedited
1943,20250123,21,1,2,379,379,0,302821,2025-01-23,2025-01-24,Standard
1944,20250123,1,5,2,207,206,0,205794,2025-01-23,2025-01-28,Standard
1945,20250123,21,16,1,67,64,0,63936,2025-01-23,2025-01-24,Standard
1946,20250124,4,15,1,236,236,0,153164,2025-01-24,2025-01-26,Standard
1947,20250124,11,2,4,299,291,0,261609,2025-01-24,2025-01-30,Expedited
1948,20250124,23,18,3,237,230,0,91770,2025-01-24,2025-01-26,Expedited
1949,20250124,16,3,4,258,247,0,222053,2025-01-24,2025-01-25,Expedited
1950,20250124,21,10,1,144,144,0,172656,2025-01-24,2025-01-30,Expedited
1951,20250125,15,11,4,208,196,0,254604,2025-01-25,2025-01-29,Expedited
1952,20250125,2,16,4,368,368,0,367632,2025-01-25,2025-01-29,Expedited
1953,20250125,25,13,2,477,477,0,1192023,2025-01-25,2025-01-26,Standard
1954,20250125,23,14,4,171,171,0,59679,2025-01-25,2025-01-27,Standard
1955,20250125,16,19,1,70,65,0,16185,2025-01-25,2025-01-27,Standard
1956,20250126,32,7,1,462,409,0,69121,2025-01-26,2025-01-30,Standard
1957,20250126,6,1,3,358,351,0,280449,2025-01-26,2025-01-31,Standard
1958,20250126,7,12,2,78,74,0,147926,2025-01-26,2025-01-31,Standard
1959,20250126,27,4,4,393,353,0,352647,2025-01-26,2025-01-27,Standard
1960,20250126,7,11,1,77,72,1,93528,2025-01-26,2025-02-01,Expedited
1961,20250127,32,14,2,299,285,0,99465,2025-01-27,2025-02-02,Expedited
1962,20250127,35,1,1,457,457,0,365143,2025-01-27,2025-01-29,Expedited
1963,20250127,5,9,4,313,288,0,158112,2025-01-27,2025-01-28,Expedited
1964,20250127,5,1,3,437,429,0,342771,2025-01-27,2025-02-02,Expedited
1965,20250127,21,18,3,294,292,1,116508,2025-01-27,2025-02-02,Standard
1966,20250128,35,15,3,166,160,0,103840,2025-01-28,2025-02-01,Standard
1967,20250128,33,6,3,102,102,0,122298,2025-01-28,2025-02-02,Expedited
1968,20250128,3,17,2,430,430,0,472570,2025-01-28,2025-01-29,Standard
1969,20250128,33,2,3,157,152,0,136648,2025-01-28,2025-02-01,Expedited
1970,20250128,25,20,3,480,477,0,381123,2025-01-28,2025-01-30,Standard
1971,20250129,29,12,2,447,447,0,893553,2025-01-29,2025-02-01,Expedited
1972,20250129,30,3,4,163,149,0,133951,2025-01-29,2025-01-31,Standard
1973,20250129,11,6,2,397,397,0,476003,2025-01-29,2025-01-31,Standard
1974,20250129,2,13,1,250,226,0,564774,2025-01-29,2025-02-04,Expedited
1975,20250129,28,18,2,429,408,0,162792,2025-01-29,2025-02-01,Expedited
1976,20250130,24,14,4,136,123,1,42927,2025-01-30,2025-02-03,Expedited
1977,20250130,35,4,1,274,268,0,267732,2025-01-30,2025-02-04,Standard
1978,20250130,25,13,1,185,185,0,462315,2025-01-30,2025-02-04,Standard
1979,20250130,1,20,3,94,83,0,66317,2025-01-30,2025-01-31,Standard
1980,20250130,14,19,3,239,221,0,55029,2025-01-30,2025-02-04,Expedited
1981,20250131,33,20,1,90,86,0,68714,2025-01-31,2025-02-05,Standard
1982,20250131,7,2,3,91,91,0,81809,2025-01-31,2025-02-03,Expedited
1983,20250131,17,2,4,379,350,0,314650,2025-01-31,2025-02-02,Expedited
1984,20250131,30,5,3,456,456,0,455544,2025-01-31,2025-02-03,Standard
1985,20250131,1,10,1,267,267,0,320133,2025-01-31,2025-02-03,Expedited
1986,20250201,28,1,2,308,308,0,246092,2025-02-01,2025-02-05,Standard
1987,20250201,7,15,2,491,491,1,318659,2025-02-01,2025-02-05,Standard
1988,20250201,2,6,3,205,205,0,245795,2025-02-01,2025-02-06,Expedited
1989,20250201,30,13,4,387,384,0,959616,2025-02-01,2025-02-07,Standard
1990,20250201,3,17,1,489,489,0,537411,2025-02-01,2025-02-07,Standard
1991,20250202,33,19,3,203,189,0,47061,2025-02-02,2025-02-08,Expedited
1992,20250202,22,11,4,430,430,0,558570,2025-02-02,2025-02-08,Expedited
1993,20250202,34,1,2,303,303,0,242097,2025-02-02,2025-02-05,Standard
1994,20250202,22,10,3,426,426,0,510774,2025-02-02,2025-02-04,Standard
1995,20250202,1,6,1,265,265,0,317735,2025-02-02,2025-02-07,Expedited
1996,20250203,11,9,4,491,491,0,269559,2025-02-03,2025-02-04,Expedited
1997,20250203,25,9,1,82,73,0,40077,2025-02-03,2025-02-06,Standard
1998,20250203,19,15,2,234,216,0,140184,2025-02-03,2025-02-05,Standard
1999,20250203,18,15,1,175,175,0,113575,2025-02-03,2025-02-06,Expedited
2000,20250203,28,17,4,200,196,0,215404,2025-02-03,2025-02-06,Expedited
2001,20250204,32,15,1,167,154,0,99946,2025-02-04,2025-02-10,Standard
2002,20250204,15,6,1,279,260,0,311740,2025-02-04,2025-02-05,Expedited
2003,20250204,30,9,4,106,96,0,52704,2025-02-04,2025-02-05,Standard
2004,20250204,12,17,1,160,150,0,164850,2025-02-04,2025-02-09,Expedited
2005,20250204,26,8,2,287,282,0,70218,2025-02-04,2025-02-08,Standard
2006,20250205,20,11,4,101,91,0,118209,2025-02-05,2025-02-09,Standard
2007,20250205,16,10,4,153,139,0,166661,2025-02-05,2025-02-09,Standard
2008,20250205,15,13,1,246,242,0,604758,2025-02-05,2025-02-11,Expedited
2009,20250205,3,11,4,393,393,0,510507,2025-02-05,2025-02-08,Expedited
2010,20250205,22,20,3,442,442,0,353158,2025-02-05,2025-02-08,Expedited
2011,20250206,35,11,2,372,372,0,483228,2025-02-06,2025-02-12,Expedited
2012,20250206,30,4,1,201,201,0,200799,2025-02-06,2025-02-10,Expedited
2013,20250206,9,10,4,153,153,0,183447,2025-02-06,2025-02-12,Standard
2014,20250206,11,11,3,265,254,0,329946,2025-02-06,2025-02-12,Standard
2015,20250206,6,3,4,379,354,0,318246,2025-02-06,2025-02-10,Expedited
2016,20250207,32,11,1,161,161,0,209139,2025-02-07,2025-02-08,Expedited
2017,20250207,13,9,3,303,268,0,147132,2025-02-07,2025-02-08,Expedited
2018,20250207,26,18,3,74,74,0,29526,2025-02-07,2025-02-09,Expedited
2019,20250207,2,7,2,290,290,0,49010,2025-02-07,2025-02-12,Standard
2020,20250207,3,15,4,330,317,0,205733,2025-02-07,2025-02-13,Standard
2021,20250208,29,19,3,135,133,0,33117,2025-02-08,2025-02-13,Standard
2022,20250208,18,16,3,361,334,0,333666,2025-02-08,2025-02-12,Expedited
2023,20250208,13,6,2,220,220,0,263780,2025-02-08,2025-02-09,Expedited
2024,20250208,30,15,3,252,252,0,163548,2025-02-08,2025-02-11,Standard
2025,20250208,17,1,2,152,152,0,121448,2025-02-08,2025-02-10,Expedited
2026,20250209,9,14,4,243,227,0,79223,2025-02-09,2025-02-11,Expedited
2027,20250209,6,11,1,292,292,0,379308,2025-02-09,2025-02-13,Expedited
2028,20250209,15,17,2,455,436,0,479164,2025-02-09,2025-02-10,Expedited
2029,20250209,31,12,4,80,73,0,145927,2025-02-09,2025-02-11,Expedited
2030,20250209,29,1,2,186,186,0,148614,2025-02-09,2025-02-14,Standard
2031,20250210,35,11,3,435,434,0,563766,2025-02-10,2025-02-14,Expedited
2032,20250210,21,13,1,376,376,0,939624,2025-02-10,2025-02-15,Expedited
2033,20250210,16,20,4,209,193,0,154207,2025-02-10,2025-02-11,Expedited
2034,20250210,32,19,4,499,480,0,119520,2025-02-10,2025-02-14,Expedited
2035,20250210,2,16,1,312,312,0,311688,2025-02-10,2025-02-11,Expedited
2036,20250211,5,13,2,101,90,0,224910,2025-02-11,2025-02-13,Standard
2037,20250211,3,10,1,52,51,0,61149,2025-02-11,2025-02-17,Expedited
2038,20250211,2,1,1,185,166,0,132634,2025-02-11,2025-02-13,Standard
2039,20250211,13,14,2,487,430,0,150070,2025-02-11,2025-02-15,Standard
2040,20250211,25,3,4,290,280,0,251720,2025-02-11,2025-02-15,Standard
2041,20250212,2,14,2,324,324,0,113076,2025-02-12,2025-02-17,Expedited
2042,20250212,34,6,4,113,113,0,135487,2025-02-12,2025-02-17,Expedited
2043,20250212,25,14,3,96,88,0,30712,2025-02-12,2025-02-14,Standard
2044,20250212,31,14,1,266,252,0,87948,2025-02-12,2025-02-14,Standard
2045,20250212,18,4,4,50,50,0,49950,2025-02-12,2025-02-17,Expedited
2046,20250213,18,4,1,443,443,0,442557,2025-02-13,2025-02-17,Standard
2047,20250213,11,3,4,188,178,0,160022,2025-02-13,2025-02-17,Expedited
2048,20250213,32,8,2,161,149,0,37101,2025-02-13,2025-02-15,Standard
2049,20250213,3,6,1,402,402,0,481998,2025-02-13,2025-02-16,Expedited
2050,20250213,6,20,3,171,162,0,129438,2025-02-13,2025-02-16,Expedited
2051,20250214,20,5,2,157,144,0,143856,2025-02-14,2025-02-17,Standard
2052,20250214,32,4,2,165,152,0,151848,2025-02-14,2025-02-19,Standard
2053,20250214,12,18,2,235,235,0,93765,2025-02-14,2025-02-15,Standard
2054,20250214,32,13,3,461,461,0,1152039,2025-02-14,2025-02-19,Expedited
2055,20250214,2,15,4,271,265,0,171985,2025-02-14,2025-02-18,Expedited
2056,20250215,7,1,2,325,312,0,249288,2025-02-15,2025-02-16,Standard
2057,20250215,3,18,3,212,212,0,84588,2025-02-15,2025-02-20,Standard
2058,20250215,10,15,1,347,347,0,225203,2025-02-15,2025-02-16,Standard
2059,20250215,16,2,4,109,96,0,86304,2025-02-15,2025-02-16,Expedited
2060,20250215,26,2,4,280,280,0,251720,2025-02-15,2025-02-18,Standard
2061,20250216,21,16,3,275,271,0,270729,2025-02-16,2025-02-17,Standard
2062,20250216,12,6,2,418,418,0,501182,2025-02-16,2025-02-17,Expedited
2063,20250216,29,20,2,382,358,0,286042,2025-02-16,2025-02-18,Standard
2064,20250216,28,15,4,88,86,0,55814,2025-02-16,2025-02-21,Expedited
2065,20250216,8,10,3,384,384,0,460416,2025-02-16,2025-02-22,Expedited
2066,20250217,4,5,3,381,381,0,380619,2025-02-17,2025-02-18,Expedited
2067,20250217,11,8,1,97,97,0,24153,2025-02-17,2025-02-18,Standard
2068,20250217,34,19,1,116,116,0,28884,2025-02-17,2025-02-23,Standard
2069,20250217,14,14,4,185,168,0,58632,2025-02-17,2025-02-23,Expedited
2070,20250217,26,19,4,334,299,1,74451,2025-02-17,2025-02-22,Expedited
2071,20250218,21,15,3,225,220,0,142780,2025-02-18,2025-02-23,Expedited
2072,20250218,2,18,4,96,96,0,38304,2025-02-18,2025-02-24,Expedited
2073,20250218,28,13,1,488,488,0,1219512,2025-02-18,2025-02-21,Expedited
2074,20250218,8,5,4,222,200,0,199800,2025-02-18,2025-02-24,Expedited
2075,20250218,33,7,2,237,212,0,35828,2025-02-18,2025-02-23,Standard
2076,20250219,12,4,1,208,190,0,189810,2025-02-19,2025-02-24,Expedited
2077,20250219,12,1,3,100,100,0,79900,2025-02-19,2025-02-24,Expedited
2078,20250219,31,13,3,266,234,0,584766,2025-02-19,2025-02-20,Standard
2079,20250219,15,8,4,391,353,0,87897,2025-02-19,2025-02-20,Standard
2080,20250219,31,2,3,137,132,0,118668,2025-02-19,2025-02-21,Standard
2081,20250220,21,17,1,350,326,0,358274,2025-02-20,2025-02-26,Standard
2082,20250220,28,19,3,472,472,0,117528,2025-02-20,2025-02-25,Expedited
2083,20250220,7,12,2,319,307,0,613693,2025-02-20,2025-02-23,Standard
2084,20250220,30,7,1,295,281,0,47489,2025-02-20,2025-02-22,Standard
2085,20250220,33,4,3,51,46,0,45954,2025-02-20,2025-02-23,Expedited
2086,20250221,34,13,4,165,159,0,397341,2025-02-21,2025-02-23,Standard
2087,20250221,17,8,1,416,416,0,103584,2025-02-21,2025-02-27,Standard
2088,20250221,4,13,3,183,162,0,404838,2025-02-21,2025-02-25,Standard
2089,20250221,32,2,2,499,499,1,448601,2025-02-21,2025-02-22,Standard
2090,20250221,10,7,1,310,300,0,50700,2025-02-21,2025-02-23,Expedited
2091,20250222,23,1,1,230,228,0,182172,2025-02-22,2025-02-27,Expedited
2092,20250222,17,14,2,81,81,0,28269,2025-02-22,2025-02-24,Expedited
2093,20250222,1,15,4,365,345,0,223905,2025-02-22,2025-02-24,Standard
2094,20250222,31,3,2,424,424,0,381176,2025-02-22,2025-02-24,Standard
2095,20250222,33,5,1,483,483,0,482517,2025-02-22,2025-02-24,Standard
2096,20250223,27,17,3,322,314,0,345086,2025-02-23,2025-02-28,Standard
2097,20250223,7,19,3,466,418,0,104082,2025-02-23,2025-02-24,Expedited
2098,20250223,23,15,4,89,89,0,57761,2025-02-23,2025-03-01,Expedited
2099,20250223,29,13,3,60,56,0,139944,2025-02-23,2025-02-24,Standard
2100,20250223,24,4,4,92,81,0,80919,2025-02-23,2025-02-26,Expedited
2101,20250224,1,19,2,111,106,0,26394,2025-02-24,2025-03-01,Standard
2102,20250224,15,5,3,425,397,0,396603,2025-02-24,2025-02-28,Standard
2103,20250224,28,9,3,68,60,0,32940,2025-02-24,2025-02-26,Standard
2104,20250224,8,20,1,254,245,0,195755,2025-02-24,2025-02-25,Standard
2105,20250224,23,13,1,51,50,0,124950,2025-02-24,2025-02-26,Expedited
2106,20250225,20,8,3,342,342,0,85158,2025-02-25,2025-03-03,Standard
2107,20250225,8,11,3,139,139,0,180561,2025-02-25,2025-03-01,Standard
2108,20250225,20,12,1,267,251,0,501749,2025-02-25,2025-03-02,Standard
2109,20250225,33,18,3,254,225,0,89775,2025-02-25,2025-02-28,Standard
2110,20250225,24,5,4,453,405,1,404595,2025-02-25,2025-03-01,Expedited
2111,20250226,14,6,4,75,74,0,88726,2025-02-26,2025-03-02,Expedited
2112,20250226,1,14,3,166,166,0,57934,2025-02-26,2025-03-02,Expedited
2113,20250226,27,9,2,469,469,0,257481,2025-02-26,2025-03-01,Standard
2114,20250226,20,14,4,243,241,0,84109,2025-02-26,2025-02-28,Expedited
2115,20250226,30,3,4,334,302,0,271498,2025-02-26,2025-03-04,Standard
2116,20250227,15,8,3,238,210,0,52290,2025-02-27,2025-03-05,Expedited
2117,20250227,32,12,4,442,442,0,883558,2025-02-27,2025-03-04,Standard
2118,20250227,25,3,1,345,345,0,310155,2025-02-27,2025-03-01,Expedited
2119,20250227,8,8,3,431,431,0,107319,2025-02-27,2025-03-02,Standard
2120,20250227,16,9,3,321,292,0,160308,2025-02-27,2025-03-02,Standard
2121,20250228,3,9,1,175,169,0,92781,2025-02-28,2025-03-01,Expedited
2122,20250228,30,2,1,493,488,1,438712,2025-02-28,2025-03-02,Expedited
2123,20250228,28,17,3,319,283,0,311017,2025-02-28,2025-03-05,Expedited
2124,20250228,3,14,1,332,310,0,108190,2025-02-28,2025-03-04,Expedited
2125,20250228,15,15,2,81,81,0,52569,2025-02-28,2025-03-01,Expedited
2126,20250301,26,8,4,341,341,0,84909,2025-03-01,2025-03-02,Standard
2127,20250301,26,14,3,314,308,0,107492,2025-03-01,2025-03-06,Expedited
2128,20250301,20,17,3,433,411,0,451689,2025-03-01,2025-03-06,Standard
2129,20250301,9,14,1,456,416,0,145184,2025-03-01,2025-03-07,Expedited
2130,20250301,21,11,3,134,134,0,174066,2025-03-01,2025-03-06,Standard
2131,20250302,26,16,2,402,402,0,401598,2025-03-02,2025-03-06,Standard
2132,20250302,21,1,3,131,121,0,96679,2025-03-02,2025-03-06,Expedited
2133,20250302,34,16,4,389,357,0,356643,2025-03-02,2025-03-04,Standard
2134,20250302,28,8,1,310,297,0,73953,2025-03-02,2025-03-05,Standard
2135,20250302,23,16,4,204,204,0,203796,2025-03-02,2025-03-05,Standard
2136,20250303,5,7,2,142,131,0,22139,2025-03-03,2025-03-06,Expedited
2137,20250303,30,19,2,434,390,0,97110,2025-03-03,2025-03-04,Expedited
2138,20250303,28,11,4,357,351,0,455949,2025-03-03,2025-03-08,Standard
2139,20250303,33,14,1,383,357,0,124593,2025-03-03,2025-03-06,Expedited
2140,20250303,14,4,3,113,113,0,112887,2025-03-03,2025-03-08,Standard
2141,20250304,10,1,1,442,442,0,353158,2025-03-04,2025-03-07,Expedited
2142,20250304,17,1,3,204,200,0,159800,2025-03-04,2025-03-10,Expedited
2143,20250304,24,11,1,161,161,1,209139,2025-03-04,2025-03-07,Expedited
2144,20250304,11,3,1,230,230,0,206770,2025-03-04,2025-03-07,Standard
2145,20250304,34,11,1,366,366,0,475434,2025-03-04,2025-03-10,Standard
2146,20250305,30,7,1,442,403,0,68107,2025-03-05,2025-03-09,Standard
2147,20250305,33,13,4,214,211,0,527289,2025-03-05,2025-03-09,Expedited
2148,20250305,11,16,1,347,311,0,310689,2025-03-05,2025-03-08,Expedited
2149,20250305,32,12,4,429,429,0,857571,2025-03-05,2025-03-06,Standard
2150,20250305,24,3,4,182,165,0,148335,2025-03-05,2025-03-09,Standard
2151,20250306,33,4,2,106,93,0,92907,2025-03-06,2025-03-12,Standard
2152,20250306,24,9,2,132,118,0,64782,2025-03-06,2025-03-11,Standard
2153,20250306,4,10,3,299,264,0,316536,2025-03-06,2025-03-11,Standard
2154,20250306,15,17,4,402,356,0,391244,2025-03-06,2025-03-11,Standard
2155,20250306,5,8,1,491,487,1,121263,2025-03-06,2025-03-08,Expedited
2156,20250307,19,10,1,468,468,0,561132,2025-03-07,2025-03-09,Standard
2157,20250307,33,2,1,155,155,0,139345,2025-03-07,2025-03-08,Expedited
2158,20250307,24,17,2,273,252,0,276948,2025-03-07,2025-03-12,Expedited
2159,20250307,19,11,3,371,371,0,481929,2025-03-07,2025-03-10,Standard
2160,20250307,13,19,4,423,398,0,99102,2025-03-07,2025-03-13,Expedited
2161,20250308,30,19,4,335,316,0,78684,2025-03-08,2025-03-14,Standard
2162,20250308,6,2,1,91,91,0,81809,2025-03-08,2025-03-14,Expedited
2163,20250308,10,8,4,329,319,0,79431,2025-03-08,2025-03-13,Expedited
2164,20250308,22,8,3,101,99,0,24651,2025-03-08,2025-03-14,Standard
2165,20250308,7,2,1,112,112,0,100688,2025-03-08,2025-03-10,Expedited
2166,20250309,23,1,3,104,98,0,78302,2025-03-09,2025-03-14,Standard
2167,20250309,7,11,1,178,175,1,227325,2025-03-09,2025-03-15,Expedited
2168,20250309,32,17,3,96,96,0,105504,2025-03-09,2025-03-10,Standard
2169,20250309,4,20,2,285,265,0,211735,2025-03-09,2025-03-15,Standard
2170,20250309,18,8,1,414,414,0,103086,2025-03-09,2025-03-15,Expedited
2171,20250310,27,7,3,269,248,0,41912,2025-03-10,2025-03-14,Standard
2172,20250310,32,4,3,187,187,0,186813,2025-03-10,2025-03-13,Standard
2173,20250310,17,6,1,227,227,0,272173,2025-03-10,2025-03-14,Expedited
2174,20250310,7,11,1,244,236,0,306564,2025-03-10,2025-03-12,Expedited
2175,20250310,28,15,4,412,411,0,266739,2025-03-10,2025-03-16,Standard
2176,20250311,23,12,1,131,124,0,247876,2025-03-11,2025-03-14,Expedited
2177,20250311,5,5,4,371,371,0,370629,2025-03-11,2025-03-13,Expedited
2178,20250311,25,19,3,120,120,0,29880,2025-03-11,2025-03-16,Standard
2179,20250311,30,15,4,255,229,0,148621,2025-03-11,2025-03-17,Expedited
2180,20250311,9,2,4,215,209,0,187891,2025-03-11,2025-03-12,Standard
2181,20250312,32,7,4,360,360,0,60840,2025-03-12,2025-03-13,Expedited
2182,20250312,9,16,2,209,209,0,208791,2025-03-12,2025-03-16,Expedited
2183,20250312,10,12,4,236,231,0,461769,2025-03-12,2025-03-16,Standard
2184,20250312,25,1,1,186,178,0,142222,2025-03-12,2025-03-18,Expedited
2185,20250312,20,8,2,61,61,0,15189,2025-03-12,2025-03-17,Expedited
2186,20250313,24,3,2,218,218,0,195982,2025-03-13,2025-03-19,Expedited
2187,20250313,34,7,3,145,131,0,22139,2025-03-13,2025-03-19,Expedited
2188,20250313,35,20,1,477,458,0,365942,2025-03-13,2025-03-17,Expedited
2189,20250313,8,7,3,259,259,0,43771,2025-03-13,2025-03-18,Expedited
2190,20250313,34,14,4,389,375,0,130875,2025-03-13,2025-03-16,Expedited
2191,20250314,22,11,2,208,196,0,254604,2025-03-14,2025-03-20,Expedited
2192,20250314,17,9,3,414,412,0,226188,2025-03-14,2025-03-19,Expedited
2193,20250314,26,10,4,483,426,0,510774,2025-03-14,2025-03-15,Expedited
2194,20250314,5,16,1,483,483,0,482517,2025-03-14,2025-03-17,Standard
2195,20250314,33,3,2,240,234,0,210366,2025-03-14,2025-03-20,Standard
2196,20250315,28,11,1,359,353,0,458547,2025-03-15,2025-03-18,Expedited
2197,20250315,20,2,1,76,76,0,68324,2025-03-15,2025-03-21,Expedited
2198,20250315,4,7,1,132,132,0,22308,2025-03-15,2025-03-18,Expedited
2199,20250315,17,1,1,157,157,0,125443,2025-03-15,2025-03-17,Expedited
2200,20250315,11,16,2,359,322,0,321678,2025-03-15,2025-03-21,Expedited
2201,20250316,23,11,2,263,263,0,341637,2025-03-16,2025-03-21,Expedited
2202,20250316,6,1,3,234,234,0,186966,2025-03-16,2025-03-20,Standard
2203,20250316,32,20,4,370,355,0,283645,2025-03-16,2025-03-20,Standard
2204,20250316,10,2,1,498,440,0,395560,2025-03-16,2025-03-21,Standard
2205,20250316,13,6,2,137,127,0,152273,2025-03-16,2025-03-22,Expedited
2206,20250317,32,1,4,217,198,0,158202,2025-03-17,2025-03-22,Expedited
2207,20250317,35,1,4,125,117,0,93483,2025-03-17,2025-03-19,Expedited
2208,20250317,21,12,2,208,187,0,373813,2025-03-17,2025-03-22,Standard
2209,20250317,4,20,4,66,65,0,51935,2025-03-17,2025-03-23,Expedited
2210,20250317,27,1,3,383,346,0,276454,2025-03-17,2025-03-18,Standard
2211,20250318,12,15,1,234,234,0,151866,2025-03-18,2025-03-21,Expedited
2212,20250318,27,6,2,307,307,0,368093,2025-03-18,2025-03-22,Expedited
2213,20250318,1,15,3,266,266,0,172634,2025-03-18,2025-03-22,Standard
2214,20250318,34,8,3,136,134,0,33366,2025-03-18,2025-03-23,Standard
2215,20250318,24,10,2,387,345,0,413655,2025-03-18,2025-03-22,Standard
2216,20250319,29,20,3,436,436,1,348364,2025-03-19,2025-03-23,Expedited
2217,20250319,15,9,4,66,60,0,32940,2025-03-19,2025-03-25,Standard
2218,20250319,4,13,3,315,312,0,779688,2025-03-19,2025-03-21,Standard
2219,20250319,1,16,2,82,82,0,81918,2025-03-19,2025-03-21,Expedited
2220,20250319,24,14,3,426,378,0,131922,2025-03-19,2025-03-23,Expedited
2221,20250320,33,12,2,215,215,0,429785,2025-03-20,2025-03-21,Standard
2222,20250320,28,14,1,435,406,0,141694,2025-03-20,2025-03-21,Expedited
2223,20250320,30,4,2,300,296,0,295704,2025-03-20,2025-03-25,Standard
2224,20250320,23,10,1,83,75,0,89925,2025-03-20,2025-03-24,Standard
2225,20250320,12,5,3,279,279,0,278721,2025-03-20,2025-03-25,Expedited
2226,20250321,2,15,4,136,132,0,85668,2025-03-21,2025-03-24,Expedited
2227,20250321,5,19,3,463,421,0,104829,2025-03-21,2025-03-22,Standard
2228,20250321,12,8,3,102,102,0,25398,2025-03-21,2025-03-26,Expedited
2229,20250321,18,12,1,85,85,0,169915,2025-03-21,2025-03-22,Standard
2230,20250321,20,12,1,133,124,0,247876,2025-03-21,2025-03-22,Standard
2231,20250322,26,20,1,155,139,0,111061,2025-03-22,2025-03-23,Expedited
2232,20250322,6,14,1,169,166,0,57934,2025-03-22,2025-03-26,Expedited
2233,20250322,27,16,3,237,237,0,236763,2025-03-22,2025-03-27,Expedited
2234,20250322,13,2,3,311,290,0,260710,2025-03-22,2025-03-23,Expedited
2235,20250322,20,1,2,237,235,0,187765,2025-03-22,2025-03-26,Expedited
2236,20250323,6,17,1,406,390,0,428610,2025-03-23,2025-03-28,Expedited
2237,20250323,28,9,1,472,472,1,259128,2025-03-23,2025-03-28,Expedited
2238,20250323,23,18,2,130,115,0,45885,2025-03-23,2025-03-26,Expedited
2239,20250323,8,8,3,96,88,0,21912,2025-03-23,2025-03-26,Standard
2240,20250323,34,2,2,191,170,0,152830,2025-03-23,2025-03-27,Expedited
2241,20250324,16,12,4,439,439,0,877561,2025-03-24,2025-03-27,Standard
2242,20250324,34,8,1,210,208,0,51792,2025-03-24,2025-03-30,Standard
2243,20250324,5,2,4,284,260,0,233740,2025-03-24,2025-03-29,Expedited
2244,20250324,30,15,1,296,278,0,180422,2025-03-24,2025-03-29,Standard
2245,20250324,21,19,4,472,472,0,117528,2025-03-24,2025-03-29,Expedited
2246,20250325,23,10,2,149,149,0,178651,2025-03-25,2025-03-27,Expedited
2247,20250325,25,15,4,458,448,0,290752,2025-03-25,2025-03-30,Standard
2248,20250325,17,3,1,109,103,0,92597,2025-03-25,2025-03-30,Expedited
2249,20250325,18,12,3,182,182,0,363818,2025-03-25,2025-03-31,Standard
2250,20250325,1,13,2,123,123,0,307377,2025-03-25,2025-03-28,Standard
2251,20250326,16,16,4,282,256,0,255744,2025-03-26,2025-03-29,Expedited
2252,20250326,9,18,4,139,131,0,52269,2025-03-26,2025-04-01,Standard
2253,20250326,14,14,2,242,221,0,77129,2025-03-26,2025-04-01,Expedited
2254,20250326,33,2,2,453,411,0,369489,2025-03-26,2025-03-29,Standard
2255,20250326,6,7,4,137,133,0,22477,2025-03-26,2025-04-01,Standard
2256,20250327,16,11,1,94,92,0,119508,2025-03-27,2025-03-31,Standard
2257,20250327,23,9,4,286,286,0,157014,2025-03-27,2025-03-29,Expedited
2258,20250327,25,2,1,437,437,0,392863,2025-03-27,2025-03-28,Standard
2259,20250327,4,4,3,176,155,0,154845,2025-03-27,2025-03-29,Expedited
2260,20250327,17,20,2,304,276,0,220524,2025-03-27,2025-03-30,Expedited
2261,20250328,34,16,1,161,161,0,160839,2025-03-28,2025-04-01,Standard
2262,20250328,2,17,3,83,76,0,83524,2025-03-28,2025-03-29,Standard
2263,20250328,35,10,2,167,147,0,176253,2025-03-28,2025-03-31,Expedited
2264,20250328,5,13,3,250,240,0,599760,2025-03-28,2025-03-31,Standard
2265,20250328,5,5,4,298,274,0,273726,2025-03-28,2025-03-29,Expedited
2266,20250329,14,7,3,209,184,0,31096,2025-03-29,2025-03-31,Expedited
2267,20250329,16,14,4,130,120,0,41880,2025-03-29,2025-04-01,Standard
2268,20250329,18,13,4,257,226,1,564774,2025-03-29,2025-04-01,Standard
2269,20250329,16,1,4,314,306,0,244494,2025-03-29,2025-03-31,Standard
2270,20250329,33,7,1,177,173,0,29237,2025-03-29,2025-04-03,Expedited
2271,20250330,17,14,1,410,385,0,134365,2025-03-30,2025-04-01,Standard
2272,20250330,12,14,2,431,431,0,150419,2025-03-30,2025-04-04,Expedited
2273,20250330,30,2,4,282,282,0,253518,2025-03-30,2025-04-03,Standard
2274,20250330,19,18,3,262,233,0,92967,2025-03-30,2025-04-02,Standard
2275,20250330,21,17,4,102,97,0,106603,2025-03-30,2025-04-04,Expedited
2276,20250331,4,15,4,366,358,0,232342,2025-03-31,2025-04-01,Standard
2277,20250331,28,6,4,113,113,0,135487,2025-03-31,2025-04-06,Standard
2278,20250331,19,14,3,174,159,1,55491,2025-03-31,2025-04-05,Expedited
2279,20250331,21,12,1,134,129,0,257871,2025-03-31,2025-04-01,Expedited
2280,20250331,6,3,2,458,458,0,411742,2025-03-31,2025-04-05,Standard
2281,20250401,34,5,1,300,287,0,286713,2025-04-01,2025-04-04,Standard
2282,20250401,20,19,3,135,135,0,33615,2025-04-01,2025-04-03,Expedited
2283,20250401,30,4,1,458,458,0,457542,2025-04-01,2025-04-06,Standard
2284,20250401,9,15,4,434,434,0,281666,2025-04-01,2025-04-02,Standard
2285,20250401,10,4,3,259,259,0,258741,2025-04-01,2025-04-07,Standard
2286,20250402,2,15,2,286,286,0,185614,2025-04-02,2025-04-03,Expedited
2287,20250402,29,11,3,297,290,0,376710,2025-04-02,2025-04-06,Standard
2288,20250402,5,5,2,163,157,0,156843,2025-04-02,2025-04-06,Standard
2289,20250402,32,20,2,453,450,0,359550,2025-04-02,2025-04-05,Expedited
2290,20250402,21,19,3,396,351,0,87399,2025-04-02,2025-04-07,Standard
2291,20250403,1,1,2,307,289,0,230911,2025-04-03,2025-04-05,Expedited
2292,20250403,30,15,3,421,407,0,264143,2025-04-03,2025-04-09,Standard
2293,20250403,14,11,2,328,326,0,423474,2025-04-03,2025-04-09,Expedited
2294,20250403,27,8,4,132,127,0,31623,2025-04-03,2025-04-04,Standard
2295,20250403,8,14,2,180,180,0,62820,2025-04-03,2025-04-07,Expedited
2296,20250404,27,5,3,240,225,0,224775,2025-04-04,2025-04-09,Standard
2297,20250404,29,11,1,404,379,0,492321,2025-04-04,2025-04-07,Standard
2298,20250404,20,4,3,296,267,0,266733,2025-04-04,2025-04-06,Expedited
2299,20250404,14,4,1,306,306,0,305694,2025-04-04,2025-04-06,Expedited
2300,20250404,6,18,1,429,399,0,159201,2025-04-04,2025-04-07,Standard
2301,20250405,9,18,3,133,133,0,53067,2025-04-05,2025-04-10,Standard
2302,20250405,23,5,4,250,228,0,227772,2025-04-05,2025-04-08,Standard
2303,20250405,31,20,3,238,238,0,190162,2025-04-05,2025-04-08,Standard
2304,20250405,4,12,1,64,64,1,127936,2025-04-05,2025-04-06,Expedited
2305,20250405,27,4,2,153,139,0,138861,2025-04-05,2025-04-06,Standard
2306,20250406,8,9,4,141,135,0,74115,2025-04-06,2025-04-08,Standard
2307,20250406,20,1,4,276,276,0,220524,2025-04-06,2025-04-11,Expedited
2308,20250406,3,7,3,126,126,0,21294,2025-04-06,2025-04-07,Standard
2309,20250406,27,6,2,410,397,1,476003,2025-04-06,2025-04-08,Standard
2310,20250406,12,1,4,457,439,0,350761,2025-04-06,2025-04-10,Expedited
2311,20250407,32,6,1,399,356,0,426844,2025-04-07,2025-04-11,Expedited
2312,20250407,10,9,1,460,414,0,227286,2025-04-07,2025-04-08,Standard
2313,20250407,19,2,2,405,378,0,339822,2025-04-07,2025-04-12,Standard
2314,20250407,16,4,2,128,127,0,126873,2025-04-07,2025-04-11,Standard
2315,20250407,29,15,4,81,81,0,52569,2025-04-07,2025-04-09,Standard
2316,20250408,2,19,2,102,98,0,24402,2025-04-08,2025-04-10,Standard
2317,20250408,35,10,1,52,49,0,58751,2025-04-08,2025-04-09,Expedited
2318,20250408,24,1,1,140,136,0,108664,2025-04-08,2025-04-09,Expedited
2319,20250408,19,1,3,65,65,0,51935,2025-04-08,2025-04-12,Standard
2320,20250408,6,5,2,53,48,0,47952,2025-04-08,2025-04-11,Expedited
2321,20250409,15,6,2,108,108,0,129492,2025-04-09,2025-04-15,Standard
2322,20250409,6,19,2,171,153,0,38097,2025-04-09,2025-04-15,Expedited
2323,20250409,11,14,1,191,170,0,59330,2025-04-09,2025-04-12,Expedited
2324,20250409,15,12,3,455,451,0,901549,2025-04-09,2025-04-12,Expedited
2325,20250409,23,16,1,302,301,0,300699,2025-04-09,2025-04-14,Expedited
2326,20250410,24,5,3,100,90,0,89910,2025-04-10,2025-04-11,Expedited
2327,20250410,25,10,2,466,443,0,531157,2025-04-10,2025-04-16,Standard
2328,20250410,26,8,3,86,84,0,20916,2025-04-10,2025-04-16,Standard
2329,20250410,8,3,1,326,326,0,293074,2025-04-10,2025-04-12,Expedited
2330,20250410,16,5,3,248,219,0,218781,2025-04-10,2025-04-11,Standard
2331,20250411,8,2,2,152,152,0,136648,2025-04-11,2025-04-16,Standard
2332,20250411,34,19,4,354,354,0,88146,2025-04-11,2025-04-17,Standard
2333,20250411,11,10,3,218,198,0,237402,2025-04-11,2025-04-13,Expedited
2334,20250411,6,4,3,222,222,0,221778,2025-04-11,2025-04-15,Standard
2335,20250411,13,14,3,409,374,0,130526,2025-04-11,2025-04-14,Standard
2336,20250412,16,17,3,187,187,0,205513,2025-04-12,2025-04-14,Expedited
2337,20250412,32,5,3,210,210,0,209790,2025-04-12,2025-04-17,Expedited
2338,20250412,22,18,4,448,399,1,159201,2025-04-12,2025-04-14,Expedited
2339,20250412,13,19,1,400,400,0,99600,2025-04-12,2025-04-13,Expedited
2340,20250412,10,7,2,309,303,0,51207,2025-04-12,2025-04-16,Standard
2341,20250413,23,6,3,497,491,0,588709,2025-04-13,2025-04-14,Expedited
2342,20250413,21,2,2,251,236,0,212164,2025-04-13,2025-04-15,Standard
2343,20250413,8,1,1,208,190,0,151810,2025-04-13,2025-04-17,Expedited
2344,20250413,10,18,2,243,222,0,88578,2025-04-13,2025-04-14,Standard
2345,20250413,14,14,2,229,209,0,72941,2025-04-13,2025-04-19,Standard
2346,20250414,18,4,1,339,314,0,313686,2025-04-14,2025-04-15,Expedited
2347,20250414,5,9,4,61,54,0,29646,2025-04-14,2025-04-17,Expedited
2348,20250414,15,4,2,200,185,0,184815,2025-04-14,2025-04-20,Standard
2349,20250414,28,16,3,310,293,0,292707,2025-04-14,2025-04-20,Expedited
2350,20250414,15,9,3,307,276,0,151524,2025-04-14,2025-04-18,Expedited
2351,20250415,7,13,1,261,245,0,612255,2025-04-15,2025-04-21,Expedited
2352,20250415,3,20,2,256,240,0,191760,2025-04-15,2025-04-17,Standard
2353,20250415,16,17,3,213,213,0,234087,2025-04-15,2025-04-20,Standard
2354,20250415,15,12,2,236,236,0,471764,2025-04-15,2025-04-21,Standard
2355,20250415,17,4,3,243,236,0,235764,2025-04-15,2025-04-17,Expedited
2356,20250416,32,18,3,100,95,0,37905,2025-04-16,2025-04-22,Expedited
2357,20250416,31,4,4,448,448,0,447552,2025-04-16,2025-04-21,Standard
2358,20250416,6,11,3,443,394,0,511806,2025-04-16,2025-04-19,Expedited
2359,20250416,25,9,1,362,362,0,198738,2025-04-16,2025-04-17,Expedited
2360,20250416,26,15,1,441,424,0,275176,2025-04-16,2025-04-20,Expedited
2361,20250417,22,12,1,313,290,0,579710,2025-04-17,2025-04-22,Expedited
2362,20250417,33,6,1,223,215,0,257785,2025-04-17,2025-04-23,Standard
2363,20250417,28,4,3,357,337,0,336663,2025-04-17,2025-04-23,Standard
2364,20250417,5,17,3,172,158,0,173642,2025-04-17,2025-04-21,Expedited
2365,20250417,31,18,4,58,51,0,20349,2025-04-17,2025-04-22,Expedited
2366,20250418,20,8,1,373,373,0,92877,2025-04-18,2025-04-23,Expedited
2367,20250418,27,17,4,68,65,0,71435,2025-04-18,2025-04-23,Standard
2368,20250418,4,14,3,85,85,0,29665,2025-04-18,2025-04-22,Standard
2369,20250418,26,19,1,413,404,0,100596,2025-04-18,2025-04-20,Standard
2370,20250418,35,11,3,127,127,0,164973,2025-04-18,2025-04-24,Standard
2371,20250419,26,18,4,352,316,0,126084,2025-04-19,2025-04-21,Expedited
2372,20250419,28,15,3,363,333,0,216117,2025-04-19,2025-04-25,Expedited
2373,20250419,10,6,2,353,352,0,422048,2025-04-19,2025-04-23,Expedited
2374,20250419,6,9,4,401,381,0,209169,2025-04-19,2025-04-20,Expedited
2375,20250419,19,10,3,314,279,0,334521,2025-04-19,2025-04-23,Standard
2376,20250420,20,4,3,295,289,0,288711,2025-04-20,2025-04-21,Standard
2377,20250420,11,14,3,405,390,0,136110,2025-04-20,2025-04-24,Standard
2378,20250420,3,6,1,309,309,0,370491,2025-04-20,2025-04-24,Expedited
2379,20250420,16,15,3,145,139,0,90211,2025-04-20,2025-04-23,Expedited
2380,20250420,6,17,4,100,100,0,109900,2025-04-20,2025-04-23,Expedited
2381,20250421,1,20,4,468,468,0,373932,2025-04-21,2025-04-24,Expedited
2382,20250421,33,13,3,390,353,0,882147,2025-04-21,2025-04-26,Standard
2383,20250421,10,16,4,291,291,0,290709,2025-04-21,2025-04-26,Expedited
2384,20250421,12,13,2,108,102,0,254898,2025-04-21,2025-04-25,Expedited
2385,20250421,12,4,1,148,132,0,131868,2025-04-21,2025-04-24,Expedited
2386,20250422,31,12,3,450,442,0,883558,2025-04-22,2025-04-28,Expedited
2387,20250422,24,13,4,412,405,0,1012095,2025-04-22,2025-04-28,Expedited
2388,20250422,30,15,1,489,457,0,296593,2025-04-22,2025-04-27,Standard
2389,20250422,12,5,2,472,472,0,471528,2025-04-22,2025-04-23,Expedited
2390,20250422,29,6,2,283,275,0,329725,2025-04-22,2025-04-25,Expedited
2391,20250423,7,20,4,217,217,0,173383,2025-04-23,2025-04-26,Expedited
2392,20250423,35,5,4,124,111,0,110889,2025-04-23,2025-04-26,Expedited
2393,20250423,30,10,4,81,72,0,86328,2025-04-23,2025-04-26,Standard
2394,20250423,26,12,1,219,218,0,435782,2025-04-23,2025-04-29,Standard
2395,20250423,27,10,2,295,295,0,353705,2025-04-23,2025-04-25,Expedited
2396,20250424,29,18,2,142,142,0,56658,2025-04-24,2025-04-30,Expedited
2397,20250424,32,8,2,144,134,0,33366,2025-04-24,2025-04-25,Expedited
2398,20250424,6,3,3,493,484,0,435116,2025-04-24,2025-04-30,Expedited
2399,20250424,13,11,4,289,289,0,375411,2025-04-24,2025-04-30,Expedited
2400,20250424,17,10,1,435,401,0,480799,2025-04-24,2025-04-30,Expedited
2401,20250425,21,8,3,406,361,0,89889,2025-04-25,2025-04-30,Expedited
2402,20250425,20,14,1,121,121,0,42229,2025-04-25,2025-04-27,Expedited
2403,20250425,2,6,2,220,219,0,262581,2025-04-25,2025-04-28,Expedited
2404,20250425,31,2,1,357,356,0,320044,2025-04-25,2025-04-29,Expedited
2405,20250425,16,5,1,292,280,0,279720,2025-04-25,2025-05-01,Expedited
2406,20250426,14,4,3,436,436,0,435564,2025-04-26,2025-04-29,Expedited
2407,20250426,22,4,4,396,363,0,362637,2025-04-26,2025-05-02,Standard
2408,20250426,35,9,1,76,67,0,36783,2025-04-26,2025-04-28,Standard
2409,20250426,25,4,3,229,204,0,203796,2025-04-26,2025-04-28,Expedited
2410,20250426,13,5,4,300,300,1,299700,2025-04-26,2025-04-28,Standard
2411,20250427,5,9,4,471,454,0,249246,2025-04-27,2025-05-03,Expedited
2412,20250427,6,8,3,168,166,0,41334,2025-04-27,2025-05-02,Standard
2413,20250427,17,13,4,400,400,0,999600,2025-04-27,2025-04-29,Standard
2414,20250427,32,3,3,151,139,0,124961,2025-04-27,2025-04-30,Standard
2415,20250427,35,18,4,481,481,0,191919,2025-04-27,2025-04-28,Expedited
2416,20250428,12,19,2,483,461,0,114789,2025-04-28,2025-05-04,Standard
2417,20250428,9,20,4,78,78,0,62322,2025-04-28,2025-04-29,Standard
2418,20250428,8,19,2,413,382,0,95118,2025-04-28,2025-05-04,Expedited
2419,20250428,13,8,2,478,465,0,115785,2025-04-28,2025-04-30,Expedited
2420,20250428,11,7,2,285,267,0,45123,2025-04-28,2025-04-29,Expedited
2421,20250429,4,2,1,331,331,0,297569,2025-04-29,2025-05-04,Standard
2422,20250429,29,2,3,91,86,0,77314,2025-04-29,2025-05-03,Expedited
2423,20250429,5,4,3,156,153,0,152847,2025-04-29,2025-05-05,Expedited
2424,20250429,1,1,3,429,391,0,312409,2025-04-29,2025-05-03,Expedited
2425,20250429,24,19,4,109,109,0,27141,2025-04-29,2025-05-03,Standard
2426,20250430,31,1,1,277,272,0,217328,2025-04-30,2025-05-05,Standard
2427,20250430,18,20,2,265,258,0,206142,2025-04-30,2025-05-02,Expedited
2428,20250430,29,4,1,285,285,0,284715,2025-04-30,2025-05-01,Expedited
2429,20250430,6,12,4,136,136,0,271864,2025-04-30,2025-05-02,Expedited
2430,20250430,22,20,4,107,94,0,75106,2025-04-30,2025-05-02,Expedited
2431,20250501,34,4,2,402,402,0,401598,2025-05-01,2025-05-04,Standard
2432,20250501,8,10,4,300,300,0,359700,2025-05-01,2025-05-02,Standard
2433,20250501,4,10,2,227,207,1,248193,2025-05-01,2025-05-07,Expedited
2434,20250501,33,5,2,159,159,0,158841,2025-05-01,2025-05-05,Standard
2435,20250501,31,9,3,462,425,0,233325,2025-05-01,2025-05-03,Expedited
2436,20250502,2,18,3,291,288,0,114912,2025-05-02,2025-05-06,Standard
2437,20250502,14,12,1,293,293,0,585707,2025-05-02,2025-05-04,Standard
2438,20250502,7,10,1,162,159,0,190641,2025-05-02,2025-05-04,Standard
2439,20250502,8,7,2,67,64,0,10816,2025-05-02,2025-05-03,Expedited
2440,20250502,30,8,4,123,123,0,30627,2025-05-02,2025-05-04,Standard
2441,20250503,31,20,3,190,175,0,139825,2025-05-03,2025-05-07,Expedited
2442,20250503,19,14,3,78,76,0,26524,2025-05-03,2025-05-07,Expedited
2443,20250503,30,4,1,250,250,0,249750,2025-05-03,2025-05-09,Standard
2444,20250503,16,4,1,214,214,0,213786,2025-05-03,2025-05-05,Standard
2445,20250503,29,3,3,174,156,0,140244,2025-05-03,2025-05-05,Standard
2446,20250504,19,16,2,143,139,0,138861,2025-05-04,2025-05-07,Expedited
2447,20250504,3,14,2,164,163,0,56887,2025-05-04,2025-05-10,Standard
2448,20250504,31,4,1,190,186,0,185814,2025-05-04,2025-05-09,Expedited
2449,20250504,17,2,1,339,329,1,295771,2025-05-04,2025-05-10,Standard
2450,20250504,4,17,3,216,216,0,237384,2025-05-04,2025-05-06,Standard
2451,20250505,17,17,4,116,110,0,120890,2025-05-05,2025-05-07,Expedited
2452,20250505,17,9,1,270,258,0,141642,2025-05-05,2025-05-11,Expedited
2453,20250505,1,16,3,444,438,0,437562,2025-05-05,2025-05-11,Standard
2454,20250505,28,17,1,279,274,0,301126,2025-05-05,2025-05-09,Expedited
2455,20250505,23,5,2,64,62,0,61938,2025-05-05,2025-05-10,Expedited
2456,20250506,27,15,1,409,371,0,240779,2025-05-06,2025-05-07,Standard
2457,20250506,17,19,2,357,315,0,78435,2025-05-06,2025-05-08,Standard
2458,20250506,15,13,3,321,308,0,769692,2025-05-06,2025-05-09,Standard
2459,20250506,3,5,4,375,375,0,374625,2025-05-06,2025-05-12,Standard
2460,20250506,25,7,2,433,384,0,64896,2025-05-06,2025-05-12,Expedited
2461,20250507,19,18,1,402,402,0,160398,2025-05-07,2025-05-09,Standard
2462,20250507,22,20,3,393,353,0,282047,2025-05-07,2025-05-09,Expedited
2463,20250507,2,15,1,424,424,1,275176,2025-05-07,2025-05-11,Standard
2464,20250507,18,15,4,324,297,0,192753,2025-05-07,2025-05-12,Expedited
2465,20250507,21,16,1,499,499,0,498501,2025-05-07,2025-05-13,Standard
2466,20250508,19,2,1,419,409,0,367691,2025-05-08,2025-05-10,Expedited
2467,20250508,27,13,3,269,267,0,667233,2025-05-08,2025-05-14,Expedited
2468,20250508,16,6,1,178,160,0,191840,2025-05-08,2025-05-11,Standard
2469,20250508,12,11,1,353,313,0,406587,2025-05-08,2025-05-14,Standard
2470,20250508,17,13,1,320,320,0,799680,2025-05-08,2025-05-12,Standard
2471,20250509,4,9,3,125,119,0,65331,2025-05-09,2025-05-10,Standard
2472,20250509,7,14,3,203,197,0,68753,2025-05-09,2025-05-14,Expedited
2473,20250509,25,20,2,440,438,0,349962,2025-05-09,2025-05-13,Expedited
2474,20250509,12,9,3,428,409,0,224541,2025-05-09,2025-05-11,Standard
2475,20250509,21,13,1,393,392,0,979608,2025-05-09,2025-05-15,Standard
2476,20250510,26,6,2,410,399,0,478401,2025-05-10,2025-05-16,Expedited
2477,20250510,17,15,3,492,461,0,299189,2025-05-10,2025-05-11,Expedited
2478,20250510,2,4,4,467,461,0,460539,2025-05-10,2025-05-11,Standard
2479,20250510,10,18,1,380,380,0,151620,2025-05-10,2025-05-16,Expedited
2480,20250510,14,1,4,406,359,0,286841,2025-05-10,2025-05-13,Expedited
2481,20250511,3,10,4,498,472,0,565928,2025-05-11,2025-05-17,Standard
2482,20250511,6,2,4,294,276,0,248124,2025-05-11,2025-05-17,Standard
2483,20250511,7,13,4,326,292,0,729708,2025-05-11,2025-05-14,Standard
2484,20250511,33,11,3,408,360,0,467640,2025-05-11,2025-05-17,Standard
2485,20250511,22,15,2,349,327,0,212223,2025-05-11,2025-05-13,Standard
2486,20250512,25,4,2,287,287,0,286713,2025-05-12,2025-05-14,Expedited
2487,20250512,26,20,3,429,429,0,342771,2025-05-12,2025-05-13,Expedited
2488,20250512,23,16,3,439,425,0,424575,2025-05-12,2025-05-16,Standard
2489,20250512,28,10,1,415,400,0,479600,2025-05-12,2025-05-15,Expedited
2490,20250512,20,20,2,188,177,0,141423,2025-05-12,2025-05-17,Expedited
2491,20250513,11,17,4,154,151,0,165949,2025-05-13,2025-05-17,Expedited
2492,20250513,7,10,3,310,310,0,371690,2025-05-13,2025-05-19,Expedited
2493,20250513,2,15,4,360,337,0,218713,2025-05-13,2025-05-19,Standard
2494,20250513,9,17,2,212,204,0,224196,2025-05-13,2025-05-14,Expedited
2495,20250513,5,13,3,103,103,0,257397,2025-05-13,2025-05-18,Expedited
2496,20250514,23,16,1,184,184,0,183816,2025-05-14,2025-05-20,Expedited
2497,20250514,10,5,3,56,56,0,55944,2025-05-14,2025-05-17,Expedited
2498,20250514,35,14,4,232,232,0,80968,2025-05-14,2025-05-17,Expedited
2499,20250514,8,20,1,439,407,0,325193,2025-05-14,2025-05-20,Standard
2500,20250514,19,15,2,497,497,0,322553,2025-05-14,2025-05-20,Standard
2501,20250515,9,11,3,53,53,0,68847,2025-05-15,2025-05-16,Standard
2502,20250515,9,7,1,421,388,0,65572,2025-05-15,2025-05-20,Expedited
2503,20250515,20,20,4,253,253,0,202147,2025-05-15,2025-05-16,Expedited
2504,20250515,24,1,1,298,298,0,238102,2025-05-15,2025-05-17,Expedited
2505,20250515,22,15,4,155,148,0,96052,2025-05-15,2025-05-16,Expedited
2506,20250516,15,12,4,154,138,0,275862,2025-05-16,2025-05-22,Expedited
2507,20250516,16,10,4,443,430,0,515570,2025-05-16,2025-05-17,Expedited
2508,20250516,10,15,2,238,227,0,147323,2025-05-16,2025-05-17,Expedited
2509,20250516,23,2,3,173,163,0,146537,2025-05-16,2025-05-17,Expedited
2510,20250516,10,7,2,375,349,0,58981,2025-05-16,2025-05-17,Standard
2511,20250517,3,4,4,426,426,0,425574,2025-05-17,2025-05-22,Expedited
2512,20250517,5,11,1,148,148,0,192252,2025-05-17,2025-05-20,Expedited
2513,20250517,11,18,1,486,485,0,193515,2025-05-17,2025-05-23,Standard
2514,20250517,7,14,2,243,243,0,84807,2025-05-17,2025-05-22,Standard
2515,20250517,11,4,1,84,84,0,83916,2025-05-17,2025-05-21,Standard
2516,20250518,30,3,4,474,457,0,410843,2025-05-18,2025-05-20,Standard
2517,20250518,34,19,1,360,357,0,88893,2025-05-18,2025-05-21,Standard
2518,20250518,16,6,1,442,417,0,499983,2025-05-18,2025-05-19,Expedited
2519,20250518,6,15,3,443,429,0,278421,2025-05-18,2025-05-21,Standard
2520,20250518,9,2,4,362,362,0,325438,2025-05-18,2025-05-19,Standard
2521,20250519,11,7,2,185,166,0,28054,2025-05-19,2025-05-22,Expedited
2522,20250519,15,20,2,482,472,0,377128,2025-05-19,2025-05-23,Standard
2523,20250519,24,19,4,432,402,0,100098,2025-05-19,2025-05-21,Standard
2524,20250519,23,3,2,444,444,0,399156,2025-05-19,2025-05-25,Expedited
2525,20250519,8,9,4,214,211,0,115839,2025-05-19,2025-05-24,Standard
2526,20250520,29,16,3,345,334,0,333666,2025-05-20,2025-05-22,Expedited
2527,20250520,20,5,3,343,343,0,342657,2025-05-20,2025-05-24,Expedited
2528,20250520,16,10,3,282,269,0,322531,2025-05-20,2025-05-24,Expedited
2529,20250520,20,19,1,439,431,0,107319,2025-05-20,2025-05-24,Expedited
2530,20250520,12,10,4,305,305,0,365695,2025-05-20,2025-05-23,Expedited
2531,20250521,9,20,2,394,382,0,305218,2025-05-21,2025-05-23,Standard
2532,20250521,13,5,4,492,443,0,442557,2025-05-21,2025-05-24,Expedited
2533,20250521,29,7,2,243,229,0,38701,2025-05-21,2025-05-23,Expedited
2534,20250521,32,17,1,289,261,0,286839,2025-05-21,2025-05-27,Expedited
2535,20250521,1,9,3,326,316,0,173484,2025-05-21,2025-05-26,Expedited
2536,20250522,16,2,1,53,52,0,46748,2025-05-22,2025-05-26,Expedited
2537,20250522,27,17,4,460,460,1,505540,2025-05-22,2025-05-25,Expedited
2538,20250522,32,2,2,199,182,0,163618,2025-05-22,2025-05-26,Expedited
2539,20250522,14,20,1,393,355,0,283645,2025-05-22,2025-05-26,Standard
2540,20250522,7,17,3,90,88,0,96712,2025-05-22,2025-05-26,Expedited
2541,20250523,10,7,2,222,209,0,35321,2025-05-23,2025-05-24,Standard
2542,20250523,16,8,1,150,150,0,37350,2025-05-23,2025-05-25,Expedited
2543,20250523,19,14,3,335,317,0,110633,2025-05-23,2025-05-25,Expedited
2544,20250523,11,17,2,321,289,0,317611,2025-05-23,2025-05-28,Expedited
2545,20250523,23,14,1,354,354,0,123546,2025-05-23,2025-05-24,Standard
2546,20250524,25,11,2,415,415,0,539085,2025-05-24,2025-05-25,Standard
2547,20250524,9,1,2,116,107,0,85493,2025-05-24,2025-05-29,Standard
2548,20250524,27,5,3,261,239,0,238761,2025-05-24,2025-05-25,Expedited
2549,20250524,3,13,3,394,362,0,904638,2025-05-24,2025-05-30,Expedited
2550,20250524,18,17,2,167,167,0,183533,2025-05-24,2025-05-25,Standard
2551,20250525,7,1,1,330,298,0,238102,2025-05-25,2025-05-31,Expedited
2552,20250525,35,2,4,448,448,0,402752,2025-05-25,2025-05-30,Expedited
2553,20250525,34,13,2,309,307,0,767193,2025-05-25,2025-05-30,Standard
2554,20250525,23,3,4,488,463,0,416237,2025-05-25,2025-05-26,Expedited
2555,20250525,17,20,1,310,295,0,235705,2025-05-25,2025-05-28,Standard
2556,20250526,35,1,2,308,308,0,246092,2025-05-26,2025-05-31,Standard
2557,20250526,12,16,3,122,114,0,113886,2025-05-26,2025-05-27,Standard
2558,20250526,22,17,1,362,362,0,397838,2025-05-26,2025-05-27,Expedited
2559,20250526,22,14,2,149,139,0,48511,2025-05-26,2025-05-29,Expedited
2560,20250526,12,2,3,127,127,0,114173,2025-05-26,2025-05-31,Expedited
2561,20250527,21,1,2,312,303,0,242097,2025-05-27,2025-05-28,Expedited
2562,20250527,30,17,4,437,406,0,446194,2025-05-27,2025-05-30,Standard
2563,20250527,14,9,1,409,377,1,206973,2025-05-27,2025-06-02,Expedited
2564,20250527,32,12,1,65,62,0,123938,2025-05-27,2025-05-28,Expedited
2565,20250527,23,10,2,227,226,0,270974,2025-05-27,2025-06-02,Expedited
2566,20250528,31,1,3,180,168,0,134232,2025-05-28,2025-05-30,Standard
2567,20250528,28,14,1,165,148,0,51652,2025-05-28,2025-06-03,Standard
2568,20250528,7,14,1,105,103,0,35947,2025-05-28,2025-06-01,Expedited
2569,20250528,10,9,3,239,239,0,131211,2025-05-28,2025-05-30,Expedited
2570,20250528,2,5,2,382,369,0,368631,2025-05-28,2025-06-03,Standard
2571,20250529,11,7,2,244,234,0,39546,2025-05-29,2025-06-04,Expedited
2572,20250529,27,18,4,221,195,0,77805,2025-05-29,2025-06-01,Expedited
2573,20250529,10,8,1,327,288,0,71712,2025-05-29,2025-06-04,Standard
2574,20250529,16,14,4,63,63,0,21987,2025-05-29,2025-06-04,Standard
2575,20250529,21,16,1,351,327,0,326673,2025-05-29,2025-06-01,Standard
2576,20250530,31,3,1,372,354,0,318246,2025-05-30,2025-06-01,Standard
2577,20250530,19,7,4,272,272,0,45968,2025-05-30,2025-06-03,Expedited
2578,20250530,30,6,2,447,447,0,535953,2025-05-30,2025-06-03,Expedited
2579,20250530,31,14,4,496,462,0,161238,2025-05-30,2025-05-31,Expedited
2580,20250530,35,10,1,321,306,0,366894,2025-05-30,2025-06-02,Standard
2581,20250531,8,4,4,435,415,0,414585,2025-05-31,2025-06-02,Standard
2582,20250531,7,2,2,277,248,0,222952,2025-05-31,2025-06-03,Expedited
2583,20250531,29,11,3,198,176,0,228624,2025-05-31,2025-06-06,Standard
2584,20250531,6,14,2,321,286,0,99814,2025-05-31,2025-06-03,Standard
2585,20250531,14,15,1,183,174,0,112926,2025-05-31,2025-06-05,Expedited
2586,20250601,3,3,1,232,213,0,191487,2025-06-01,2025-06-04,Expedited
2587,20250601,35,18,2,320,320,0,127680,2025-06-01,2025-06-04,Expedited
2588,20250601,12,5,2,292,292,0,291708,2025-06-01,2025-06-05,Expedited
2589,20250601,2,3,1,405,405,0,364095,2025-06-01,2025-06-07,Expedited
2590,20250601,10,5,1,425,395,0,394605,2025-06-01,2025-06-03,Standard
2591,20250602,2,15,1,141,136,0,88264,2025-06-02,2025-06-07,Expedited
2592,20250602,29,13,3,352,352,0,879648,2025-06-02,2025-06-07,Expedited
2593,20250602,12,2,1,363,344,0,309256,2025-06-02,2025-06-05,Expedited
2594,20250602,2,3,3,60,60,0,53940,2025-06-02,2025-06-03,Standard
2595,20250602,29,1,4,192,180,0,143820,2025-06-02,2025-06-06,Standard
2596,20250603,29,20,4,315,281,0,224519,2025-06-03,2025-06-08,Expedited
2597,20250603,9,11,1,79,79,0,102621,2025-06-03,2025-06-08,Expedited
2598,20250603,34,7,1,52,52,0,8788,2025-06-03,2025-06-07,Expedited
2599,20250603,13,2,4,105,102,0,91698,2025-06-03,2025-06-07,Standard
2600,20250603,30,12,4,210,189,0,377811,2025-06-03,2025-06-06,Standard
2601,20250604,7,4,4,81,81,0,80919,2025-06-04,2025-06-10,Expedited
2602,20250604,11,15,1,213,213,0,138237,2025-06-04,2025-06-05,Standard
2603,20250604,29,9,1,70,67,0,36783,2025-06-04,2025-06-07,Standard
2604,20250604,34,14,4,346,346,0,120754,2025-06-04,2025-06-08,Expedited
2605,20250604,6,2,2,97,93,0,83607,2025-06-04,2025-06-09,Standard
2606,20250605,17,3,4,247,234,0,210366,2025-06-05,2025-06-08,Expedited
2607,20250605,32,18,3,309,309,0,123291,2025-06-05,2025-06-10,Standard
2608,20250605,34,16,3,247,237,0,236763,2025-06-05,2025-06-10,Expedited
2609,20250605,34,19,4,465,443,0,110307,2025-06-05,2025-06-11,Standard
2610,20250605,14,12,1,135,135,0,269865,2025-06-05,2025-06-07,Standard
2611,20250606,35,17,3,293,293,0,322007,2025-06-06,2025-06-12,Expedited
2612,20250606,1,14,1,460,460,0,160540,2025-06-06,2025-06-09,Expedited
2613,20250606,31,8,4,217,206,0,51294,2025-06-06,2025-06-12,Standard
2614,20250606,14,15,1,479,452,1,293348,2025-06-06,2025-06-12,Standard
2615,20250606,29,17,1,145,145,1,159355,2025-06-06,2025-06-12,Standard
2616,20250607,14,20,4,424,418,0,333982,2025-06-07,2025-06-12,Expedited
2617,20250607,18,6,1,209,189,0,226611,2025-06-07,2025-06-08,Standard
2618,20250607,8,20,4,253,253,0,202147,2025-06-07,2025-06-12,Expedited
2619,20250607,13,9,1,220,213,0,116937,2025-06-07,2025-06-11,Expedited
2620,20250607,10,15,1,253,236,0,153164,2025-06-07,2025-06-09,Expedited
2621,20250608,8,20,2,278,267,0,213333,2025-06-08,2025-06-13,Standard
2622,20250608,13,2,2,492,492,0,442308,2025-06-08,2025-06-12,Expedited
2623,20250608,24,4,1,57,57,0,56943,2025-06-08,2025-06-11,Expedited
2624,20250608,29,10,4,209,186,0,223014,2025-06-08,2025-06-10,Expedited
2625,20250608,3,10,3,255,248,0,297352,2025-06-08,2025-06-14,Expedited
2626,20250609,10,15,3,247,233,0,151217,2025-06-09,2025-06-12,Expedited
2627,20250609,20,20,4,61,61,0,48739,2025-06-09,2025-06-10,Expedited
2628,20250609,34,13,1,431,431,0,1077069,2025-06-09,2025-06-10,Standard
2629,20250609,18,3,3,364,324,0,291276,2025-06-09,2025-06-15,Standard
2630,20250609,20,14,2,437,401,0,139949,2025-06-09,2025-06-10,Expedited
2631,20250610,34,19,4,151,141,0,35109,2025-06-10,2025-06-16,Expedited
2632,20250610,8,1,4,323,285,0,227715,2025-06-10,2025-06-13,Expedited
2633,20250610,14,16,4,71,63,0,62937,2025-06-10,2025-06-13,Expedited
2634,20250610,1,3,4,190,190,0,170810,2025-06-10,2025-06-15,Expedited
2635,20250610,16,9,2,89,82,0,45018,2025-06-10,2025-06-14,Expedited
2636,20250611,34,4,4,416,377,0,376623,2025-06-11,2025-06-14,Expedited
2637,20250611,31,3,2,243,243,0,218457,2025-06-11,2025-06-17,Expedited
2638,20250611,1,3,4,96,96,0,86304,2025-06-11,2025-06-15,Expedited
2639,20250611,33,2,3,379,352,0,316448,2025-06-11,2025-06-12,Expedited
2640,20250611,29,2,1,405,380,0,341620,2025-06-11,2025-06-14,Standard
2641,20250612,22,2,2,344,310,0,278690,2025-06-12,2025-06-14,Standard
2642,20250612,10,2,2,202,201,0,180699,2025-06-12,2025-06-17,Expedited
2643,20250612,6,1,1,333,333,0,266067,2025-06-12,2025-06-14,Expedited
2644,20250612,12,18,1,147,136,0,54264,2025-06-12,2025-06-13,Expedited
2645,20250612,28,9,3,79,79,0,43371,2025-06-12,2025-06-13,Expedited
2646,20250613,1,5,4,182,182,0,181818,2025-06-13,2025-06-15,Standard
2647,20250613,3,7,2,226,226,0,38194,2025-06-13,2025-06-15,Expedited
2648,20250613,6,2,2,154,139,0,124961,2025-06-13,2025-06-18,Expedited
2649,20250613,15,13,4,424,374,0,934626,2025-06-13,2025-06-19,Expedited
2650,20250613,22,8,4,174,160,0,39840,2025-06-13,2025-06-14,Standard
2651,20250614,1,11,1,380,380,0,493620,2025-06-14,2025-06-15,Standard
2652,20250614,3,8,4,108,101,0,25149,2025-06-14,2025-06-20,Standard
2653,20250614,10,2,2,138,128,0,115072,2025-06-14,2025-06-15,Expedited
2654,20250614,32,1,3,71,67,0,53533,2025-06-14,2025-06-17,Expedited
2655,20250614,10,19,2,115,101,0,25149,2025-06-14,2025-06-19,Expedited
2656,20250615,32,10,1,255,236,0,282964,2025-06-15,2025-06-18,Standard
2657,20250615,22,20,3,286,283,0,226117,2025-06-15,2025-06-17,Standard
2658,20250615,22,10,3,388,344,0,412456,2025-06-15,2025-06-16,Standard
2659,20250615,18,18,3,90,89,0,35511,2025-06-15,2025-06-17,Standard
2660,20250615,29,17,1,261,261,0,286839,2025-06-15,2025-06-19,Expedited
2661,20250616,35,4,2,423,392,0,391608,2025-06-16,2025-06-18,Expedited
2662,20250616,19,10,4,481,481,0,576719,2025-06-16,2025-06-17,Standard
2663,20250616,9,9,3,217,207,0,113643,2025-06-16,2025-06-20,Standard
2664,20250616,15,11,1,65,65,0,84435,2025-06-16,2025-06-22,Standard
2665,20250616,20,9,4,114,114,0,62586,2025-06-16,2025-06-21,Standard
2666,20250617,19,18,1,184,184,0,73416,2025-06-17,2025-06-21,Standard
2667,20250617,26,3,3,415,372,0,334428,2025-06-17,2025-06-19,Standard
2668,20250617,1,8,3,155,150,0,37350,2025-06-17,2025-06-22,Expedited
2669,20250617,20,3,3,442,442,0,397358,2025-06-17,2025-06-18,Standard
2670,20250617,16,6,4,261,253,0,303347,2025-06-17,2025-06-21,Standard
2671,20250618,24,15,1,347,347,0,225203,2025-06-18,2025-06-22,Expedited
2672,20250618,23,4,1,101,101,0,100899,2025-06-18,2025-06-21,Expedited
2673,20250618,14,20,2,101,97,0,77503,2025-06-18,2025-06-20,Expedited
2674,20250618,3,12,3,161,154,0,307846,2025-06-18,2025-06-19,Expedited
2675,20250618,22,9,4,165,165,0,90585,2025-06-18,2025-06-21,Expedited
2676,20250619,9,3,3,215,197,0,177103,2025-06-19,2025-06-22,Standard
2677,20250619,13,17,2,257,240,0,263760,2025-06-19,2025-06-24,Expedited
2678,20250619,33,19,2,435,435,0,108315,2025-06-19,2025-06-20,Standard
2679,20250619,2,20,3,449,423,0,337977,2025-06-19,2025-06-22,Expedited
2680,20250619,14,13,3,468,420,0,1049580,2025-06-19,2025-06-23,Standard
2681,20250620,35,15,3,460,460,0,298540,2025-06-20,2025-06-25,Standard
2682,20250620,23,13,4,332,332,0,829668,2025-06-20,2025-06-22,Standard
2683,20250620,28,11,3,471,471,0,611829,2025-06-20,2025-06-22,Expedited
2684,20250620,22,3,1,293,264,0,237336,2025-06-20,2025-06-24,Expedited
2685,20250620,33,10,4,190,177,0,212223,2025-06-20,2025-06-22,Standard
2686,20250621,18,4,2,389,348,0,347652,2025-06-21,2025-06-25,Standard
2687,20250621,4,18,1,250,250,0,99750,2025-06-21,2025-06-22,Expedited
2688,20250621,8,1,3,340,313,0,250087,2025-06-21,2025-06-25,Standard
2689,20250621,20,1,3,436,436,0,348364,2025-06-21,2025-06-23,Standard
2690,20250621,26,6,1,337,313,0,375287,2025-06-21,2025-06-25,Standard
2691,20250622,28,19,2,427,412,0,102588,2025-06-22,2025-06-28,Expedited
2692,20250622,25,1,4,140,136,0,108664,2025-06-22,2025-06-26,Expedited
2693,20250622,19,19,2,134,123,0,30627,2025-06-22,2025-06-24,Standard
2694,20250622,25,19,3,256,226,0,56274,2025-06-22,2025-06-25,Standard
2695,20250622,12,1,4,311,311,0,248489,2025-06-22,2025-06-26,Expedited
2696,20250623,5,3,1,366,366,0,329034,2025-06-23,2025-06-26,Expedited
2697,20250623,33,19,3,139,131,0,32619,2025-06-23,2025-06-28,Expedited
2698,20250623,31,15,4,190,179,0,116171,2025-06-23,2025-06-27,Standard
2699,20250623,6,16,2,176,155,0,154845,2025-06-23,2025-06-25,Standard
2700,20250623,15,18,4,150,139,0,55461,2025-06-23,2025-06-29,Standard
2701,20250624,31,4,1,381,362,0,361638,2025-06-24,2025-06-27,Expedited
2702,20250624,14,15,3,457,438,0,284262,2025-06-24,2025-06-29,Standard
2703,20250624,27,1,4,195,195,0,155805,2025-06-24,2025-06-30,Standard
2704,20250624,10,7,2,294,294,0,49686,2025-06-24,2025-06-29,Standard
2705,20250624,14,6,3,479,454,1,544346,2025-06-24,2025-06-30,Standard
2706,20250625,29,12,2,220,219,0,437781,2025-06-25,2025-06-30,Standard
2707,20250625,4,4,2,483,435,0,434565,2025-06-25,2025-06-29,Expedited
2708,20250625,11,5,2,378,333,0,332667,2025-06-25,2025-06-28,Standard
2709,20250625,21,17,4,283,283,0,311017,2025-06-25,2025-06-26,Expedited
2710,20250625,3,15,4,85,81,0,52569,2025-06-25,2025-06-30,Standard
2711,20250626,11,19,2,121,121,0,30129,2025-06-26,2025-06-27,Standard
2712,20250626,14,13,1,207,205,0,512295,2025-06-26,2025-06-29,Standard
2713,20250626,35,2,4,346,346,0,311054,2025-06-26,2025-07-02,Standard
2714,20250626,30,11,1,343,343,0,445557,2025-06-26,2025-06-29,Standard
2715,20250626,4,16,2,214,214,0,213786,2025-06-26,2025-06-27,Standard
2716,20250627,14,4,3,343,343,0,342657,2025-06-27,2025-06-29,Standard
2717,20250627,19,8,1,136,136,0,33864,2025-06-27,2025-07-02,Standard
2718,20250627,18,9,4,160,141,1,77409,2025-06-27,2025-07-03,Expedited
2719,20250627,9,4,4,239,239,0,238761,2025-06-27,2025-07-03,Expedited
2720,20250627,2,12,3,170,153,0,305847,2025-06-27,2025-07-01,Expedited
2721,20250628,34,16,1,184,183,0,182817,2025-06-28,2025-07-02,Expedited
2722,20250628,28,5,4,96,93,0,92907,2025-06-28,2025-07-03,Standard
2723,20250628,7,3,1,345,323,0,290377,2025-06-28,2025-06-29,Expedited
2724,20250628,32,17,4,263,263,0,289037,2025-06-28,2025-06-30,Standard
2725,20250628,33,5,4,91,88,0,87912,2025-06-28,2025-07-03,Expedited
2726,20250629,5,6,3,144,127,0,152273,2025-06-29,2025-07-01,Standard
2727,20250629,30,20,2,211,194,0,155006,2025-06-29,2025-06-30,Expedited
2728,20250629,7,14,4,278,259,0,90391,2025-06-29,2025-07-01,Expedited
2729,20250629,16,12,3,498,498,0,995502,2025-06-29,2025-07-01,Standard
2730,20250629,18,10,2,424,424,0,508376,2025-06-29,2025-07-04,Expedited
2731,20250630,22,1,4,277,277,0,221323,2025-06-30,2025-07-03,Expedited
2732,20250630,11,18,2,263,263,0,104937,2025-06-30,2025-07-01,Expedited
2733,20250630,5,5,2,456,456,0,455544,2025-06-30,2025-07-03,Expedited
2734,20250630,8,20,2,246,246,0,196554,2025-06-30,2025-07-06,Expedited
2735,20250630,27,13,2,418,402,0,1004598,2025-06-30,2025-07-06,Expedited
2736,20250701,17,19,4,84,84,0,20916,2025-07-01,2025-07-07,Standard
2737,20250701,15,6,1,197,197,0,236203,2025-07-01,2025-07-02,Expedited
2738,20250701,26,8,4,398,366,0,91134,2025-07-01,2025-07-05,Standard
2739,20250701,32,1,3,186,181,0,144619,2025-07-01,2025-07-06,Standard
2740,20250701,21,18,3,163,163,0,65037,2025-07-01,2025-07-02,Expedited
2741,20250702,3,7,3,332,301,0,50869,2025-07-02,2025-07-07,Standard
2742,20250702,30,16,4,315,315,0,314685,2025-07-02,2025-07-08,Expedited
2743,20250702,10,20,1,429,409,0,326791,2025-07-02,2025-07-06,Expedited
2744,20250702,15,4,1,114,114,0,113886,2025-07-02,2025-07-04,Standard
2745,20250702,4,20,3,464,434,0,346766,2025-07-02,2025-07-07,Expedited
2746,20250703,31,1,2,367,367,1,293233,2025-07-03,2025-07-04,Expedited
2747,20250703,14,16,4,396,363,0,362637,2025-07-03,2025-07-04,Standard
2748,20250703,24,18,2,144,133,0,53067,2025-07-03,2025-07-08,Expedited
2749,20250703,16,7,4,131,119,0,20111,2025-07-03,2025-07-09,Standard
2750,20250703,22,17,2,264,240,0,263760,2025-07-03,2025-07-09,Standard
2751,20250704,30,14,1,306,271,0,94579,2025-07-04,2025-07-05,Expedited
2752,20250704,35,12,2,414,414,0,827586,2025-07-04,2025-07-09,Standard
2753,20250704,30,14,1,309,309,0,107841,2025-07-04,2025-07-10,Expedited
2754,20250704,8,8,1,455,420,0,104580,2025-07-04,2025-07-10,Standard
2755,20250704,34,3,4,397,397,0,356903,2025-07-04,2025-07-07,Expedited
2756,20250705,31,13,1,369,343,0,857157,2025-07-05,2025-07-08,Standard
2757,20250705,31,2,1,226,217,0,195083,2025-07-05,2025-07-11,Expedited
2758,20250705,32,2,1,140,140,0,125860,2025-07-05,2025-07-10,Expedited
2759,20250705,7,3,1,218,207,0,186093,2025-07-05,2025-07-11,Standard
2760,20250705,16,3,3,287,280,0,251720,2025-07-05,2025-07-11,Standard
2761,20250706,31,15,3,213,202,0,131098,2025-07-06,2025-07-07,Expedited
2762,20250706,6,5,4,398,382,0,381618,2025-07-06,2025-07-11,Expedited
2763,20250706,29,12,1,379,379,0,757621,2025-07-06,2025-07-09,Standard
2764,20250706,32,14,4,120,120,0,41880,2025-07-06,2025-07-11,Expedited
2765,20250706,32,1,2,243,243,0,194157,2025-07-06,2025-07-08,Standard
2766,20250707,33,10,2,313,313,0,375287,2025-07-07,2025-07-08,Expedited
2767,20250707,7,8,4,363,363,0,90387,2025-07-07,2025-07-10,Expedited
2768,20250707,30,9,2,427,388,0,213012,2025-07-07,2025-07-10,Expedited
2769,20250707,24,9,3,67,67,0,36783,2025-07-07,2025-07-09,Standard
2770,20250707,8,4,2,102,98,0,97902,2025-07-07,2025-07-09,Standard
2771,20250708,21,20,2,198,184,0,147016,2025-07-08,2025-07-10,Expedited
2772,20250708,6,6,2,223,206,0,246994,2025-07-08,2025-07-13,Expedited
2773,20250708,25,18,1,202,202,0,80598,2025-07-08,2025-07-13,Standard
2774,20250708,8,16,2,166,166,0,165834,2025-07-08,2025-07-11,Standard
2775,20250708,31,20,1,142,142,0,113458,2025-07-08,2025-07-09,Standard
2776,20250709,17,7,2,191,191,0,32279,2025-07-09,2025-07-15,Expedited
2777,20250709,15,5,2,354,341,0,340659,2025-07-09,2025-07-14,Expedited
2778,20250709,9,4,3,120,120,0,119880,2025-07-09,2025-07-14,Expedited
2779,20250709,8,16,2,94,83,0,82917,2025-07-09,2025-07-13,Expedited
2780,20250709,5,19,1,179,177,0,44073,2025-07-09,2025-07-10,Standard
2781,20250710,2,11,4,476,476,0,618324,2025-07-10,2025-07-14,Standard
2782,20250710,22,15,4,467,467,0,303083,2025-07-10,2025-07-13,Expedited
2783,20250710,22,5,1,337,305,0,304695,2025-07-10,2025-07-11,Standard
2784,20250710,9,12,4,413,413,0,825587,2025-07-10,2025-07-15,Standard
2785,20250710,28,2,1,155,137,0,123163,2025-07-10,2025-07-13,Standard
2786,20250711,7,12,3,161,161,0,321839,2025-07-11,2025-07-17,Standard
2787,20250711,3,13,1,267,264,0,659736,2025-07-11,2025-07-14,Expedited
2788,20250711,29,14,4,480,436,0,152164,2025-07-11,2025-07-15,Expedited
2789,20250711,12,14,3,435,435,0,151815,2025-07-11,2025-07-15,Expedited
2790,20250711,23,3,2,430,420,0,377580,2025-07-11,2025-07-14,Expedited
2791,20250712,30,15,4,229,224,0,145376,2025-07-12,2025-07-16,Expedited
2792,20250712,10,8,1,401,375,0,93375,2025-07-12,2025-07-13,Standard
2793,20250712,35,10,3,70,70,0,83930,2025-07-12,2025-07-16,Standard
2794,20250712,35,10,3,267,267,0,320133,2025-07-12,2025-07-13,Standard
2795,20250712,14,9,1,120,108,1,59292,2025-07-12,2025-07-14,Expedited
2796,20250713,27,2,2,240,238,0,213962,2025-07-13,2025-07-16,Standard
2797,20250713,23,2,3,265,255,0,229245,2025-07-13,2025-07-16,Standard
2798,20250713,2,15,2,336,321,0,208329,2025-07-13,2025-07-18,Standard
2799,20250713,4,14,1,381,381,0,132969,2025-07-13,2025-07-17,Standard
2800,20250713,12,9,3,167,167,0,91683,2025-07-13,2025-07-14,Standard
2801,20250714,3,10,2,443,439,0,526361,2025-07-14,2025-07-18,Expedited
2802,20250714,20,10,2,497,497,0,595903,2025-07-14,2025-07-17,Expedited
2803,20250714,1,12,1,300,266,0,531734,2025-07-14,2025-07-18,Standard
2804,20250714,25,13,1,468,468,0,1169532,2025-07-14,2025-07-18,Standard
2805,20250714,7,15,4,217,214,0,138886,2025-07-14,2025-07-20,Expedited
2806,20250715,19,5,2,495,495,0,494505,2025-07-15,2025-07-19,Standard
2807,20250715,23,12,1,430,395,0,789605,2025-07-15,2025-07-16,Standard
2808,20250715,30,4,1,436,421,0,420579,2025-07-15,2025-07-20,Expedited
2809,20250715,29,2,4,147,147,0,132153,2025-07-15,2025-07-20,Standard
2810,20250715,2,9,3,185,170,0,93330,2025-07-15,2025-07-19,Standard
2811,20250716,15,7,4,493,493,0,83317,2025-07-16,2025-07-18,Standard
2812,20250716,2,13,1,488,485,1,1212015,2025-07-16,2025-07-21,Standard
2813,20250716,32,14,3,427,427,0,149023,2025-07-16,2025-07-17,Standard
2814,20250716,15,10,4,278,252,0,302148,2025-07-16,2025-07-19,Standard
2815,20250716,33,16,3,101,97,0,96903,2025-07-16,2025-07-18,Expedited
2816,20250717,2,7,2,217,208,0,35152,2025-07-17,2025-07-20,Expedited
2817,20250717,12,9,3,345,345,0,189405,2025-07-17,2025-07-19,Standard
2818,20250717,33,9,1,349,329,0,180621,2025-07-17,2025-07-22,Standard
2819,20250717,8,14,2,318,304,0,106096,2025-07-17,2025-07-19,Expedited
2820,20250717,31,4,1,344,318,0,317682,2025-07-17,2025-07-21,Expedited
2821,20250718,20,11,1,422,422,0,548178,2025-07-18,2025-07-22,Expedited
2822,20250718,29,9,2,158,150,0,82350,2025-07-18,2025-07-21,Standard
2823,20250718,8,8,2,249,249,0,62001,2025-07-18,2025-07-24,Standard
2824,20250718,25,6,3,155,144,0,172656,2025-07-18,2025-07-20,Standard
2825,20250718,13,4,3,227,227,0,226773,2025-07-18,2025-07-20,Expedited
2826,20250719,31,17,3,245,235,0,258265,2025-07-19,2025-07-21,Standard
2827,20250719,35,11,3,235,212,0,275388,2025-07-19,2025-07-24,Expedited
2828,20250719,26,11,2,408,383,0,497517,2025-07-19,2025-07-25,Standard
2829,20250719,23,15,3,163,161,0,104489,2025-07-19,2025-07-24,Expedited
2830,20250719,23,1,3,366,366,0,292434,2025-07-19,2025-07-20,Expedited
2831,20250720,33,12,4,88,88,0,175912,2025-07-20,2025-07-23,Expedited
2832,20250720,16,4,4,259,259,0,258741,2025-07-20,2025-07-22,Expedited
2833,20250720,30,12,3,78,73,0,145927,2025-07-20,2025-07-26,Standard
2834,20250720,8,8,2,439,431,0,107319,2025-07-20,2025-07-25,Expedited
2835,20250720,23,4,2,430,430,0,429570,2025-07-20,2025-07-24,Expedited
2836,20250721,19,5,3,452,452,0,451548,2025-07-21,2025-07-26,Expedited
2837,20250721,16,4,2,416,416,0,415584,2025-07-21,2025-07-25,Standard
2838,20250721,13,9,1,471,467,0,256383,2025-07-21,2025-07-24,Standard
2839,20250721,13,12,4,490,459,0,917541,2025-07-21,2025-07-24,Standard
2840,20250721,3,18,3,430,430,0,171570,2025-07-21,2025-07-25,Standard
2841,20250722,19,11,4,351,310,0,402690,2025-07-22,2025-07-28,Standard
2842,20250722,12,17,3,61,61,0,67039,2025-07-22,2025-07-28,Expedited
2843,20250722,27,3,2,84,84,0,75516,2025-07-22,2025-07-24,Expedited
2844,20250722,14,12,2,51,46,0,91954,2025-07-22,2025-07-23,Standard
2845,20250722,25,4,1,161,150,0,149850,2025-07-22,2025-07-26,Expedited
2846,20250723,3,20,3,246,246,0,196554,2025-07-23,2025-07-25,Standard
2847,20250723,3,2,3,266,258,0,231942,2025-07-23,2025-07-25,Expedited
2848,20250723,11,8,2,296,296,0,73704,2025-07-23,2025-07-28,Expedited
2849,20250723,18,3,3,472,426,1,382974,2025-07-23,2025-07-27,Standard
2850,20250723,22,17,1,380,339,0,372561,2025-07-23,2025-07-29,Expedited
2851,20250724,3,13,4,62,60,0,149940,2025-07-24,2025-07-25,Standard
2852,20250724,10,9,4,283,283,0,155367,2025-07-24,2025-07-29,Standard
2853,20250724,25,10,2,297,297,0,356103,2025-07-24,2025-07-30,Expedited
2854,20250724,10,15,4,356,356,0,231044,2025-07-24,2025-07-29,Standard
2855,20250724,2,14,4,416,408,0,142392,2025-07-24,2025-07-30,Expedited
2856,20250725,34,1,1,311,311,1,248489,2025-07-25,2025-07-26,Expedited
2857,20250725,28,13,3,100,100,0,249900,2025-07-25,2025-07-26,Expedited
2858,20250725,16,12,2,321,321,0,641679,2025-07-25,2025-07-27,Standard
2859,20250725,7,12,2,201,201,0,401799,2025-07-25,2025-07-27,Expedited
2860,20250725,17,4,4,118,104,0,103896,2025-07-25,2025-07-26,Standard
2861,20250726,30,17,3,82,80,0,87920,2025-07-26,2025-07-28,Standard
2862,20250726,7,5,3,64,60,0,59940,2025-07-26,2025-07-31,Standard
2863,20250726,6,20,4,390,380,0,303620,2025-07-26,2025-07-28,Standard
2864,20250726,3,13,1,484,442,0,1104558,2025-07-26,2025-07-31,Expedited
2865,20250726,12,15,3,89,89,0,57761,2025-07-26,2025-08-01,Expedited
2866,20250727,16,10,2,429,394,0,472406,2025-07-27,2025-07-29,Standard
2867,20250727,9,9,3,85,81,0,44469,2025-07-27,2025-08-02,Standard
2868,20250727,6,11,4,396,392,0,509208,2025-07-27,2025-07-29,Expedited
2869,20250727,28,14,1,242,228,0,79572,2025-07-27,2025-08-01,Expedited
2870,20250727,32,10,1,332,332,0,398068,2025-07-27,2025-08-02,Standard
2871,20250728,7,18,3,132,132,0,52668,2025-07-28,2025-07-29,Standard
2872,20250728,9,16,2,417,417,0,416583,2025-07-28,2025-07-30,Standard
2873,20250728,7,7,4,484,456,0,77064,2025-07-28,2025-08-03,Expedited
2874,20250728,24,20,2,90,85,0,67915,2025-07-28,2025-08-01,Standard
2875,20250728,22,11,4,60,60,0,77940,2025-07-28,2025-07-29,Standard
2876,20250729,18,11,4,76,76,0,98724,2025-07-29,2025-08-02,Expedited
2877,20250729,7,9,2,147,138,0,75762,2025-07-29,2025-07-30,Expedited
2878,20250729,23,2,4,486,486,0,436914,2025-07-29,2025-07-31,Expedited
2879,20250729,9,13,1,381,373,0,932127,2025-07-29,2025-08-04,Standard
2880,20250729,11,11,2,321,321,0,416979,2025-07-29,2025-07-30,Expedited
2881,20250730,13,11,3,177,161,0,209139,2025-07-30,2025-08-02,Expedited
2882,20250730,22,10,1,435,404,0,484396,2025-07-30,2025-08-03,Expedited
2883,20250730,24,3,2,393,360,0,323640,2025-07-30,2025-08-02,Standard
2884,20250730,29,8,3,344,338,0,84162,2025-07-30,2025-07-31,Standard
2885,20250730,32,18,4,55,55,0,21945,2025-07-30,2025-08-03,Expedited
2886,20250731,16,15,3,317,295,0,191455,2025-07-31,2025-08-01,Expedited
2887,20250731,6,9,2,50,50,0,27450,2025-07-31,2025-08-06,Expedited
2888,20250731,29,18,1,459,459,0,183141,2025-07-31,2025-08-05,Expedited
2889,20250731,32,18,1,218,195,0,77805,2025-07-31,2025-08-06,Expedited
2890,20250731,33,9,3,110,109,0,59841,2025-07-31,2025-08-05,Standard
2891,20250801,28,12,2,443,443,0,885557,2025-08-01,2025-08-03,Standard
2892,20250801,15,20,1,51,51,0,40749,2025-08-01,2025-08-02,Standard
2893,20250801,4,19,4,336,305,0,75945,2025-08-01,2025-08-03,Expedited
2894,20250801,28,13,2,103,97,0,242403,2025-08-01,2025-08-02,Expedited
2895,20250801,12,14,1,90,79,0,27571,2025-08-01,2025-08-02,Expedited
2896,20250802,10,9,3,230,230,0,126270,2025-08-02,2025-08-04,Expedited
2897,20250802,23,4,1,442,393,0,392607,2025-08-02,2025-08-05,Expedited
2898,20250802,11,3,4,494,494,0,444106,2025-08-02,2025-08-08,Expedited
2899,20250802,8,9,2,54,49,0,26901,2025-08-02,2025-08-07,Expedited
2900,20250802,25,17,4,376,364,0,400036,2025-08-02,2025-08-04,Expedited
2901,20250803,27,8,1,494,494,0,123006,2025-08-03,2025-08-06,Standard
2902,20250803,25,2,4,184,184,0,165416,2025-08-03,2025-08-05,Expedited
2903,20250803,8,20,3,91,91,0,72709,2025-08-03,2025-08-06,Standard
2904,20250803,16,16,4,138,134,0,133866,2025-08-03,2025-08-05,Standard
2905,20250803,30,11,4,174,174,0,226026,2025-08-03,2025-08-05,Expedited
2906,20250804,4,14,2,446,408,0,142392,2025-08-04,2025-08-10,Expedited
2907,20250804,5,4,2,149,135,0,134865,2025-08-04,2025-08-07,Expedited
2908,20250804,4,3,4,242,242,0,217558,2025-08-04,2025-08-09,Standard
2909,20250804,31,20,2,311,311,0,248489,2025-08-04,2025-08-08,Expedited
2910,20250804,30,15,2,496,462,0,299838,2025-08-04,2025-08-10,Expedited
2911,20250805,29,2,2,243,240,0,215760,2025-08-05,2025-08-10,Standard
2912,20250805,30,8,2,287,287,0,71463,2025-08-05,2025-08-07,Expedited
2913,20250805,16,18,1,283,283,0,112917,2025-08-05,2025-08-11,Standard
2914,20250805,20,7,3,308,280,1,47320,2025-08-05,2025-08-07,Standard
2915,20250805,6,20,3,157,157,1,125443,2025-08-05,2025-08-08,Expedited
2916,20250806,27,20,3,232,215,0,171785,2025-08-06,2025-08-10,Expedited
2917,20250806,10,6,4,189,180,0,215820,2025-08-06,2025-08-10,Expedited
2918,20250806,17,20,3,357,330,0,263670,2025-08-06,2025-08-09,Standard
2919,20250806,12,11,2,274,274,0,355926,2025-08-06,2025-08-07,Expedited
2920,20250806,21,4,4,220,194,0,193806,2025-08-06,2025-08-12,Expedited
2921,20250807,11,12,2,314,283,0,565717,2025-08-07,2025-08-09,Expedited
2922,20250807,17,18,2,268,260,0,103740,2025-08-07,2025-08-13,Standard
2923,20250807,27,14,3,204,204,1,71196,2025-08-07,2025-08-12,Expedited
2924,20250807,28,17,2,298,298,0,327502,2025-08-07,2025-08-08,Expedited
2925,20250807,26,5,4,330,293,0,292707,2025-08-07,2025-08-13,Expedited
2926,20250808,13,1,1,59,56,0,44744,2025-08-08,2025-08-09,Expedited
2927,20250808,2,10,4,133,128,0,153472,2025-08-08,2025-08-11,Standard
2928,20250808,23,6,4,69,69,0,82731,2025-08-08,2025-08-09,Expedited
2929,20250808,12,5,2,225,225,0,224775,2025-08-08,2025-08-11,Expedited
2930,20250808,30,19,2,361,361,0,89889,2025-08-08,2025-08-11,Standard
2931,20250809,31,12,3,496,485,0,969515,2025-08-09,2025-08-15,Expedited
2932,20250809,32,8,3,427,412,0,102588,2025-08-09,2025-08-13,Expedited
2933,20250809,16,4,1,217,194,0,193806,2025-08-09,2025-08-11,Standard
2934,20250809,2,5,1,119,108,0,107892,2025-08-09,2025-08-10,Standard
2935,20250809,2,9,2,196,190,0,104310,2025-08-09,2025-08-14,Standard
2936,20250810,30,7,1,239,231,0,39039,2025-08-10,2025-08-14,Standard
2937,20250810,20,9,3,487,477,0,261873,2025-08-10,2025-08-15,Standard
2938,20250810,31,11,1,401,385,0,500115,2025-08-10,2025-08-16,Expedited
2939,20250810,17,8,3,274,253,0,62997,2025-08-10,2025-08-15,Standard
2940,20250810,30,18,4,479,473,0,188727,2025-08-10,2025-08-12,Standard
2941,20250811,16,19,3,238,238,0,59262,2025-08-11,2025-08-15,Standard
2942,20250811,5,2,1,109,109,0,97991,2025-08-11,2025-08-13,Expedited
2943,20250811,4,7,2,381,345,1,58305,2025-08-11,2025-08-12,Expedited
2944,20250811,13,16,1,186,165,0,164835,2025-08-11,2025-08-12,Standard
2945,20250811,22,19,1,241,241,0,60009,2025-08-11,2025-08-16,Standard
2946,20250812,5,5,3,138,138,0,137862,2025-08-12,2025-08-14,Expedited
2947,20250812,11,5,4,286,278,0,277722,2025-08-12,2025-08-18,Standard
2948,20250812,2,4,3,411,411,0,410589,2025-08-12,2025-08-13,Expedited
2949,20250812,27,2,3,381,342,0,307458,2025-08-12,2025-08-15,Standard
2950,20250812,35,13,3,295,295,0,737205,2025-08-12,2025-08-13,Expedited
2951,20250813,19,20,3,317,317,0,253283,2025-08-13,2025-08-16,Standard
2952,20250813,2,6,1,148,148,0,177452,2025-08-13,2025-08-18,Standard
2953,20250813,6,19,2,356,338,0,84162,2025-08-13,2025-08-16,Standard
2954,20250813,30,10,4,483,449,0,538351,2025-08-13,2025-08-16,Standard
2955,20250813,1,12,3,133,133,0,265867,2025-08-13,2025-08-17,Standard
2956,20250814,12,20,1,72,72,0,57528,2025-08-14,2025-08-16,Expedited
2957,20250814,25,16,3,387,353,0,352647,2025-08-14,2025-08-15,Standard
2958,20250814,7,13,4,190,169,0,422331,2025-08-14,2025-08-19,Expedited
2959,20250814,33,8,4,103,99,0,24651,2025-08-14,2025-08-17,Expedited
2960,20250814,18,7,1,423,423,0,71487,2025-08-14,2025-08-19,Standard
2961,20250815,9,13,2,192,192,0,479808,2025-08-15,2025-08-18,Standard
2962,20250815,31,13,3,231,231,0,577269,2025-08-15,2025-08-19,Standard
2963,20250815,9,5,1,246,246,0,245754,2025-08-15,2025-08-19,Standard
2964,20250815,7,5,4,174,157,0,156843,2025-08-15,2025-08-18,Standard
2965,20250815,1,14,1,493,479,0,167171,2025-08-15,2025-08-16,Standard
2966,20250816,26,4,1,153,138,0,137862,2025-08-16,2025-08-18,Expedited
2967,20250816,20,18,2,415,415,0,165585,2025-08-16,2025-08-19,Standard
2968,20250816,22,17,3,302,283,0,311017,2025-08-16,2025-08-22,Expedited
2969,20250816,15,9,4,204,204,0,111996,2025-08-16,2025-08-18,Expedited
2970,20250816,4,2,3,452,427,0,383873,2025-08-16,2025-08-17,Standard
2971,20250817,20,16,4,145,138,0,137862,2025-08-17,2025-08-22,Standard
2972,20250817,20,11,4,482,482,0,626118,2025-08-17,2025-08-21,Expedited
2973,20250817,24,9,4,374,335,0,183915,2025-08-17,2025-08-22,Standard
2974,20250817,9,8,3,480,475,0,118275,2025-08-17,2025-08-23,Standard
2975,20250817,18,13,3,54,50,0,124950,2025-08-17,2025-08-20,Standard
2976,20250818,10,15,4,426,426,0,276474,2025-08-18,2025-08-24,Expedited
2977,20250818,3,5,3,473,473,0,472527,2025-08-18,2025-08-24,Standard
2978,20250818,30,7,4,97,97,0,16393,2025-08-18,2025-08-20,Expedited
2979,20250818,18,18,2,320,295,0,117705,2025-08-18,2025-08-20,Standard
2980,20250818,32,2,4,290,261,1,234639,2025-08-18,2025-08-20,Expedited
2981,20250819,4,4,4,437,437,0,436563,2025-08-19,2025-08-20,Expedited
2982,20250819,18,15,1,74,72,0,46728,2025-08-19,2025-08-22,Standard
2983,20250819,32,18,4,422,389,0,155211,2025-08-19,2025-08-21,Standard
2984,20250819,19,10,2,176,165,0,197835,2025-08-19,2025-08-23,Expedited
2985,20250819,32,9,3,419,419,0,230031,2025-08-19,2025-08-23,Expedited
2986,20250820,10,18,1,301,301,0,120099,2025-08-20,2025-08-22,Standard
2987,20250820,12,14,1,333,326,1,113774,2025-08-20,2025-08-25,Expedited
2988,20250820,11,20,2,184,183,0,146217,2025-08-20,2025-08-22,Expedited
2989,20250820,8,19,2,298,281,0,69969,2025-08-20,2025-08-21,Expedited
2990,20250820,24,18,1,112,105,1,41895,2025-08-20,2025-08-24,Standard
2991,20250821,4,12,2,494,488,0,975512,2025-08-21,2025-08-25,Standard
2992,20250821,24,2,2,339,302,0,271498,2025-08-21,2025-08-25,Expedited
2993,20250821,1,10,3,193,173,0,207427,2025-08-21,2025-08-26,Standard
2994,20250821,9,3,4,241,241,0,216659,2025-08-21,2025-08-22,Expedited
2995,20250821,10,2,4,74,72,0,64728,2025-08-21,2025-08-25,Standard
2996,20250822,1,14,2,356,337,0,117613,2025-08-22,2025-08-26,Expedited
2997,20250822,6,12,2,456,456,0,911544,2025-08-22,2025-08-25,Standard
2998,20250822,7,12,2,493,493,0,985507,2025-08-22,2025-08-28,Standard
2999,20250822,9,1,3,394,352,0,281248,2025-08-22,2025-08-25,Expedited
3000,20250822,5,2,3,407,407,0,365893,2025-08-22,2025-08-24,Expedited
3001,20250823,2,3,3,233,233,0,209467,2025-08-23,2025-08-26,Expedited
3002,20250823,31,12,3,85,85,0,169915,2025-08-23,2025-08-26,Expedited
3003,20250823,26,20,2,466,466,0,372334,2025-08-23,2025-08-26,Expedited
3004,20250823,17,20,2,475,475,0,379525,2025-08-23,2025-08-25,Standard
3005,20250823,8,11,3,248,221,0,287079,2025-08-23,2025-08-25,Expedited
3006,20250824,13,3,2,308,308,0,276892,2025-08-24,2025-08-29,Standard
3007,20250824,7,11,3,56,56,0,72744,2025-08-24,2025-08-26,Standard
3008,20250824,20,15,3,128,128,0,83072,2025-08-24,2025-08-30,Standard
3009,20250824,27,17,3,476,455,0,500045,2025-08-24,2025-08-26,Expedited
3010,20250824,9,17,2,457,457,0,502243,2025-08-24,2025-08-28,Standard
3011,20250825,9,15,3,219,197,0,127853,2025-08-25,2025-08-30,Expedited
3012,20250825,2,16,1,162,149,0,148851,2025-08-25,2025-08-27,Expedited
3013,20250825,31,8,4,141,133,0,33117,2025-08-25,2025-08-30,Standard
3014,20250825,29,15,3,54,54,0,35046,2025-08-25,2025-08-27,Expedited
3015,20250825,32,7,3,455,438,0,74022,2025-08-25,2025-08-30,Standard
3016,20250826,32,4,1,348,348,0,347652,2025-08-26,2025-09-01,Standard
3017,20250826,33,16,4,197,197,0,196803,2025-08-26,2025-08-30,Expedited
3018,20250826,13,3,1,450,450,1,404550,2025-08-26,2025-08-27,Expedited
3019,20250826,31,16,4,208,204,0,203796,2025-08-26,2025-08-28,Expedited
3020,20250826,30,9,3,54,53,0,29097,2025-08-26,2025-08-31,Standard
3021,20250827,14,2,4,110,110,0,98890,2025-08-27,2025-09-02,Expedited
3022,20250827,9,20,2,464,410,0,327590,2025-08-27,2025-08-30,Standard
3023,20250827,13,15,1,146,146,0,94754,2025-08-27,2025-09-02,Standard
3024,20250827,17,1,4,141,141,0,112659,2025-08-27,2025-08-29,Expedited
3025,20250827,1,9,2,290,258,1,141642,2025-08-27,2025-08-31,Standard
3026,20250828,29,19,4,185,185,0,46065,2025-08-28,2025-08-30,Expedited
3027,20250828,35,1,1,277,277,0,221323,2025-08-28,2025-08-29,Standard
3028,20250828,33,10,2,94,83,0,99517,2025-08-28,2025-08-30,Standard
3029,20250828,5,11,1,249,249,0,323451,2025-08-28,2025-08-31,Standard
3030,20250828,10,20,1,313,285,0,227715,2025-08-28,2025-09-01,Standard
3031,20250829,21,7,3,145,143,0,24167,2025-08-29,2025-08-30,Standard
3032,20250829,34,9,2,71,71,0,38979,2025-08-29,2025-08-31,Standard
3033,20250829,35,1,4,83,83,0,66317,2025-08-29,2025-09-01,Expedited
3034,20250829,22,15,4,253,245,0,159005,2025-08-29,2025-09-02,Expedited
3035,20250829,31,3,3,440,413,0,371287,2025-08-29,2025-08-31,Expedited
3036,20250830,26,15,4,107,98,0,63602,2025-08-30,2025-09-03,Standard
3037,20250830,24,2,4,456,443,0,398257,2025-08-30,2025-09-01,Expedited
3038,20250830,12,9,3,286,286,0,157014,2025-08-30,2025-09-02,Expedited
3039,20250830,15,7,4,289,280,0,47320,2025-08-30,2025-09-05,Expedited
3040,20250830,12,3,4,61,54,0,48546,2025-08-30,2025-09-04,Standard
3041,20250831,18,16,2,113,104,0,103896,2025-08-31,2025-09-01,Standard
3042,20250831,6,18,1,112,105,0,41895,2025-08-31,2025-09-02,Expedited
3043,20250831,16,3,2,323,323,0,290377,2025-08-31,2025-09-01,Expedited
3044,20250831,23,18,3,380,380,0,151620,2025-08-31,2025-09-06,Standard
3045,20250831,24,14,4,459,459,0,160191,2025-08-31,2025-09-04,Standard
3046,20250901,10,2,4,334,296,0,266104,2025-09-01,2025-09-07,Standard
3047,20250901,19,18,2,340,340,0,135660,2025-09-01,2025-09-02,Standard
3048,20250901,23,18,1,189,189,0,75411,2025-09-01,2025-09-02,Expedited
3049,20250901,27,12,1,405,392,0,783608,2025-09-01,2025-09-03,Standard
3050,20250901,34,14,2,170,153,0,53397,2025-09-01,2025-09-04,Expedited
3051,20250902,15,19,2,189,169,0,42081,2025-09-02,2025-09-03,Expedited
3052,20250902,14,14,4,138,136,0,47464,2025-09-02,2025-09-06,Standard
3053,20250902,32,17,3,384,384,0,422016,2025-09-02,2025-09-06,Expedited
3054,20250902,24,19,3,296,282,0,70218,2025-09-02,2025-09-08,Standard
3055,20250902,20,5,4,282,282,0,281718,2025-09-02,2025-09-04,Expedited
3056,20250903,23,11,2,232,232,0,301368,2025-09-03,2025-09-06,Standard
3057,20250903,12,1,2,235,235,0,187765,2025-09-03,2025-09-08,Standard
3058,20250903,33,18,2,352,313,0,124887,2025-09-03,2025-09-08,Expedited
3059,20250903,15,6,1,134,134,1,160666,2025-09-03,2025-09-09,Expedited
3060,20250903,18,11,4,486,444,0,576756,2025-09-03,2025-09-04,Standard
3061,20250904,14,3,2,459,440,0,395560,2025-09-04,2025-09-07,Standard
3062,20250904,26,5,2,279,279,0,278721,2025-09-04,2025-09-08,Expedited
3063,20250904,25,8,4,238,238,1,59262,2025-09-04,2025-09-08,Standard
3064,20250904,16,4,4,207,207,0,206793,2025-09-04,2025-09-09,Expedited
3065,20250904,30,20,2,272,245,0,195755,2025-09-04,2025-09-05,Standard
3066,20250905,13,6,1,498,469,0,562331,2025-09-05,2025-09-06,Standard
3067,20250905,27,17,1,62,62,0,68138,2025-09-05,2025-09-09,Standard
3068,20250905,4,12,2,67,66,0,131934,2025-09-05,2025-09-07,Standard
3069,20250905,11,5,1,456,436,0,435564,2025-09-05,2025-09-07,Standard
3070,20250905,26,14,3,169,149,0,52001,2025-09-05,2025-09-08,Standard
3071,20250906,16,7,4,216,193,0,32617,2025-09-06,2025-09-10,Expedited
3072,20250906,17,10,4,260,260,0,311740,2025-09-06,2025-09-10,Expedited
3073,20250906,7,5,4,333,312,0,311688,2025-09-06,2025-09-12,Standard
3074,20250906,10,7,3,381,344,0,58136,2025-09-06,2025-09-11,Standard
3075,20250906,14,19,2,419,418,0,104082,2025-09-06,2025-09-10,Expedited
3076,20250907,11,8,2,156,148,0,36852,2025-09-07,2025-09-08,Standard
3077,20250907,23,12,3,394,351,0,701649,2025-09-07,2025-09-10,Standard
3078,20250907,3,15,3,175,175,0,113575,2025-09-07,2025-09-11,Standard
3079,20250907,11,14,4,176,165,0,57585,2025-09-07,2025-09-12,Standard
3080,20250907,17,9,1,253,247,0,135603,2025-09-07,2025-09-10,Standard
3081,20250908,26,5,3,343,343,0,342657,2025-09-08,2025-09-13,Expedited
3082,20250908,16,18,4,334,318,0,126882,2025-09-08,2025-09-13,Standard
3083,20250908,32,10,3,484,484,0,580316,2025-09-08,2025-09-10,Standard
3084,20250908,8,12,2,486,440,0,879560,2025-09-08,2025-09-11,Standard
3085,20250908,27,15,3,234,218,0,141482,2025-09-08,2025-09-10,Standard
3086,20250909,27,19,1,166,164,0,40836,2025-09-09,2025-09-11,Expedited
3087,20250909,22,10,4,439,400,0,479600,2025-09-09,2025-09-11,Expedited
3088,20250909,31,15,3,221,196,0,127204,2025-09-09,2025-09-12,Expedited
3089,20250909,10,8,4,246,246,0,61254,2025-09-09,2025-09-11,Expedited
3090,20250909,5,18,3,243,223,0,88977,2025-09-09,2025-09-10,Expedited
3091,20250910,33,5,4,300,300,0,299700,2025-09-10,2025-09-14,Standard
3092,20250910,18,11,3,156,140,0,181860,2025-09-10,2025-09-15,Standard
3093,20250910,1,16,3,381,381,0,380619,2025-09-10,2025-09-14,Expedited
3094,20250910,33,6,2,183,167,0,200233,2025-09-10,2025-09-13,Expedited
3095,20250910,4,13,1,101,101,0,252399,2025-09-10,2025-09-15,Standard
3096,20250911,31,9,1,184,174,1,95526,2025-09-11,2025-09-15,Expedited
3097,20250911,24,15,1,154,154,0,99946,2025-09-11,2025-09-12,Expedited
3098,20250911,34,3,2,135,130,0,116870,2025-09-11,2025-09-15,Standard
3099,20250911,30,18,1,292,277,0,110523,2025-09-11,2025-09-17,Expedited
3100,20250911,35,8,4,195,179,0,44571,2025-09-11,2025-09-16,Standard
3101,20250912,20,18,1,364,328,0,130872,2025-09-12,2025-09-17,Standard
3102,20250912,21,7,4,191,183,0,30927,2025-09-12,2025-09-14,Standard
3103,20250912,30,18,2,293,293,0,116907,2025-09-12,2025-09-14,Standard
3104,20250912,33,17,3,329,300,0,329700,2025-09-12,2025-09-18,Standard
3105,20250912,28,13,1,493,488,0,1219512,2025-09-12,2025-09-17,Expedited
3106,20250913,7,6,2,94,91,0,109109,2025-09-13,2025-09-16,Expedited
3107,20250913,12,12,2,128,128,0,255872,2025-09-13,2025-09-15,Standard
3108,20250913,10,11,1,252,237,1,307863,2025-09-13,2025-09-19,Standard
3109,20250913,31,9,4,233,211,1,115839,2025-09-13,2025-09-19,Standard
3110,20250913,8,4,1,358,358,0,357642,2025-09-13,2025-09-16,Standard
3111,20250914,21,15,3,130,119,0,77231,2025-09-14,2025-09-17,Expedited
3112,20250914,6,9,2,59,59,0,32391,2025-09-14,2025-09-20,Expedited
3113,20250914,12,6,1,383,361,0,432839,2025-09-14,2025-09-17,Standard
3114,20250914,23,7,4,257,228,0,38532,2025-09-14,2025-09-17,Standard
3115,20250914,8,8,4,208,205,0,51045,2025-09-14,2025-09-17,Standard
3116,20250915,21,19,4,184,168,0,41832,2025-09-15,2025-09-19,Standard
3117,20250915,6,20,1,343,312,0,249288,2025-09-15,2025-09-19,Expedited
3118,20250915,18,16,2,254,254,0,253746,2025-09-15,2025-09-17,Standard
3119,20250915,33,7,4,104,101,0,17069,2025-09-15,2025-09-16,Standard
3120,20250915,28,6,1,150,134,0,160666,2025-09-15,2025-09-16,Standard
3121,20250916,13,20,3,279,247,0,197353,2025-09-16,2025-09-18,Standard
3122,20250916,18,9,2,96,89,1,48861,2025-09-16,2025-09-17,Expedited
3123,20250916,25,8,1,388,388,0,96612,2025-09-16,2025-09-22,Expedited
3124,20250916,35,3,2,267,251,1,225649,2025-09-16,2025-09-17,Expedited
3125,20250916,7,10,2,416,416,0,498784,2025-09-16,2025-09-20,Expedited
3126,20250917,21,2,1,193,184,0,165416,2025-09-17,2025-09-22,Expedited
3127,20250917,34,7,2,465,445,0,75205,2025-09-17,2025-09-20,Standard
3128,20250917,16,13,2,373,373,0,932127,2025-09-17,2025-09-18,Expedited
3129,20250917,22,19,2,269,269,0,66981,2025-09-17,2025-09-21,Standard
3130,20250917,16,20,4,307,295,0,235705,2025-09-17,2025-09-22,Standard
3131,20250918,12,13,3,212,190,0,474810,2025-09-18,2025-09-20,Standard
3132,20250918,16,4,4,110,105,0,104895,2025-09-18,2025-09-21,Standard
3133,20250918,9,19,3,432,418,0,104082,2025-09-18,2025-09-19,Standard
3134,20250918,10,11,4,194,193,0,250707,2025-09-18,2025-09-23,Expedited
3135,20250918,7,16,1,405,405,0,404595,2025-09-18,2025-09-19,Standard
3136,20250919,1,9,1,153,146,0,80154,2025-09-19,2025-09-23,Standard
3137,20250919,7,14,2,112,112,0,39088,2025-09-19,2025-09-22,Expedited
3138,20250919,8,8,1,385,359,0,89391,2025-09-19,2025-09-24,Standard
3139,20250919,17,1,3,437,437,0,349163,2025-09-19,2025-09-21,Standard
3140,20250919,31,3,4,362,336,0,302064,2025-09-19,2025-09-25,Standard
3141,20250920,13,6,1,440,431,0,516769,2025-09-20,2025-09-26,Standard
3142,20250920,31,4,2,335,303,0,302697,2025-09-20,2025-09-22,Standard
3143,20250920,27,3,3,101,93,0,83607,2025-09-20,2025-09-21,Expedited
3144,20250920,17,11,1,357,332,1,431268,2025-09-20,2025-09-22,Standard
3145,20250920,30,10,3,78,69,0,82731,2025-09-20,2025-09-24,Standard
3146,20250921,18,15,2,110,110,0,71390,2025-09-21,2025-09-25,Standard
3147,20250921,11,19,4,375,334,0,83166,2025-09-21,2025-09-23,Expedited
3148,20250921,26,17,2,295,295,0,324205,2025-09-21,2025-09-24,Expedited
3149,20250921,12,1,4,334,321,0,256479,2025-09-21,2025-09-24,Standard
3150,20250921,6,17,4,123,123,0,135177,2025-09-21,2025-09-24,Standard
3151,20250922,21,2,4,456,427,0,383873,2025-09-22,2025-09-25,Standard
3152,20250922,30,9,3,259,259,0,142191,2025-09-22,2025-09-27,Standard
3153,20250922,11,20,4,242,217,0,173383,2025-09-22,2025-09-26,Standard
3154,20250922,12,3,4,267,238,0,213962,2025-09-22,2025-09-26,Standard
3155,20250922,21,16,1,61,59,0,58941,2025-09-22,2025-09-23,Standard
3156,20250923,29,14,2,58,58,0,20242,2025-09-23,2025-09-28,Standard
3157,20250923,34,20,4,462,415,0,331585,2025-09-23,2025-09-29,Expedited
3158,20250923,12,3,1,309,301,0,270599,2025-09-23,2025-09-25,Expedited
3159,20250923,19,15,2,200,200,0,129800,2025-09-23,2025-09-28,Standard
3160,20250923,13,12,1,269,269,0,537731,2025-09-23,2025-09-29,Standard
3161,20250924,6,13,4,232,208,0,519792,2025-09-24,2025-09-25,Standard
3162,20250924,19,1,4,371,371,0,296429,2025-09-24,2025-09-30,Standard
3163,20250924,29,20,1,186,176,0,140624,2025-09-24,2025-09-29,Expedited
3164,20250924,30,10,3,225,220,0,263780,2025-09-24,2025-09-26,Expedited
3165,20250924,29,11,4,369,341,0,442959,2025-09-24,2025-09-26,Standard
3166,20250925,16,12,4,267,258,0,515742,2025-09-25,2025-09-26,Expedited
3167,20250925,26,5,1,411,411,0,410589,2025-09-25,2025-09-26,Standard
3168,20250925,15,11,2,323,323,0,419577,2025-09-25,2025-09-26,Expedited
3169,20250925,6,18,4,389,389,0,155211,2025-09-25,2025-09-29,Standard
3170,20250925,35,10,2,289,289,0,346511,2025-09-25,2025-09-29,Expedited
3171,20250926,5,10,2,221,221,0,264979,2025-09-26,2025-09-30,Expedited
3172,20250926,17,20,3,200,179,0,143021,2025-09-26,2025-09-30,Standard
3173,20250926,30,13,1,447,447,0,1117053,2025-09-26,2025-09-28,Expedited
3174,20250926,30,17,2,372,344,0,378056,2025-09-26,2025-09-29,Standard
3175,20250926,5,6,2,296,285,0,341715,2025-09-26,2025-10-02,Standard
3176,20250927,32,1,1,275,275,0,219725,2025-09-27,2025-10-02,Standard
3177,20250927,19,19,4,422,422,0,105078,2025-09-27,2025-09-30,Standard
3178,20250927,7,19,4,125,123,0,30627,2025-09-27,2025-10-03,Standard
3179,20250927,3,1,4,363,363,0,290037,2025-09-27,2025-09-29,Standard
3180,20250927,13,5,1,135,128,0,127872,2025-09-27,2025-10-02,Expedited
3181,20250928,25,16,4,63,63,0,62937,2025-09-28,2025-09-30,Expedited
3182,20250928,6,6,1,453,453,0,543147,2025-09-28,2025-09-29,Expedited
3183,20250928,16,5,4,308,273,0,272727,2025-09-28,2025-10-03,Expedited
3184,20250928,3,12,1,221,220,0,439780,2025-09-28,2025-09-29,Expedited
3185,20250928,2,14,2,320,320,0,111680,2025-09-28,2025-10-04,Expedited
3186,20250929,13,3,4,379,379,0,340721,2025-09-29,2025-10-02,Standard
3187,20250929,9,10,4,192,173,0,207427,2025-09-29,2025-09-30,Standard
3188,20250929,30,16,4,469,469,0,468531,2025-09-29,2025-10-03,Expedited
3189,20250929,20,14,1,105,93,0,32457,2025-09-29,2025-10-05,Standard
3190,20250929,29,19,3,251,251,0,62499,2025-09-29,2025-10-02,Expedited
3191,20250930,23,16,4,115,115,0,114885,2025-09-30,2025-10-06,Standard
3192,20250930,6,13,1,54,54,0,134946,2025-09-30,2025-10-03,Expedited
3193,20250930,26,6,2,280,280,0,335720,2025-09-30,2025-10-06,Standard
3194,20250930,29,19,4,152,139,0,34611,2025-09-30,2025-10-03,Standard
3195,20250930,32,13,4,432,432,0,1079568,2025-09-30,2025-10-01,Standard
3196,20251001,14,5,1,67,67,1,66933,2025-10-01,2025-10-02,Standard
3197,20251001,6,20,2,358,355,0,283645,2025-10-01,2025-10-07,Standard
3198,20251001,25,7,2,213,213,0,35997,2025-10-01,2025-10-06,Expedited
3199,20251001,27,19,2,53,47,0,11703,2025-10-01,2025-10-04,Standard
3200,20251001,13,20,2,402,395,0,315605,2025-10-01,2025-10-07,Expedited
3201,20251002,18,5,3,177,163,0,162837,2025-10-02,2025-10-05,Standard
3202,20251002,34,3,3,85,85,0,76415,2025-10-02,2025-10-05,Expedited
3203,20251002,23,8,2,396,367,1,91383,2025-10-02,2025-10-05,Expedited
3204,20251002,5,3,4,333,330,0,296670,2025-10-02,2025-10-04,Standard
3205,20251002,22,13,1,306,306,0,764694,2025-10-02,2025-10-03,Expedited
3206,20251003,25,2,4,342,317,0,284983,2025-10-03,2025-10-04,Expedited
3207,20251003,28,16,4,235,212,0,211788,2025-10-03,2025-10-07,Expedited
3208,20251003,13,19,2,406,405,0,100845,2025-10-03,2025-10-05,Standard
3209,20251003,24,8,4,146,146,0,36354,2025-10-03,2025-10-04,Expedited
3210,20251003,33,5,3,91,91,0,90909,2025-10-03,2025-10-05,Expedited
3211,20251004,34,2,1,423,411,0,369489,2025-10-04,2025-10-05,Standard
3212,20251004,10,7,2,214,214,0,36166,2025-10-04,2025-10-05,Expedited
3213,20251004,6,15,1,478,435,0,282315,2025-10-04,2025-10-07,Standard
3214,20251004,28,13,4,481,481,0,1202019,2025-10-04,2025-10-07,Expedited
3215,20251004,1,8,1,329,322,0,80178,2025-10-04,2025-10-08,Standard
3216,20251005,13,10,4,411,403,1,483197,2025-10-05,2025-10-08,Expedited
3217,20251005,22,8,1,456,452,0,112548,2025-10-05,2025-10-08,Standard
3218,20251005,31,2,4,168,153,0,137547,2025-10-05,2025-10-06,Expedited
3219,20251005,15,3,3,57,55,0,49445,2025-10-05,2025-10-10,Standard
3220,20251005,29,9,3,376,345,0,189405,2025-10-05,2025-10-10,Standard
3221,20251006,34,2,4,310,309,0,277791,2025-10-06,2025-10-08,Expedited
3222,20251006,11,20,2,222,222,0,177378,2025-10-06,2025-10-10,Standard
3223,20251006,10,2,3,491,470,0,422530,2025-10-06,2025-10-10,Standard
3224,20251006,34,17,4,82,78,0,85722,2025-10-06,2025-10-11,Standard
3225,20251006,14,8,4,444,413,0,102837,2025-10-06,2025-10-11,Expedited
3226,20251007,26,13,4,87,79,0,197421,2025-10-07,2025-10-13,Standard
3227,20251007,30,18,3,344,344,0,137256,2025-10-07,2025-10-13,Standard
3228,20251007,31,10,1,393,381,0,456819,2025-10-07,2025-10-08,Standard
3229,20251007,11,3,3,248,248,0,222952,2025-10-07,2025-10-13,Standard
3230,20251007,26,17,4,271,260,0,285740,2025-10-07,2025-10-08,Expedited
3231,20251008,19,1,4,83,79,0,63121,2025-10-08,2025-10-09,Standard
3232,20251008,10,4,2,496,474,0,473526,2025-10-08,2025-10-13,Standard
3233,20251008,24,10,3,81,78,0,93522,2025-10-08,2025-10-11,Expedited
3234,20251008,35,19,2,254,254,0,63246,2025-10-08,2025-10-13,Expedited
3235,20251008,19,2,3,205,205,0,184295,2025-10-08,2025-10-11,Expedited
3236,20251009,32,17,4,118,118,0,129682,2025-10-09,2025-10-13,Expedited
3237,20251009,8,6,3,399,372,0,446028,2025-10-09,2025-10-11,Expedited
3238,20251009,2,14,3,201,191,0,66659,2025-10-09,2025-10-11,Standard
3239,20251009,22,11,4,255,226,0,293574,2025-10-09,2025-10-11,Expedited
3240,20251009,26,8,3,107,103,0,25647,2025-10-09,2025-10-14,Expedited
3241,20251010,7,14,2,114,109,0,38041,2025-10-10,2025-10-14,Expedited
3242,20251010,9,12,3,180,169,0,337831,2025-10-10,2025-10-15,Expedited
3243,20251010,26,3,2,474,448,0,402752,2025-10-10,2025-10-15,Standard
3244,20251010,14,14,3,310,301,0,105049,2025-10-10,2025-10-13,Standard
3245,20251010,31,16,1,337,304,0,303696,2025-10-10,2025-10-13,Standard
3246,20251011,23,14,3,147,137,0,47813,2025-10-11,2025-10-13,Standard
3247,20251011,28,1,3,133,126,0,100674,2025-10-11,2025-10-14,Standard
3248,20251011,26,19,3,366,366,0,91134,2025-10-11,2025-10-16,Expedited
3249,20251011,25,20,4,135,133,0,106267,2025-10-11,2025-10-12,Standard
3250,20251011,17,5,3,112,102,0,101898,2025-10-11,2025-10-14,Expedited
3251,20251012,20,9,3,130,119,0,65331,2025-10-12,2025-10-15,Expedited
3252,20251012,4,16,4,285,285,0,284715,2025-10-12,2025-10-18,Standard
3253,20251012,16,13,3,67,67,0,167433,2025-10-12,2025-10-13,Standard
3254,20251012,34,16,3,135,135,0,134865,2025-10-12,2025-10-16,Expedited
3255,20251012,13,3,1,386,356,0,320044,2025-10-12,2025-10-15,Expedited
3256,20251013,21,18,2,226,206,0,82194,2025-10-13,2025-10-17,Standard
3257,20251013,13,10,1,168,157,0,188243,2025-10-13,2025-10-16,Expedited
3258,20251013,15,13,2,363,348,0,869652,2025-10-13,2025-10-14,Expedited
3259,20251013,33,11,4,220,194,0,252006,2025-10-13,2025-10-17,Standard
3260,20251013,21,13,1,115,111,0,277389,2025-10-13,2025-10-15,Standard
3261,20251014,17,9,4,470,424,0,232776,2025-10-14,2025-10-20,Standard
3262,20251014,10,6,1,173,173,0,207427,2025-10-14,2025-10-18,Standard
3263,20251014,24,17,3,66,66,0,72534,2025-10-14,2025-10-19,Expedited
3264,20251014,31,20,2,179,179,0,143021,2025-10-14,2025-10-15,Standard
3265,20251014,26,18,4,194,194,0,77406,2025-10-14,2025-10-16,Expedited
3266,20251015,15,16,2,191,187,0,186813,2025-10-15,2025-10-16,Standard
3267,20251015,11,5,1,387,387,0,386613,2025-10-15,2025-10-16,Standard
3268,20251015,11,14,2,186,171,0,59679,2025-10-15,2025-10-19,Standard
3269,20251015,13,19,4,360,338,0,84162,2025-10-15,2025-10-18,Expedited
3270,20251015,23,8,3,107,107,0,26643,2025-10-15,2025-10-20,Standard
3271,20251016,29,13,1,140,126,0,314874,2025-10-16,2025-10-22,Standard
3272,20251016,18,7,2,403,403,0,68107,2025-10-16,2025-10-18,Expedited
3273,20251016,4,7,4,214,214,0,36166,2025-10-16,2025-10-22,Standard
3274,20251016,18,2,3,462,416,0,373984,2025-10-16,2025-10-18,Standard
3275,20251016,20,7,1,440,391,0,66079,2025-10-16,2025-10-19,Standard
3276,20251017,6,6,3,395,395,0,473605,2025-10-17,2025-10-19,Expedited
3277,20251017,29,13,1,495,495,0,1237005,2025-10-17,2025-10-18,Standard
3278,20251017,6,5,2,362,323,0,322677,2025-10-17,2025-10-20,Expedited
3279,20251017,10,17,2,195,190,0,208810,2025-10-17,2025-10-21,Standard
3280,20251017,25,5,1,451,451,0,450549,2025-10-17,2025-10-19,Expedited
3281,20251018,25,19,1,242,227,0,56523,2025-10-18,2025-10-23,Expedited
3282,20251018,5,8,2,214,214,0,53286,2025-10-18,2025-10-22,Standard
3283,20251018,30,9,3,276,256,0,140544,2025-10-18,2025-10-19,Standard
3284,20251018,27,16,4,445,401,0,400599,2025-10-18,2025-10-20,Expedited
3285,20251018,11,15,4,60,55,0,35695,2025-10-18,2025-10-19,Standard
3286,20251019,24,13,4,402,397,0,992103,2025-10-19,2025-10-22,Standard
3287,20251019,25,18,4,419,411,0,163989,2025-10-19,2025-10-25,Standard
3288,20251019,33,17,1,445,445,0,489055,2025-10-19,2025-10-25,Standard
3289,20251019,2,12,3,347,347,0,693653,2025-10-19,2025-10-22,Standard
3290,20251019,26,2,3,488,477,0,428823,2025-10-19,2025-10-23,Expedited
3291,20251020,26,4,4,259,241,0,240759,2025-10-20,2025-10-21,Expedited
3292,20251020,20,20,3,205,205,0,163795,2025-10-20,2025-10-26,Expedited
3293,20251020,29,8,2,287,261,0,64989,2025-10-20,2025-10-26,Standard
3294,20251020,1,1,4,188,169,0,135031,2025-10-20,2025-10-21,Expedited
3295,20251020,17,10,3,128,128,0,153472,2025-10-20,2025-10-21,Expedited
3296,20251021,16,4,1,410,407,0,406593,2025-10-21,2025-10-26,Expedited
3297,20251021,21,11,3,375,375,0,487125,2025-10-21,2025-10-25,Expedited
3298,20251021,34,16,4,110,100,0,99900,2025-10-21,2025-10-25,Standard
3299,20251021,25,11,2,313,313,0,406587,2025-10-21,2025-10-22,Standard
3300,20251021,9,9,3,339,339,0,186111,2025-10-21,2025-10-26,Standard
3301,20251022,35,19,2,146,130,0,32370,2025-10-22,2025-10-24,Expedited
3302,20251022,31,10,4,292,292,0,350108,2025-10-22,2025-10-23,Expedited
3303,20251022,4,2,1,145,137,0,123163,2025-10-22,2025-10-26,Expedited
3304,20251022,10,8,2,277,277,0,68973,2025-10-22,2025-10-24,Standard
3305,20251022,20,2,1,284,284,0,255316,2025-10-22,2025-10-24,Expedited
3306,20251023,32,3,3,97,97,0,87203,2025-10-23,2025-10-28,Standard
3307,20251023,30,15,3,65,60,0,38940,2025-10-23,2025-10-26,Standard
3308,20251023,20,5,3,231,207,0,206793,2025-10-23,2025-10-27,Standard
3309,20251023,24,8,4,156,156,0,38844,2025-10-23,2025-10-27,Standard
3310,20251023,22,10,4,453,453,0,543147,2025-10-23,2025-10-26,Standard
3311,20251024,30,16,4,295,267,0,266733,2025-10-24,2025-10-30,Expedited
3312,20251024,31,15,2,364,363,0,235587,2025-10-24,2025-10-25,Standard
3313,20251024,5,7,3,466,466,0,78754,2025-10-24,2025-10-28,Expedited
3314,20251024,13,1,1,285,285,1,227715,2025-10-24,2025-10-26,Expedited
3315,20251024,35,7,2,411,411,0,69459,2025-10-24,2025-10-25,Standard
3316,20251025,29,4,1,321,321,0,320679,2025-10-25,2025-10-28,Standard
3317,20251025,28,11,1,246,219,1,284481,2025-10-25,2025-10-28,Expedited
3318,20251025,20,6,3,167,167,0,200233,2025-10-25,2025-10-27,Expedited
3319,20251025,16,18,2,336,321,0,128079,2025-10-25,2025-10-26,Standard
3320,20251025,19,16,4,362,362,0,361638,2025-10-25,2025-10-26,Expedited
3321,20251026,7,8,4,238,238,0,59262,2025-10-26,2025-10-29,Standard
3322,20251026,5,14,3,172,154,0,53746,2025-10-26,2025-10-29,Expedited
3323,20251026,7,9,1,275,275,0,150975,2025-10-26,2025-10-30,Expedited
3324,20251026,26,2,4,402,402,0,361398,2025-10-26,2025-10-27,Expedited
3325,20251026,32,10,2,331,330,0,395670,2025-10-26,2025-10-30,Expedited
3326,20251027,11,4,2,336,301,0,300699,2025-10-27,2025-11-02,Expedited
3327,20251027,11,3,1,358,331,0,297569,2025-10-27,2025-11-01,Expedited
3328,20251027,28,14,4,427,408,0,142392,2025-10-27,2025-10-29,Standard
3329,20251027,13,7,2,333,300,0,50700,2025-10-27,2025-10-29,Expedited
3330,20251027,17,6,3,80,79,0,94721,2025-10-27,2025-11-01,Expedited
3331,20251028,7,10,2,425,382,0,458018,2025-10-28,2025-11-01,Standard
3332,20251028,18,15,2,478,461,0,299189,2025-10-28,2025-11-01,Expedited
3333,20251028,34,3,2,246,241,0,216659,2025-10-28,2025-11-01,Standard
3334,20251028,10,4,3,220,220,0,219780,2025-10-28,2025-11-02,Expedited
3335,20251028,12,18,1,414,384,0,153216,2025-10-28,2025-10-29,Expedited
3336,20251029,19,4,2,296,270,0,269730,2025-10-29,2025-10-30,Standard
3337,20251029,27,14,2,463,463,0,161587,2025-10-29,2025-10-30,Standard
3338,20251029,30,15,1,132,123,0,79827,2025-10-29,2025-11-04,Expedited
3339,20251029,35,10,2,62,62,0,74338,2025-10-29,2025-10-30,Expedited
3340,20251029,1,20,1,374,347,0,277253,2025-10-29,2025-11-04,Expedited
3341,20251030,19,15,1,90,90,0,58410,2025-10-30,2025-10-31,Standard
3342,20251030,32,9,4,217,216,0,118584,2025-10-30,2025-11-05,Expedited
3343,20251030,7,1,4,331,311,0,248489,2025-10-30,2025-11-04,Standard
3344,20251030,20,18,1,406,360,0,143640,2025-10-30,2025-11-02,Standard
3345,20251030,15,1,4,253,231,0,184569,2025-10-30,2025-10-31,Expedited
3346,20251031,27,2,1,178,169,0,151931,2025-10-31,2025-11-03,Standard
3347,20251031,27,7,1,277,255,0,43095,2025-10-31,2025-11-01,Standard
3348,20251031,24,10,4,80,80,0,95920,2025-10-31,2025-11-03,Expedited
3349,20251031,25,2,4,51,46,0,41354,2025-10-31,2025-11-05,Expedited
3350,20251031,17,19,3,87,77,0,19173,2025-10-31,2025-11-04,Standard
3351,20251101,7,7,3,268,246,0,41574,2025-11-01,2025-11-04,Expedited
3352,20251101,1,2,2,209,204,0,183396,2025-11-01,2025-11-03,Expedited
3353,20251101,28,8,3,70,70,0,17430,2025-11-01,2025-11-03,Expedited
3354,20251101,33,14,3,485,485,0,169265,2025-11-01,2025-11-02,Standard
3355,20251101,33,3,1,228,228,0,204972,2025-11-01,2025-11-02,Expedited
3356,20251102,7,20,4,494,441,0,352359,2025-11-02,2025-11-08,Standard
3357,20251102,21,12,4,263,263,0,525737,2025-11-02,2025-11-07,Expedited
3358,20251102,19,11,3,54,48,1,62352,2025-11-02,2025-11-04,Expedited
3359,20251102,29,5,2,156,156,0,155844,2025-11-02,2025-11-06,Expedited
3360,20251102,3,2,4,265,265,0,238235,2025-11-02,2025-11-08,Standard
3361,20251103,9,18,4,183,172,0,68628,2025-11-03,2025-11-09,Standard
3362,20251103,13,14,3,166,161,0,56189,2025-11-03,2025-11-06,Standard
3363,20251103,10,5,2,400,358,0,357642,2025-11-03,2025-11-06,Standard
3364,20251103,19,18,2,248,248,0,98952,2025-11-03,2025-11-06,Standard
3365,20251103,25,4,2,474,474,0,473526,2025-11-03,2025-11-07,Expedited
3366,20251104,8,9,1,291,259,0,142191,2025-11-04,2025-11-07,Expedited
3367,20251104,30,16,3,180,180,0,179820,2025-11-04,2025-11-10,Standard
3368,20251104,30,12,1,139,139,0,277861,2025-11-04,2025-11-10,Expedited
3369,20251104,12,4,2,322,322,0,321678,2025-11-04,2025-11-05,Standard
3370,20251104,19,16,2,146,139,0,138861,2025-11-04,2025-11-10,Expedited
3371,20251105,6,12,4,309,306,0,611694,2025-11-05,2025-11-10,Standard
3372,20251105,13,2,4,183,183,0,164517,2025-11-05,2025-11-06,Expedited
3373,20251105,10,7,2,326,326,0,55094,2025-11-05,2025-11-10,Standard
3374,20251105,30,3,3,63,63,1,56637,2025-11-05,2025-11-10,Expedited
3375,20251105,32,11,4,305,273,0,354627,2025-11-05,2025-11-06,Expedited
3376,20251106,27,12,3,262,259,0,517741,2025-11-06,2025-11-12,Standard
3377,20251106,30,9,1,72,72,0,39528,2025-11-06,2025-11-10,Expedited
3378,20251106,15,14,2,457,457,0,159493,2025-11-06,2025-11-07,Standard
3379,20251106,21,3,3,471,471,0,423429,2025-11-06,2025-11-08,Expedited
3380,20251106,13,15,4,308,308,0,199892,2025-11-06,2025-11-12,Expedited
3381,20251107,2,19,3,228,228,0,56772,2025-11-07,2025-11-10,Standard
3382,20251107,33,2,4,434,389,0,349711,2025-11-07,2025-11-12,Standard
3383,20251107,22,7,4,349,349,0,58981,2025-11-07,2025-11-08,Standard
3384,20251107,5,20,4,395,395,0,315605,2025-11-07,2025-11-11,Standard
3385,20251107,2,12,4,391,354,0,707646,2025-11-07,2025-11-11,Standard
3386,20251108,21,18,1,382,379,0,151221,2025-11-08,2025-11-13,Expedited
3387,20251108,16,12,4,284,270,0,539730,2025-11-08,2025-11-14,Expedited
3388,20251108,14,14,4,416,403,0,140647,2025-11-08,2025-11-12,Expedited
3389,20251108,8,18,2,378,352,0,140448,2025-11-08,2025-11-13,Standard
3390,20251108,9,2,1,417,417,0,374883,2025-11-08,2025-11-13,Standard
3391,20251109,35,9,3,104,104,0,57096,2025-11-09,2025-11-11,Standard
3392,20251109,3,19,3,88,88,0,21912,2025-11-09,2025-11-12,Standard
3393,20251109,15,20,4,152,137,0,109463,2025-11-09,2025-11-15,Standard
3394,20251109,16,2,4,297,267,0,240033,2025-11-09,2025-11-13,Standard
3395,20251109,21,1,4,293,274,0,218926,2025-11-09,2025-11-10,Expedited
3396,20251110,21,1,3,268,240,0,191760,2025-11-10,2025-11-14,Expedited
3397,20251110,35,4,1,307,287,0,286713,2025-11-10,2025-11-16,Standard
3398,20251110,31,9,2,312,297,1,163053,2025-11-10,2025-11-11,Standard
3399,20251110,32,19,4,443,430,0,107070,2025-11-10,2025-11-16,Expedited
3400,20251110,28,8,2,123,117,0,29133,2025-11-10,2025-11-16,Expedited
3401,20251111,6,4,3,316,293,0,292707,2025-11-11,2025-11-12,Standard
3402,20251111,17,19,1,156,140,0,34860,2025-11-11,2025-11-14,Standard
3403,20251111,16,6,3,399,359,0,430441,2025-11-11,2025-11-12,Standard
3404,20251111,21,11,2,266,247,0,320853,2025-11-11,2025-11-16,Expedited
3405,20251111,17,19,3,115,115,0,28635,2025-11-11,2025-11-13,Standard
3406,20251112,25,3,2,356,336,0,302064,2025-11-12,2025-11-18,Expedited
3407,20251112,12,8,2,276,276,0,68724,2025-11-12,2025-11-16,Expedited
3408,20251112,25,8,1,435,416,0,103584,2025-11-12,2025-11-18,Standard
3409,20251112,8,5,1,208,193,0,192807,2025-11-12,2025-11-18,Expedited
3410,20251112,29,1,4,127,126,0,100674,2025-11-12,2025-11-13,Standard
3411,20251113,28,2,1,412,403,0,362297,2025-11-13,2025-11-19,Standard
3412,20251113,2,13,1,432,432,0,1079568,2025-11-13,2025-11-15,Standard
3413,20251113,28,9,2,136,136,0,74664,2025-11-13,2025-11-15,Standard
3414,20251113,4,18,3,265,238,0,94962,2025-11-13,2025-11-19,Standard
3415,20251113,30,2,3,451,451,0,405449,2025-11-13,2025-11-19,Expedited
3416,20251114,10,12,1,453,423,0,845577,2025-11-14,2025-11-15,Standard
3417,20251114,12,1,1,378,361,0,288439,2025-11-14,2025-11-17,Expedited
3418,20251114,19,15,2,435,389,0,252461,2025-11-14,2025-11-17,Standard
3419,20251114,27,14,3,175,166,0,57934,2025-11-14,2025-11-17,Expedited
3420,20251114,5,12,1,252,252,0,503748,2025-11-14,2025-11-20,Standard
3421,20251115,33,1,4,165,165,0,131835,2025-11-15,2025-11-16,Expedited
3422,20251115,2,8,1,190,190,0,47310,2025-11-15,2025-11-19,Expedited
3423,20251115,21,4,3,246,226,0,225774,2025-11-15,2025-11-17,Standard
3424,20251115,14,8,1,86,79,0,19671,2025-11-15,2025-11-16,Expedited
3425,20251115,15,17,3,468,423,0,464877,2025-11-15,2025-11-19,Standard
3426,20251116,26,12,1,402,373,0,745627,2025-11-16,2025-11-18,Standard
3427,20251116,14,2,1,157,146,0,131254,2025-11-16,2025-11-21,Standard
3428,20251116,18,16,1,246,226,0,225774,2025-11-16,2025-11-18,Standard
3429,20251116,28,6,2,363,363,0,435237,2025-11-16,2025-11-18,Expedited
3430,20251116,22,2,3,168,168,0,151032,2025-11-16,2025-11-17,Expedited
3431,20251117,1,10,2,211,197,1,236203,2025-11-17,2025-11-23,Standard
3432,20251117,20,20,1,497,497,0,397103,2025-11-17,2025-11-20,Expedited
3433,20251117,28,10,4,367,349,0,418451,2025-11-17,2025-11-19,Expedited
3434,20251117,22,6,1,451,419,0,502381,2025-11-17,2025-11-21,Standard
3435,20251117,22,6,2,243,235,0,281765,2025-11-17,2025-11-18,Standard
3436,20251118,27,19,2,381,340,0,84660,2025-11-18,2025-11-21,Standard
3437,20251118,4,14,3,454,425,0,148325,2025-11-18,2025-11-24,Standard
3438,20251118,6,1,3,433,392,0,313208,2025-11-18,2025-11-20,Standard
3439,20251118,32,3,3,159,156,0,140244,2025-11-18,2025-11-21,Standard
3440,20251118,23,14,4,440,397,0,138553,2025-11-18,2025-11-24,Expedited
3441,20251119,3,16,2,483,471,0,470529,2025-11-19,2025-11-22,Expedited
3442,20251119,17,19,2,485,485,0,120765,2025-11-19,2025-11-25,Expedited
3443,20251119,33,11,2,376,354,0,459846,2025-11-19,2025-11-22,Expedited
3444,20251119,34,15,2,422,422,0,273878,2025-11-19,2025-11-20,Expedited
3445,20251119,5,10,2,162,159,0,190641,2025-11-19,2025-11-24,Standard
3446,20251120,28,18,4,107,107,0,42693,2025-11-20,2025-11-21,Standard
3447,20251120,9,12,1,309,309,0,617691,2025-11-20,2025-11-26,Expedited
3448,20251120,1,9,1,455,455,1,249795,2025-11-20,2025-11-22,Expedited
3449,20251120,5,16,2,319,319,0,318681,2025-11-20,2025-11-26,Standard
3450,20251120,1,18,3,60,53,0,21147,2025-11-20,2025-11-22,Expedited
3451,20251121,8,10,2,283,270,0,323730,2025-11-21,2025-11-23,Standard
3452,20251121,29,16,1,393,381,0,380619,2025-11-21,2025-11-24,Expedited
3453,20251121,2,18,3,336,328,0,130872,2025-11-21,2025-11-25,Standard
3454,20251121,33,15,1,74,73,0,47377,2025-11-21,2025-11-27,Standard
3455,20251121,5,1,2,353,313,0,250087,2025-11-21,2025-11-23,Standard
3456,20251122,20,18,1,157,157,0,62643,2025-11-22,2025-11-23,Standard
3457,20251122,21,11,1,390,386,0,501414,2025-11-22,2025-11-28,Standard
3458,20251122,13,2,3,112,112,0,100688,2025-11-22,2025-11-26,Expedited
3459,20251122,3,17,2,110,97,0,106603,2025-11-22,2025-11-25,Expedited
3460,20251122,23,5,1,452,452,0,451548,2025-11-22,2025-11-27,Standard
3461,20251123,2,6,2,303,279,0,334521,2025-11-23,2025-11-26,Expedited
3462,20251123,17,20,1,468,427,0,341173,2025-11-23,2025-11-26,Standard
3463,20251123,24,13,1,173,173,1,432327,2025-11-23,2025-11-27,Standard
3464,20251123,11,18,3,132,121,0,48279,2025-11-23,2025-11-29,Standard
3465,20251123,23,3,2,190,190,0,170810,2025-11-23,2025-11-29,Standard
3466,20251124,8,20,4,102,101,0,80699,2025-11-24,2025-11-29,Expedited
3467,20251124,34,3,4,251,250,0,224750,2025-11-24,2025-11-26,Expedited
3468,20251124,27,14,1,306,306,0,106794,2025-11-24,2025-11-29,Expedited
3469,20251124,20,18,3,484,447,0,178353,2025-11-24,2025-11-26,Standard
3470,20251124,21,12,3,200,189,1,377811,2025-11-24,2025-11-25,Expedited
3471,20251125,35,1,4,106,106,0,84694,2025-11-25,2025-11-30,Standard
3472,20251125,21,17,4,438,407,0,447293,2025-11-25,2025-11-27,Expedited
3473,20251125,16,6,1,432,409,0,490391,2025-11-25,2025-11-30,Standard
3474,20251125,26,9,1,252,231,0,126819,2025-11-25,2025-12-01,Standard
3475,20251125,23,9,3,285,285,0,156465,2025-11-25,2025-11-28,Expedited
3476,20251126,35,7,2,335,335,0,56615,2025-11-26,2025-11-27,Expedited
3477,20251126,17,7,3,170,170,0,28730,2025-11-26,2025-11-29,Expedited
3478,20251126,6,16,4,185,167,0,166833,2025-11-26,2025-12-02,Expedited
3479,20251126,13,2,1,494,494,0,444106,2025-11-26,2025-11-28,Expedited
3480,20251126,2,1,2,74,71,0,56729,2025-11-26,2025-12-01,Standard
3481,20251127,4,12,2,409,409,0,817591,2025-11-27,2025-12-03,Standard
3482,20251127,17,17,4,215,204,0,224196,2025-11-27,2025-12-03,Standard
3483,20251127,3,9,1,105,95,0,52155,2025-11-27,2025-11-28,Standard
3484,20251127,17,15,3,216,193,0,125257,2025-11-27,2025-12-03,Standard
3485,20251127,6,5,1,162,162,0,161838,2025-11-27,2025-11-29,Expedited
3486,20251128,28,5,4,489,483,0,482517,2025-11-28,2025-12-01,Standard
3487,20251128,20,11,2,244,244,0,316956,2025-11-28,2025-12-04,Expedited
3488,20251128,6,7,1,217,217,0,36673,2025-11-28,2025-11-30,Expedited
3489,20251128,35,13,2,420,398,0,994602,2025-11-28,2025-12-02,Expedited
3490,20251128,29,17,1,268,247,0,271453,2025-11-28,2025-12-04,Standard
3491,20251129,16,4,3,199,192,0,191808,2025-11-29,2025-12-05,Expedited
3492,20251129,24,2,3,60,54,0,48546,2025-11-29,2025-12-03,Standard
3493,20251129,22,2,1,264,264,0,237336,2025-11-29,2025-12-05,Expedited
3494,20251129,10,3,4,301,298,0,267902,2025-11-29,2025-11-30,Expedited
3495,20251129,25,10,4,203,200,0,239800,2025-11-29,2025-12-01,Standard
3496,20251130,32,7,1,60,53,0,8957,2025-11-30,2025-12-06,Expedited
3497,20251130,32,9,1,102,102,0,55998,2025-11-30,2025-12-02,Standard
3498,20251130,12,11,2,202,182,0,236418,2025-11-30,2025-12-04,Expedited
3499,20251130,24,2,4,75,75,0,67425,2025-11-30,2025-12-05,Expedited
3500,20251130,22,16,3,114,114,0,113886,2025-11-30,2025-12-02,Standard
3501,20251201,10,3,4,76,68,0,61132,2025-12-01,2025-12-03,Expedited
3502,20251201,10,20,2,437,437,0,349163,2025-12-01,2025-12-03,Standard
3503,20251201,3,15,1,463,411,0,266739,2025-12-01,2025-12-04,Standard
3504,20251201,3,15,4,58,58,0,37642,2025-12-01,2025-12-04,Standard
3505,20251201,4,16,1,310,276,0,275724,2025-12-01,2025-12-04,Standard
3506,20251202,28,6,3,98,94,0,112706,2025-12-02,2025-12-03,Standard
3507,20251202,5,1,3,212,212,0,169388,2025-12-02,2025-12-05,Expedited
3508,20251202,12,18,4,318,318,0,126882,2025-12-02,2025-12-08,Expedited
3509,20251202,15,16,4,281,273,0,272727,2025-12-02,2025-12-03,Standard
3510,20251202,1,18,3,227,221,0,88179,2025-12-02,2025-12-07,Expedited
3511,20251203,28,8,4,145,145,0,36105,2025-12-03,2025-12-09,Standard
3512,20251203,14,13,3,473,461,0,1152039,2025-12-03,2025-12-05,Expedited
3513,20251203,1,1,4,90,90,0,71910,2025-12-03,2025-12-08,Standard
3514,20251203,14,2,1,333,305,0,274195,2025-12-03,2025-12-08,Standard
3515,20251203,30,12,1,175,166,0,331834,2025-12-03,2025-12-07,Standard
3516,20251204,17,18,3,56,51,0,20349,2025-12-04,2025-12-05,Standard
3517,20251204,1,16,4,240,239,0,238761,2025-12-04,2025-12-05,Standard
3518,20251204,11,6,3,241,241,0,288959,2025-12-04,2025-12-08,Standard
3519,20251204,4,7,3,455,438,0,74022,2025-12-04,2025-12-07,Standard
3520,20251204,3,19,4,191,191,1,47559,2025-12-04,2025-12-07,Standard
3521,20251205,30,17,3,213,205,0,225295,2025-12-05,2025-12-11,Expedited
3522,20251205,18,9,4,479,429,0,235521,2025-12-05,2025-12-11,Expedited
3523,20251205,20,5,1,328,328,0,327672,2025-12-05,2025-12-06,Expedited
3524,20251205,5,6,3,395,391,0,468809,2025-12-05,2025-12-06,Expedited
3525,20251205,5,11,1,371,371,0,481929,2025-12-05,2025-12-10,Standard
3526,20251206,16,5,2,468,468,0,467532,2025-12-06,2025-12-09,Standard
3527,20251206,11,14,4,394,394,0,137506,2025-12-06,2025-12-09,Standard
3528,20251206,32,12,2,87,77,0,153923,2025-12-06,2025-12-12,Expedited
3529,20251206,32,17,1,64,61,0,67039,2025-12-06,2025-12-12,Standard
3530,20251206,13,7,2,164,150,0,25350,2025-12-06,2025-12-11,Expedited
3531,20251207,28,12,1,431,431,1,861569,2025-12-07,2025-12-11,Expedited
3532,20251207,16,10,2,168,168,0,201432,2025-12-07,2025-12-10,Standard
3533,20251207,3,1,4,344,329,0,262871,2025-12-07,2025-12-12,Standard
3534,20251207,4,14,4,52,52,0,18148,2025-12-07,2025-12-11,Expedited
3535,20251207,35,12,4,407,377,0,753623,2025-12-07,2025-12-09,Standard
3536,20251208,7,11,2,452,452,0,587148,2025-12-08,2025-12-09,Expedited
3537,20251208,2,5,3,288,288,0,287712,2025-12-08,2025-12-09,Expedited
3538,20251208,22,11,2,132,124,0,161076,2025-12-08,2025-12-13,Expedited
3539,20251208,13,15,2,449,400,0,259600,2025-12-08,2025-12-11,Expedited
3540,20251208,2,9,2,169,169,0,92781,2025-12-08,2025-12-11,Standard
3541,20251209,22,18,1,403,400,0,159600,2025-12-09,2025-12-12,Standard
3542,20251209,4,15,3,188,177,0,114873,2025-12-09,2025-12-15,Standard
3543,20251209,9,15,4,377,377,0,244673,2025-12-09,2025-12-14,Standard
3544,20251209,10,12,2,438,406,0,811594,2025-12-09,2025-12-12,Standard
3545,20251209,26,1,1,187,184,0,147016,2025-12-09,2025-12-14,Standard
3546,20251210,23,2,1,144,135,1,121365,2025-12-10,2025-12-13,Expedited
3547,20251210,1,5,4,240,240,0,239760,2025-12-10,2025-12-16,Standard
3548,20251210,27,10,1,186,175,0,209825,2025-12-10,2025-12-15,Expedited
3549,20251210,12,17,2,426,426,0,468174,2025-12-10,2025-12-15,Standard
3550,20251210,14,8,1,316,288,0,71712,2025-12-10,2025-12-15,Expedited
3551,20251211,9,9,3,59,52,0,28548,2025-12-11,2025-12-15,Standard
3552,20251211,23,7,3,328,316,0,53404,2025-12-11,2025-12-15,Expedited
3553,20251211,33,1,2,242,238,0,190162,2025-12-11,2025-12-17,Standard
3554,20251211,28,18,3,107,98,0,39102,2025-12-11,2025-12-16,Expedited
3555,20251211,33,7,2,471,435,0,73515,2025-12-11,2025-12-16,Expedited
3556,20251212,19,10,2,76,76,0,91124,2025-12-12,2025-12-13,Standard
3557,20251212,27,15,3,114,114,0,73986,2025-12-12,2025-12-14,Expedited
3558,20251212,6,6,3,101,95,0,113905,2025-12-12,2025-12-18,Expedited
3559,20251212,17,8,4,227,215,0,53535,2025-12-12,2025-12-14,Expedited
3560,20251212,4,19,4,474,458,0,114042,2025-12-12,2025-12-15,Expedited
3561,20251213,35,5,4,438,432,0,431568,2025-12-13,2025-12-17,Expedited
3562,20251213,29,1,3,468,467,1,373133,2025-12-13,2025-12-15,Expedited
3563,20251213,7,7,1,257,242,0,40898,2025-12-13,2025-12-14,Standard
3564,20251213,13,20,4,445,397,0,317203,2025-12-13,2025-12-19,Expedited
3565,20251213,24,19,3,74,73,0,18177,2025-12-13,2025-12-16,Standard
3566,20251214,4,11,4,365,359,0,466341,2025-12-14,2025-12-17,Standard
3567,20251214,13,12,4,486,453,0,905547,2025-12-14,2025-12-19,Standard
3568,20251214,34,19,1,140,132,0,32868,2025-12-14,2025-12-16,Expedited
3569,20251214,1,14,4,76,71,0,24779,2025-12-14,2025-12-19,Expedited
3570,20251214,1,3,4,262,239,0,214861,2025-12-14,2025-12-17,Standard
3571,20251215,6,6,4,180,162,0,194238,2025-12-15,2025-12-18,Expedited
3572,20251215,26,15,1,233,233,0,151217,2025-12-15,2025-12-21,Expedited
3573,20251215,9,3,3,61,55,0,49445,2025-12-15,2025-12-18,Standard
3574,20251215,10,9,1,254,254,1,139446,2025-12-15,2025-12-20,Expedited
3575,20251215,13,12,3,191,191,0,381809,2025-12-15,2025-12-17,Standard
3576,20251216,8,18,2,341,341,0,136059,2025-12-16,2025-12-20,Expedited
3577,20251216,25,16,2,391,362,0,361638,2025-12-16,2025-12-18,Expedited
3578,20251216,6,17,4,413,408,0,448392,2025-12-16,2025-12-18,Expedited
3579,20251216,30,14,3,490,443,0,154607,2025-12-16,2025-12-19,Standard
3580,20251216,13,15,2,119,118,0,76582,2025-12-16,2025-12-22,Expedited
3581,20251217,3,2,4,283,283,0,254417,2025-12-17,2025-12-22,Standard
3582,20251217,17,18,3,486,486,0,193914,2025-12-17,2025-12-20,Expedited
3583,20251217,20,3,1,389,389,0,349711,2025-12-17,2025-12-18,Standard
3584,20251217,6,15,1,359,359,0,232991,2025-12-17,2025-12-22,Expedited
3585,20251217,6,1,2,438,438,0,349962,2025-12-17,2025-12-22,Expedited
3586,20251218,7,17,1,453,453,0,497847,2025-12-18,2025-12-20,Standard
3587,20251218,6,9,1,202,202,0,110898,2025-12-18,2025-12-23,Standard
3588,20251218,9,3,4,103,92,0,82708,2025-12-18,2025-12-23,Standard
3589,20251218,14,20,3,499,493,0,393907,2025-12-18,2025-12-19,Expedited
3590,20251218,17,7,2,304,304,0,51376,2025-12-18,2025-12-21,Standard
3591,20251219,13,1,3,210,204,0,162996,2025-12-19,2025-12-21,Expedited
3592,20251219,32,5,3,92,85,0,84915,2025-12-19,2025-12-24,Standard
3593,20251219,12,6,2,150,150,1,179850,2025-12-19,2025-12-20,Expedited
3594,20251219,18,4,1,423,396,0,395604,2025-12-19,2025-12-22,Standard
3595,20251219,19,1,2,318,313,0,250087,2025-12-19,2025-12-24,Expedited
3596,20251220,34,19,4,467,465,0,115785,2025-12-20,2025-12-25,Standard
3597,20251220,1,13,2,128,122,0,304878,2025-12-20,2025-12-22,Expedited
3598,20251220,4,19,4,54,54,0,13446,2025-12-20,2025-12-21,Standard
3599,20251220,16,17,4,453,440,0,483560,2025-12-20,2025-12-22,Expedited
3600,20251220,23,20,3,98,87,0,69513,2025-12-20,2025-12-24,Standard
3601,20251221,8,16,3,294,279,0,278721,2025-12-21,2025-12-26,Expedited
3602,20251221,25,11,4,161,158,0,205242,2025-12-21,2025-12-25,Expedited
3603,20251221,24,16,4,312,278,0,277722,2025-12-21,2025-12-24,Expedited
3604,20251221,4,6,4,427,420,0,503580,2025-12-21,2025-12-27,Expedited
3605,20251221,13,5,2,351,333,0,332667,2025-12-21,2025-12-25,Expedited
3606,20251222,26,1,4,445,411,0,328389,2025-12-22,2025-12-25,Standard
3607,20251222,7,17,1,329,329,0,361571,2025-12-22,2025-12-24,Expedited
3608,20251222,3,13,2,66,62,0,154938,2025-12-22,2025-12-28,Expedited
3609,20251222,23,12,3,300,283,0,565717,2025-12-22,2025-12-23,Expedited
3610,20251222,33,13,3,456,456,0,1139544,2025-12-22,2025-12-24,Expedited
3611,20251223,16,3,1,147,130,0,116870,2025-12-23,2025-12-24,Standard
3612,20251223,14,19,4,90,90,0,22410,2025-12-23,2025-12-24,Standard
3613,20251223,34,4,1,435,435,0,434565,2025-12-23,2025-12-25,Standard
3614,20251223,26,7,1,334,312,0,52728,2025-12-23,2025-12-27,Expedited
3615,20251223,21,10,4,422,373,0,447227,2025-12-23,2025-12-25,Standard
3616,20251224,15,3,1,132,126,0,113274,2025-12-24,2025-12-26,Standard
3617,20251224,29,3,2,437,437,0,392863,2025-12-24,2025-12-25,Standard
3618,20251224,34,9,2,249,240,0,131760,2025-12-24,2025-12-27,Expedited
3619,20251224,31,8,2,96,96,0,23904,2025-12-24,2025-12-25,Standard
3620,20251224,3,13,3,378,378,0,944622,2025-12-24,2025-12-29,Expedited
3621,20251225,3,1,2,376,376,0,300424,2025-12-25,2025-12-31,Standard
3622,20251225,27,5,3,206,206,0,205794,2025-12-25,2025-12-29,Expedited
3623,20251225,3,6,3,386,386,0,462814,2025-12-25,2025-12-31,Expedited
3624,20251225,14,14,3,375,375,0,130875,2025-12-25,2025-12-30,Standard
3625,20251225,1,19,1,177,161,0,40089,2025-12-25,2025-12-27,Standard
3626,20251226,32,1,2,319,319,0,254881,2025-12-26,2025-12-27,Standard
3627,20251226,27,2,2,50,46,0,41354,2025-12-26,2025-12-28,Standard
3628,20251226,19,13,3,115,107,0,267393,2025-12-26,2025-12-27,Standard
3629,20251226,35,15,3,346,346,0,224554,2025-12-26,2025-12-31,Standard
3630,20251226,18,1,1,67,67,0,53533,2025-12-26,2025-12-31,Expedited
3631,20251227,29,16,4,114,104,0,103896,2025-12-27,2025-12-30,Expedited
3632,20251227,2,5,3,415,391,0,390609,2025-12-27,2025-12-28,Expedited
3633,20251227,17,7,3,161,148,0,25012,2025-12-27,2025-12-28,Standard
3634,20251227,35,12,1,129,118,0,235882,2025-12-27,2025-12-30,Standard
3635,20251227,29,19,4,309,289,0,71961,2025-12-27,2026-01-02,Standard
3636,20251228,19,19,4,157,157,0,39093,2025-12-28,2026-01-01,Standard
3637,20251228,5,6,3,448,448,0,537152,2025-12-28,2026-01-03,Expedited
3638,20251228,26,15,3,84,84,0,54516,2025-12-28,2026-01-03,Standard
3639,20251228,22,15,2,198,186,0,120714,2025-12-28,2025-12-31,Expedited
3640,20251228,22,12,3,451,451,0,901549,2025-12-28,2026-01-01,Expedited
3641,20251229,4,13,2,401,401,1,1002099,2025-12-29,2025-12-31,Standard
3642,20251229,9,13,1,131,129,0,322371,2025-12-29,2026-01-02,Expedited
3643,20251229,33,14,3,334,303,1,105747,2025-12-29,2026-01-04,Expedited
3644,20251229,31,19,3,195,183,0,45567,2025-12-29,2026-01-01,Standard
3645,20251229,16,1,4,303,303,0,242097,2025-12-29,2026-01-01,Expedited
3646,20251230,4,19,4,54,54,0,13446,2025-12-30,2026-01-01,Standard
3647,20251230,26,19,1,188,188,0,46812,2025-12-30,2026-01-03,Expedited
3648,20251230,2,16,4,213,213,0,212787,2025-12-30,2026-01-04,Expedited
3649,20251230,31,4,3,158,141,0,140859,2025-12-30,2025-12-31,Standard
3650,20251230,25,17,1,390,390,0,428610,2025-12-30,2026-01-04,Standard
3651,20251231,22,10,1,379,360,0,431640,2025-12-31,2026-01-06,Standard
3652,20251231,16,16,2,479,425,0,424575,2025-12-31,2026-01-05,Expedited
3653,20251231,10,15,2,289,289,0,187561,2025-12-31,2026-01-03,Expedited
3654,20251231,11,8,2,183,179,0,44571,2025-12-31,2026-01-02,Standard
3655,20251231,21,9,1,246,222,0,121878,2025-12-31,2026-01-05,Standard
3656,20260101,32,3,1,316,307,0,275993,2026-01-01,2026-01-06,Expedited
3657,20260101,9,12,3,242,242,0,483758,2026-01-01,2026-01-03,Standard
3658,20260101,18,16,3,283,274,0,273726,2026-01-01,2026-01-04,Standard
3659,20260101,24,9,1,162,148,0,81252,2026-01-01,2026-01-02,Standard
3660,20260101,28,9,1,350,346,0,189954,2026-01-01,2026-01-06,Expedited
3661,20260102,33,14,1,107,105,0,36645,2026-01-02,2026-01-03,Standard
3662,20260102,17,2,3,172,172,0,154628,2026-01-02,2026-01-07,Expedited
3663,20260102,7,4,1,195,173,0,172827,2026-01-02,2026-01-07,Standard
3664,20260102,5,13,1,440,440,0,1099560,2026-01-02,2026-01-08,Expedited
3665,20260102,15,9,1,198,192,0,105408,2026-01-02,2026-01-06,Standard
3666,20260103,26,20,2,172,165,0,131835,2026-01-03,2026-01-04,Standard
3667,20260103,21,9,2,118,118,0,64782,2026-01-03,2026-01-08,Standard
3668,20260103,25,20,3,386,386,0,308414,2026-01-03,2026-01-09,Expedited
3669,20260103,8,19,1,229,211,0,52539,2026-01-03,2026-01-08,Expedited
3670,20260103,33,10,3,438,438,0,525162,2026-01-03,2026-01-08,Standard
3671,20260104,28,9,3,385,381,0,209169,2026-01-04,2026-01-10,Expedited
3672,20260104,24,1,2,72,72,0,57528,2026-01-04,2026-01-08,Expedited
3673,20260104,28,20,2,74,68,0,54332,2026-01-04,2026-01-05,Expedited
3674,20260104,10,18,2,237,213,0,84987,2026-01-04,2026-01-08,Standard
3675,20260104,24,8,3,179,166,1,41334,2026-01-04,2026-01-09,Expedited
3676,20260105,5,4,2,119,111,0,110889,2026-01-05,2026-01-11,Standard
3677,20260105,4,9,1,167,157,0,86193,2026-01-05,2026-01-06,Expedited
3678,20260105,24,13,4,427,402,0,1004598,2026-01-05,2026-01-11,Standard
3679,20260105,23,10,2,98,96,0,115104,2026-01-05,2026-01-09,Standard
3680,20260105,27,4,1,193,193,0,192807,2026-01-05,2026-01-11,Standard
3681,20260106,22,7,1,87,84,0,14196,2026-01-06,2026-01-10,Standard
3682,20260106,31,3,2,202,200,0,179800,2026-01-06,2026-01-11,Standard
3683,20260106,11,12,1,451,427,0,853573,2026-01-06,2026-01-07,Standard
3684,20260106,20,2,1,167,154,1,138446,2026-01-06,2026-01-09,Standard
3685,20260106,31,1,2,425,403,0,321997,2026-01-06,2026-01-11,Expedited
3686,20260107,14,4,4,395,376,0,375624,2026-01-07,2026-01-13,Standard
3687,20260107,19,5,3,163,149,0,148851,2026-01-07,2026-01-12,Expedited
3688,20260107,30,10,3,456,428,0,513172,2026-01-07,2026-01-11,Standard
3689,20260107,3,16,2,154,150,0,149850,2026-01-07,2026-01-11,Standard
3690,20260107,21,12,3,125,115,1,229885,2026-01-07,2026-01-08,Expedited
3691,20260108,34,20,3,315,303,0,242097,2026-01-08,2026-01-14,Expedited
3692,20260108,1,12,4,298,290,0,579710,2026-01-08,2026-01-14,Standard
3693,20260108,23,1,2,229,229,0,182971,2026-01-08,2026-01-10,Expedited
3694,20260108,32,8,2,481,440,0,109560,2026-01-08,2026-01-11,Standard
3695,20260108,8,1,1,459,459,0,366741,2026-01-08,2026-01-09,Expedited
3696,20260109,27,3,1,98,96,1,86304,2026-01-09,2026-01-10,Expedited
3697,20260109,33,3,4,206,206,0,185194,2026-01-09,2026-01-12,Standard
3698,20260109,24,2,1,265,262,0,235538,2026-01-09,2026-01-15,Expedited
3699,20260109,6,5,3,460,460,0,459540,2026-01-09,2026-01-11,Standard
3700,20260109,23,14,3,352,320,0,111680,2026-01-09,2026-01-15,Expedited
3701,20260110,11,18,1,317,300,0,119700,2026-01-10,2026-01-11,Expedited
3702,20260110,22,13,1,86,86,0,214914,2026-01-10,2026-01-13,Expedited
3703,20260110,27,1,3,451,441,0,352359,2026-01-10,2026-01-14,Standard
3704,20260110,22,8,2,369,369,0,91881,2026-01-10,2026-01-16,Standard
3705,20260110,7,6,4,231,218,0,261382,2026-01-10,2026-01-12,Expedited
3706,20260111,29,11,4,361,353,0,458547,2026-01-11,2026-01-15,Standard
3707,20260111,30,7,4,207,206,0,34814,2026-01-11,2026-01-15,Standard
3708,20260111,15,14,1,192,185,0,64565,2026-01-11,2026-01-14,Standard
3709,20260111,2,1,3,436,433,0,345967,2026-01-11,2026-01-17,Expedited
3710,20260111,29,2,2,460,432,1,388368,2026-01-11,2026-01-17,Expedited
3711,20260112,21,7,4,366,366,0,61854,2026-01-12,2026-01-18,Expedited
3712,20260112,12,2,2,117,115,0,103385,2026-01-12,2026-01-17,Standard
3713,20260112,15,19,4,319,285,0,70965,2026-01-12,2026-01-18,Standard
3714,20260112,30,12,2,204,204,0,407796,2026-01-12,2026-01-17,Standard
3715,20260112,35,16,4,108,108,0,107892,2026-01-12,2026-01-13,Standard
3716,20260113,15,10,1,307,307,0,368093,2026-01-13,2026-01-15,Standard
3717,20260113,9,5,4,483,482,1,481518,2026-01-13,2026-01-19,Standard
3718,20260113,14,9,2,446,402,0,220698,2026-01-13,2026-01-16,Standard
3719,20260113,16,4,1,344,344,0,343656,2026-01-13,2026-01-19,Expedited
3720,20260113,34,15,1,375,375,0,243375,2026-01-13,2026-01-14,Standard
3721,20260114,19,6,3,195,175,0,209825,2026-01-14,2026-01-18,Expedited
3722,20260114,31,8,4,257,257,0,63993,2026-01-14,2026-01-15,Standard
3723,20260114,35,10,1,124,117,0,140283,2026-01-14,2026-01-18,Expedited
3724,20260114,26,1,2,149,149,0,119051,2026-01-14,2026-01-19,Expedited
3725,20260114,25,13,4,211,205,0,512295,2026-01-14,2026-01-18,Standard
3726,20260115,22,14,3,159,144,0,50256,2026-01-15,2026-01-21,Standard
3727,20260115,30,7,2,302,280,0,47320,2026-01-15,2026-01-20,Standard
3728,20260115,25,13,4,422,421,0,1052079,2026-01-15,2026-01-20,Expedited
3729,20260115,30,16,4,92,92,0,91908,2026-01-15,2026-01-20,Standard
3730,20260115,30,6,2,435,396,0,474804,2026-01-15,2026-01-21,Standard
3731,20260116,34,11,1,86,79,0,102621,2026-01-16,2026-01-22,Expedited
3732,20260116,10,12,1,364,357,0,713643,2026-01-16,2026-01-18,Standard
3733,20260116,2,2,1,287,277,0,249023,2026-01-16,2026-01-20,Expedited
3734,20260116,14,18,1,394,352,0,140448,2026-01-16,2026-01-17,Expedited
3735,20260116,13,2,2,65,65,0,58435,2026-01-16,2026-01-17,Standard
3736,20260117,23,12,1,118,115,0,229885,2026-01-17,2026-01-23,Expedited
3737,20260117,23,13,2,425,425,0,1062075,2026-01-17,2026-01-20,Standard
3738,20260117,34,19,3,431,408,0,101592,2026-01-17,2026-01-20,Expedited
3739,20260117,35,5,2,485,436,0,435564,2026-01-17,2026-01-20,Standard
3740,20260117,8,9,3,402,386,0,211914,2026-01-17,2026-01-18,Expedited
3741,20260118,27,6,4,344,332,0,398068,2026-01-18,2026-01-22,Expedited
3742,20260118,11,4,3,343,343,0,342657,2026-01-18,2026-01-23,Expedited
3743,20260118,5,9,2,424,404,0,221796,2026-01-18,2026-01-23,Expedited
3744,20260118,35,1,2,498,463,1,369937,2026-01-18,2026-01-20,Expedited
3745,20260118,6,8,1,374,351,0,87399,2026-01-18,2026-01-23,Standard
3746,20260119,17,16,1,67,66,0,65934,2026-01-19,2026-01-24,Expedited
3747,20260119,31,5,2,279,276,0,275724,2026-01-19,2026-01-22,Expedited
3748,20260119,11,7,4,453,453,0,76557,2026-01-19,2026-01-20,Expedited
3749,20260119,24,7,2,159,159,0,26871,2026-01-19,2026-01-24,Expedited
3750,20260119,23,12,2,141,134,0,267866,2026-01-19,2026-01-23,Expedited
3751,20260120,21,9,4,346,346,0,189954,2026-01-20,2026-01-26,Expedited
3752,20260120,14,15,4,408,394,0,255706,2026-01-20,2026-01-21,Standard
3753,20260120,9,11,4,68,61,0,79239,2026-01-20,2026-01-23,Expedited
3754,20260120,35,15,3,455,414,0,268686,2026-01-20,2026-01-21,Expedited
3755,20260120,4,7,2,103,102,0,17238,2026-01-20,2026-01-26,Standard
3756,20260121,35,3,3,143,143,0,128557,2026-01-21,2026-01-27,Expedited
3757,20260121,5,6,4,281,281,0,336919,2026-01-21,2026-01-26,Standard
3758,20260121,25,5,4,391,391,0,390609,2026-01-21,2026-01-22,Expedited
3759,20260121,32,4,3,468,468,0,467532,2026-01-21,2026-01-22,Expedited
3760,20260121,27,16,3,229,227,0,226773,2026-01-21,2026-01-26,Expedited
3761,20260122,33,17,4,221,217,1,238483,2026-01-22,2026-01-25,Expedited
3762,20260122,29,16,2,196,194,0,193806,2026-01-22,2026-01-26,Standard
3763,20260122,27,6,3,318,294,0,352506,2026-01-22,2026-01-26,Expedited
3764,20260122,23,4,4,182,179,0,178821,2026-01-22,2026-01-27,Expedited
3765,20260122,18,1,2,175,175,0,139825,2026-01-22,2026-01-28,Expedited
3766,20260123,18,19,4,156,156,0,38844,2026-01-23,2026-01-28,Expedited
3767,20260123,6,10,4,357,322,0,386078,2026-01-23,2026-01-26,Standard
3768,20260123,1,1,4,390,374,0,298826,2026-01-23,2026-01-27,Expedited
3769,20260123,2,4,2,370,370,0,369630,2026-01-23,2026-01-26,Standard
3770,20260123,26,11,4,52,50,0,64950,2026-01-23,2026-01-26,Expedited
3771,20260124,22,16,1,382,370,0,369630,2026-01-24,2026-01-28,Expedited
3772,20260124,26,10,4,436,436,0,522764,2026-01-24,2026-01-29,Expedited
3773,20260124,1,16,4,94,86,0,85914,2026-01-24,2026-01-29,Expedited
3774,20260124,10,3,2,326,300,0,269700,2026-01-24,2026-01-26,Expedited
3775,20260124,25,18,4,294,268,0,106932,2026-01-24,2026-01-30,Standard
3776,20260125,29,15,2,298,298,1,193402,2026-01-25,2026-01-27,Standard
3777,20260125,2,2,2,155,138,0,124062,2026-01-25,2026-01-27,Standard
3778,20260125,10,15,2,317,317,0,205733,2026-01-25,2026-01-27,Expedited
3779,20260125,31,5,3,238,238,0,237762,2026-01-25,2026-01-28,Standard
3780,20260125,18,18,2,190,190,0,75810,2026-01-25,2026-01-28,Standard
3781,20260126,7,7,4,262,262,0,44278,2026-01-26,2026-01-30,Expedited
3782,20260126,14,5,1,157,154,0,153846,2026-01-26,2026-01-28,Standard
3783,20260126,24,13,4,296,296,0,739704,2026-01-26,2026-01-28,Expedited
3784,20260126,19,19,2,147,135,0,33615,2026-01-26,2026-01-29,Expedited
3785,20260126,17,8,1,470,438,0,109062,2026-01-26,2026-01-29,Standard
3786,20260127,30,20,3,286,256,0,204544,2026-01-27,2026-01-29,Expedited
3787,20260127,29,4,3,294,294,0,293706,2026-01-27,2026-02-02,Expedited
3788,20260127,5,12,4,472,440,0,879560,2026-01-27,2026-01-31,Expedited
3789,20260127,10,8,3,78,72,0,17928,2026-01-27,2026-01-29,Standard
3790,20260127,27,19,3,436,436,0,108564,2026-01-27,2026-02-02,Standard
3791,20260128,3,7,2,108,99,0,16731,2026-01-28,2026-01-31,Standard
3792,20260128,2,8,4,125,125,0,31125,2026-01-28,2026-01-29,Expedited
3793,20260128,35,6,1,304,304,0,364496,2026-01-28,2026-01-31,Expedited
3794,20260128,17,14,2,321,309,0,107841,2026-01-28,2026-02-02,Expedited
3795,20260128,20,18,2,127,127,0,50673,2026-01-28,2026-01-30,Standard
3796,20260129,14,1,1,457,405,0,323595,2026-01-29,2026-02-02,Expedited
3797,20260129,3,16,4,223,211,0,210789,2026-01-29,2026-02-03,Standard
3798,20260129,4,12,3,423,415,0,829585,2026-01-29,2026-02-03,Standard
3799,20260129,16,13,3,205,205,0,512295,2026-01-29,2026-02-04,Standard
3800,20260129,7,8,1,165,161,0,40089,2026-01-29,2026-01-31,Expedited
3801,20260130,28,3,3,226,219,0,196881,2026-01-30,2026-01-31,Expedited
3802,20260130,23,6,4,57,55,0,65945,2026-01-30,2026-02-05,Expedited
3803,20260130,5,16,1,195,190,1,189810,2026-01-30,2026-02-04,Standard
3804,20260130,27,15,2,373,363,0,235587,2026-01-30,2026-01-31,Standard
3805,20260130,1,4,2,328,328,0,327672,2026-01-30,2026-02-02,Expedited
3806,20260131,9,4,4,270,270,0,269730,2026-01-31,2026-02-04,Expedited
3807,20260131,33,4,4,210,189,0,188811,2026-01-31,2026-02-06,Standard
3808,20260131,7,14,4,310,310,0,108190,2026-01-31,2026-02-04,Expedited
3809,20260131,27,7,2,198,198,0,33462,2026-01-31,2026-02-04,Standard
3810,20260131,16,19,4,197,188,0,46812,2026-01-31,2026-02-01,Standard
3811,20260201,31,18,2,133,133,0,53067,2026-02-01,2026-02-07,Expedited
3812,20260201,20,6,1,476,463,0,555137,2026-02-01,2026-02-03,Expedited
3813,20260201,15,6,1,167,152,0,182248,2026-02-01,2026-02-07,Standard
3814,20260201,12,6,3,330,325,0,389675,2026-02-01,2026-02-07,Standard
3815,20260201,2,20,3,203,203,0,162197,2026-02-01,2026-02-05,Expedited
3816,20260202,25,13,3,175,169,0,422331,2026-02-02,2026-02-07,Standard
3817,20260202,35,14,4,234,234,0,81666,2026-02-02,2026-02-03,Expedited
3818,20260202,22,4,1,248,241,0,240759,2026-02-02,2026-02-05,Expedited
3819,20260202,18,10,4,100,94,1,112706,2026-02-02,2026-02-03,Standard
3820,20260202,3,13,2,288,266,0,664734,2026-02-02,2026-02-08,Standard
3821,20260203,11,3,1,360,357,0,320943,2026-02-03,2026-02-09,Standard
3822,20260203,7,7,1,499,499,0,84331,2026-02-03,2026-02-09,Standard
3823,20260203,1,18,4,233,212,0,84588,2026-02-03,2026-02-08,Expedited
3824,20260203,34,10,4,109,100,0,119900,2026-02-03,2026-02-09,Standard
3825,20260203,13,14,4,450,435,0,151815,2026-02-03,2026-02-07,Expedited
3826,20260204,10,12,3,492,471,0,941529,2026-02-04,2026-02-06,Expedited
3827,20260204,8,16,3,328,328,0,327672,2026-02-04,2026-02-06,Standard
3828,20260204,3,8,1,396,396,0,98604,2026-02-04,2026-02-10,Expedited
3829,20260204,2,18,2,496,496,0,197904,2026-02-04,2026-02-06,Expedited
3830,20260204,26,16,2,152,152,0,151848,2026-02-04,2026-02-10,Expedited
3831,20260205,14,3,4,484,484,0,435116,2026-02-05,2026-02-06,Standard
3832,20260205,19,10,1,328,303,0,363297,2026-02-05,2026-02-08,Expedited
3833,20260205,27,8,4,335,335,0,83415,2026-02-05,2026-02-08,Expedited
3834,20260205,22,4,3,330,293,0,292707,2026-02-05,2026-02-09,Standard
3835,20260205,21,16,2,252,251,0,250749,2026-02-05,2026-02-10,Standard
3836,20260206,27,15,4,66,66,0,42834,2026-02-06,2026-02-08,Expedited
3837,20260206,35,6,3,248,232,0,278168,2026-02-06,2026-02-08,Standard
3838,20260206,8,9,2,216,192,0,105408,2026-02-06,2026-02-12,Standard
3839,20260206,13,3,4,244,236,0,212164,2026-02-06,2026-02-08,Expedited
3840,20260206,29,16,4,216,208,0,207792,2026-02-06,2026-02-10,Expedited
3841,20260207,31,19,1,354,342,0,85158,2026-02-07,2026-02-11,Standard
3842,20260207,20,20,4,239,231,0,184569,2026-02-07,2026-02-11,Standard
3843,20260207,24,7,2,59,53,0,8957,2026-02-07,2026-02-10,Expedited
3844,20260207,2,9,1,84,84,0,46116,2026-02-07,2026-02-10,Standard
3845,20260207,8,2,3,415,404,0,363196,2026-02-07,2026-02-11,Standard
3846,20260208,19,9,1,138,136,0,74664,2026-02-08,2026-02-14,Expedited
3847,20260208,33,12,1,205,205,0,409795,2026-02-08,2026-02-10,Standard
3848,20260208,15,10,4,348,348,0,417252,2026-02-08,2026-02-09,Standard
3849,20260208,12,15,1,133,122,0,79178,2026-02-08,2026-02-09,Expedited
3850,20260208,20,11,1,209,184,0,239016,2026-02-08,2026-02-14,Expedited
3851,20260209,8,2,3,481,440,0,395560,2026-02-09,2026-02-10,Expedited
3852,20260209,25,15,2,397,360,0,233640,2026-02-09,2026-02-10,Standard
3853,20260209,18,16,2,214,199,0,198801,2026-02-09,2026-02-15,Expedited
3854,20260209,31,13,2,223,223,0,557277,2026-02-09,2026-02-10,Standard
3855,20260209,34,3,2,328,328,0,294872,2026-02-09,2026-02-12,Expedited
3856,20260210,11,16,2,367,354,0,353646,2026-02-10,2026-02-12,Expedited
3857,20260210,3,15,4,68,68,0,44132,2026-02-10,2026-02-13,Standard
3858,20260210,1,4,1,74,74,0,73926,2026-02-10,2026-02-13,Standard
3859,20260210,3,19,2,62,62,0,15438,2026-02-10,2026-02-16,Expedited
3860,20260210,30,1,1,121,118,0,94282,2026-02-10,2026-02-14,Expedited
3861,20260211,1,10,1,334,334,0,400466,2026-02-11,2026-02-15,Expedited
3862,20260211,15,6,3,414,367,0,440033,2026-02-11,2026-02-13,Standard
3863,20260211,27,10,2,454,454,0,544346,2026-02-11,2026-02-12,Standard
3864,20260211,19,3,4,94,93,0,83607,2026-02-11,2026-02-16,Expedited
3865,20260211,16,8,3,445,445,0,110805,2026-02-11,2026-02-12,Standard
3866,20260212,35,11,3,400,377,0,489723,2026-02-12,2026-02-16,Expedited
3867,20260212,1,20,3,189,188,0,150212,2026-02-12,2026-02-13,Expedited
3868,20260212,2,9,1,331,331,0,181719,2026-02-12,2026-02-17,Standard
3869,20260212,7,11,1,234,234,0,303966,2026-02-12,2026-02-15,Standard
3870,20260212,20,15,2,200,200,0,129800,2026-02-12,2026-02-13,Expedited
3871,20260213,19,5,2,306,306,0,305694,2026-02-13,2026-02-16,Standard
3872,20260213,8,18,3,90,90,0,35910,2026-02-13,2026-02-14,Expedited
3873,20260213,17,8,2,347,323,0,80427,2026-02-13,2026-02-16,Expedited
3874,20260213,20,6,3,94,86,0,103114,2026-02-13,2026-02-19,Standard
3875,20260213,13,4,4,99,99,0,98901,2026-02-13,2026-02-15,Expedited
3876,20260214,4,7,4,86,82,0,13858,2026-02-14,2026-02-19,Standard
3877,20260214,25,3,4,79,73,0,65627,2026-02-14,2026-02-18,Standard
3878,20260214,14,8,2,187,187,0,46563,2026-02-14,2026-02-17,Standard
3879,20260214,17,2,2,343,314,0,282286,2026-02-14,2026-02-15,Expedited
3880,20260214,28,16,4,263,260,0,259740,2026-02-14,2026-02-18,Standard
3881,20260215,32,10,2,376,376,0,450824,2026-02-15,2026-02-17,Standard
3882,20260215,33,20,2,427,420,0,335580,2026-02-15,2026-02-18,Expedited
3883,20260215,25,9,1,494,494,0,271206,2026-02-15,2026-02-18,Standard
3884,20260215,3,18,1,129,126,0,50274,2026-02-15,2026-02-17,Expedited
3885,20260215,6,3,1,135,129,0,115971,2026-02-15,2026-02-19,Standard
3886,20260216,13,19,2,438,431,0,107319,2026-02-16,2026-02-18,Expedited
3887,20260216,32,11,2,207,207,0,268893,2026-02-16,2026-02-18,Standard
3888,20260216,15,19,1,367,344,0,85656,2026-02-16,2026-02-21,Expedited
3889,20260216,35,4,1,173,154,0,153846,2026-02-16,2026-02-21,Standard
3890,20260216,4,16,4,53,53,0,52947,2026-02-16,2026-02-17,Standard
3891,20260217,12,7,4,397,368,0,62192,2026-02-17,2026-02-22,Expedited
3892,20260217,25,19,4,407,407,0,101343,2026-02-17,2026-02-20,Standard
3893,20260217,22,17,3,317,317,0,348383,2026-02-17,2026-02-21,Expedited
3894,20260217,7,12,2,290,290,1,579710,2026-02-17,2026-02-21,Expedited
3895,20260217,17,4,4,90,86,0,85914,2026-02-17,2026-02-18,Standard
3896,20260218,31,9,2,358,331,0,181719,2026-02-18,2026-02-20,Expedited
3897,20260218,13,17,4,485,485,0,533015,2026-02-18,2026-02-24,Expedited
3898,20260218,3,16,4,471,424,0,423576,2026-02-18,2026-02-20,Standard
3899,20260218,31,2,4,311,304,0,273296,2026-02-18,2026-02-22,Standard
3900,20260218,2,12,1,50,45,0,89955,2026-02-18,2026-02-23,Standard
3901,20260219,34,7,3,280,267,0,45123,2026-02-19,2026-02-21,Expedited
3902,20260219,29,3,2,279,248,0,222952,2026-02-19,2026-02-24,Expedited
3903,20260219,34,13,1,87,87,0,217413,2026-02-19,2026-02-23,Expedited
3904,20260219,13,14,1,285,253,1,88297,2026-02-19,2026-02-20,Expedited
3905,20260219,17,13,3,352,350,0,874650,2026-02-19,2026-02-22,Standard
3906,20260220,20,20,1,179,162,0,129438,2026-02-20,2026-02-25,Standard
3907,20260220,13,19,3,91,91,0,22659,2026-02-20,2026-02-21,Expedited
3908,20260220,23,20,3,118,118,0,94282,2026-02-20,2026-02-23,Standard
3909,20260220,12,12,4,168,157,0,313843,2026-02-20,2026-02-21,Standard
3910,20260220,8,15,2,151,149,0,96701,2026-02-20,2026-02-22,Expedited
3911,20260221,35,4,3,126,126,0,125874,2026-02-21,2026-02-25,Expedited
3912,20260221,25,12,4,315,315,0,629685,2026-02-21,2026-02-25,Expedited
3913,20260221,32,10,1,375,375,0,449625,2026-02-21,2026-02-22,Standard
3914,20260221,16,20,4,320,320,0,255680,2026-02-21,2026-02-27,Standard
3915,20260221,2,1,4,205,205,0,163795,2026-02-21,2026-02-24,Standard
3916,20260222,20,13,3,215,215,0,537285,2026-02-22,2026-02-23,Standard
3917,20260222,14,4,4,287,287,0,286713,2026-02-22,2026-02-23,Standard
3918,20260222,24,18,1,112,112,1,44688,2026-02-22,2026-02-27,Expedited
3919,20260222,19,1,2,300,267,0,213333,2026-02-22,2026-02-24,Standard
3920,20260222,2,17,2,480,480,0,527520,2026-02-22,2026-02-23,Standard
3921,20260223,11,19,4,181,181,0,45069,2026-02-23,2026-02-24,Standard
3922,20260223,30,14,4,119,107,0,37343,2026-02-23,2026-02-28,Standard
3923,20260223,24,8,4,146,130,0,32370,2026-02-23,2026-02-27,Expedited
3924,20260223,4,5,2,230,230,0,229770,2026-02-23,2026-02-28,Expedited
3925,20260223,7,6,2,265,265,0,317735,2026-02-23,2026-02-25,Standard
3926,20260224,2,7,1,50,45,0,7605,2026-02-24,2026-02-27,Standard
3927,20260224,5,6,4,477,477,1,571923,2026-02-24,2026-03-02,Expedited
3928,20260224,27,11,4,479,479,0,622221,2026-02-24,2026-02-25,Expedited
3929,20260224,22,15,3,251,233,0,151217,2026-02-24,2026-03-01,Expedited
3930,20260224,24,14,2,97,91,0,31759,2026-02-24,2026-03-02,Standard
3931,20260225,5,15,4,380,380,0,246620,2026-02-25,2026-03-03,Standard
3932,20260225,7,20,4,332,321,0,256479,2026-02-25,2026-03-03,Expedited
3933,20260225,29,10,1,283,267,0,320133,2026-02-25,2026-03-02,Expedited
3934,20260225,17,2,3,429,429,0,385671,2026-02-25,2026-02-26,Standard
3935,20260225,14,3,2,314,314,0,282286,2026-02-25,2026-02-27,Standard
3936,20260226,25,15,3,333,333,0,216117,2026-02-26,2026-03-03,Expedited
3937,20260226,3,12,1,239,239,0,477761,2026-02-26,2026-02-27,Expedited
3938,20260226,3,9,2,162,142,0,77958,2026-02-26,2026-02-27,Standard
3939,20260226,16,11,1,353,343,0,445557,2026-02-26,2026-03-03,Expedited
3940,20260226,30,7,4,366,336,0,56784,2026-02-26,2026-03-01,Expedited
3941,20260227,34,5,4,394,348,0,347652,2026-02-27,2026-03-04,Expedited
3942,20260227,2,17,4,366,366,0,402234,2026-02-27,2026-03-04,Standard
3943,20260227,5,9,3,131,131,0,71919,2026-02-27,2026-03-04,Expedited
3944,20260227,34,19,1,466,414,0,103086,2026-02-27,2026-03-03,Expedited
3945,20260227,4,13,1,148,148,0,369852,2026-02-27,2026-03-01,Expedited
3946,20260228,11,13,3,336,297,0,742203,2026-02-28,2026-03-03,Standard
3947,20260228,26,15,4,493,493,0,319957,2026-02-28,2026-03-05,Standard
3948,20260228,2,18,1,368,355,0,141645,2026-02-28,2026-03-06,Expedited
3949,20260228,21,20,2,415,415,0,331585,2026-02-28,2026-03-01,Standard
3950,20260228,8,16,3,161,151,0,150849,2026-02-28,2026-03-05,Expedited
3951,20260301,4,10,3,370,337,0,404063,2026-03-01,2026-03-02,Expedited
3952,20260301,8,8,1,420,392,1,97608,2026-03-01,2026-03-05,Expedited
3953,20260301,13,5,3,310,310,0,309690,2026-03-01,2026-03-03,Standard
3954,20260301,8,14,4,285,283,0,98767,2026-03-01,2026-03-02,Standard
3955,20260301,31,19,4,74,72,0,17928,2026-03-01,2026-03-07,Expedited
3956,20260302,15,17,1,239,239,0,262661,2026-03-02,2026-03-03,Standard
3957,20260302,6,4,4,461,421,0,420579,2026-03-02,2026-03-05,Expedited
3958,20260302,24,2,3,378,349,0,313751,2026-03-02,2026-03-07,Standard
3959,20260302,26,12,1,449,404,0,807596,2026-03-02,2026-03-04,Standard
3960,20260302,14,18,4,281,261,0,104139,2026-03-02,2026-03-05,Expedited
3961,20260303,1,9,4,396,390,1,214110,2026-03-03,2026-03-08,Standard
3962,20260303,7,15,1,408,408,0,264792,2026-03-03,2026-03-07,Standard
3963,20260303,24,15,4,140,131,0,85019,2026-03-03,2026-03-04,Standard
3964,20260303,8,10,1,442,442,0,529958,2026-03-03,2026-03-08,Standard
3965,20260303,8,14,4,184,180,1,62820,2026-03-03,2026-03-07,Expedited
3966,20260304,29,3,1,208,208,0,186992,2026-03-04,2026-03-07,Expedited
3967,20260304,25,7,3,70,70,0,11830,2026-03-04,2026-03-06,Expedited
3968,20260304,15,16,1,93,83,0,82917,2026-03-04,2026-03-05,Expedited
3969,20260304,16,16,3,100,100,1,99900,2026-03-04,2026-03-05,Standard
3970,20260304,30,3,3,443,443,0,398257,2026-03-04,2026-03-08,Standard
3971,20260305,28,19,4,453,430,0,107070,2026-03-05,2026-03-09,Standard
3972,20260305,7,5,4,462,437,1,436563,2026-03-05,2026-03-11,Expedited
3973,20260305,22,19,2,379,371,0,92379,2026-03-05,2026-03-11,Standard
3974,20260305,18,20,4,75,75,0,59925,2026-03-05,2026-03-06,Expedited
3975,20260305,3,4,3,315,315,0,314685,2026-03-05,2026-03-11,Expedited
3976,20260306,22,11,3,240,222,0,288378,2026-03-06,2026-03-07,Expedited
3977,20260306,13,1,3,380,352,0,281248,2026-03-06,2026-03-09,Expedited
3978,20260306,18,13,4,286,284,0,709716,2026-03-06,2026-03-09,Standard
3979,20260306,14,9,4,266,247,0,135603,2026-03-06,2026-03-11,Expedited
3980,20260306,9,9,2,474,425,0,233325,2026-03-06,2026-03-07,Expedited
3981,20260307,7,1,2,478,433,0,345967,2026-03-07,2026-03-13,Standard
3982,20260307,15,2,1,293,274,0,246326,2026-03-07,2026-03-11,Expedited
3983,20260307,26,17,3,279,261,0,286839,2026-03-07,2026-03-09,Standard
3984,20260307,32,3,2,436,403,0,362297,2026-03-07,2026-03-08,Standard
3985,20260307,18,7,3,314,286,0,48334,2026-03-07,2026-03-13,Standard
3986,20260308,14,3,2,469,467,0,419833,2026-03-08,2026-03-09,Expedited
3987,20260308,4,13,3,415,406,0,1014594,2026-03-08,2026-03-10,Expedited
3988,20260308,31,19,2,196,195,0,48555,2026-03-08,2026-03-10,Standard
3989,20260308,13,16,3,151,141,0,140859,2026-03-08,2026-03-12,Expedited
3990,20260308,10,8,2,108,98,0,24402,2026-03-08,2026-03-09,Standard
3991,20260309,29,10,2,227,227,0,272173,2026-03-09,2026-03-14,Standard
3992,20260309,17,2,4,474,459,0,412641,2026-03-09,2026-03-12,Standard
3993,20260309,28,7,4,135,120,0,20280,2026-03-09,2026-03-15,Standard
3994,20260309,11,6,4,272,272,0,326128,2026-03-09,2026-03-10,Standard
3995,20260309,1,7,2,186,186,0,31434,2026-03-09,2026-03-13,Expedited
3996,20260310,20,9,2,125,125,0,68625,2026-03-10,2026-03-11,Standard
3997,20260310,1,10,1,263,250,0,299750,2026-03-10,2026-03-16,Expedited
3998,20260310,29,16,4,122,122,0,121878,2026-03-10,2026-03-12,Expedited
3999,20260310,20,19,2,476,476,0,118524,2026-03-10,2026-03-14,Standard
4000,20260310,34,9,4,291,291,0,159759,2026-03-10,2026-03-11,Expedited
4001,20260311,29,13,4,132,130,0,324870,2026-03-11,2026-03-15,Standard
4002,20260311,12,2,3,335,333,1,299367,2026-03-11,2026-03-12,Expedited
4003,20260311,24,12,2,183,183,0,365817,2026-03-11,2026-03-16,Expedited
4004,20260311,25,13,1,273,247,0,617253,2026-03-11,2026-03-15,Expedited
4005,20260311,35,4,4,338,338,0,337662,2026-03-11,2026-03-17,Expedited
4006,20260312,8,8,3,409,400,0,99600,2026-03-12,2026-03-15,Expedited
4007,20260312,29,2,3,321,294,0,264306,2026-03-12,2026-03-14,Expedited
4008,20260312,33,6,3,169,158,0,189442,2026-03-12,2026-03-13,Standard
4009,20260312,21,17,1,401,401,0,440699,2026-03-12,2026-03-18,Expedited
4010,20260312,23,14,2,167,164,1,57236,2026-03-12,2026-03-17,Expedited
4011,20260313,11,15,1,160,160,0,103840,2026-03-13,2026-03-15,Expedited
4012,20260313,26,5,3,469,437,0,436563,2026-03-13,2026-03-16,Standard
4013,20260313,34,6,3,240,240,0,287760,2026-03-13,2026-03-14,Standard
4014,20260313,31,19,2,248,220,0,54780,2026-03-13,2026-03-18,Standard
4015,20260313,23,2,4,338,311,1,279589,2026-03-13,2026-03-16,Expedited
4016,20260314,18,5,1,494,471,0,470529,2026-03-14,2026-03-15,Standard
4017,20260314,28,12,4,98,89,0,177911,2026-03-14,2026-03-15,Standard
4018,20260314,23,3,4,353,348,0,312852,2026-03-14,2026-03-18,Expedited
4019,20260314,31,15,4,340,301,0,195349,2026-03-14,2026-03-19,Standard
4020,20260314,12,17,2,210,193,0,212107,2026-03-14,2026-03-15,Standard
4021,20260315,11,19,3,356,329,0,81921,2026-03-15,2026-03-21,Standard
4022,20260315,30,19,4,472,438,0,109062,2026-03-15,2026-03-17,Standard
4023,20260315,6,14,1,391,391,0,136459,2026-03-15,2026-03-18,Standard
4024,20260315,29,3,3,473,439,0,394661,2026-03-15,2026-03-16,Standard
4025,20260315,20,16,1,330,330,1,329670,2026-03-15,2026-03-21,Standard
4026,20260316,31,1,4,290,290,0,231710,2026-03-16,2026-03-17,Standard
4027,20260316,11,3,1,423,416,0,373984,2026-03-16,2026-03-22,Standard
4028,20260316,11,1,4,459,443,0,353957,2026-03-16,2026-03-21,Expedited
4029,20260316,17,6,4,256,256,0,306944,2026-03-16,2026-03-19,Expedited
4030,20260316,27,6,3,66,66,0,79134,2026-03-16,2026-03-21,Expedited
4031,20260317,20,6,1,148,134,0,160666,2026-03-17,2026-03-20,Standard
4032,20260317,20,6,2,351,340,0,407660,2026-03-17,2026-03-22,Expedited
4033,20260317,1,14,1,434,393,0,137157,2026-03-17,2026-03-23,Expedited
4034,20260317,12,20,2,286,278,0,222122,2026-03-17,2026-03-20,Standard
4035,20260317,2,2,2,88,88,0,79112,2026-03-17,2026-03-18,Standard
4036,20260318,21,8,2,189,179,0,44571,2026-03-18,2026-03-23,Expedited
4037,20260318,10,9,3,65,65,0,35685,2026-03-18,2026-03-22,Expedited
4038,20260318,17,18,1,54,50,0,19950,2026-03-18,2026-03-24,Expedited
4039,20260318,2,4,3,77,68,0,67932,2026-03-18,2026-03-23,Expedited
4040,20260318,9,5,4,335,329,0,328671,2026-03-18,2026-03-23,Expedited
4041,20260319,12,4,1,144,132,0,131868,2026-03-19,2026-03-23,Standard
4042,20260319,29,4,2,224,199,0,198801,2026-03-19,2026-03-25,Standard
4043,20260319,7,12,1,430,405,0,809595,2026-03-19,2026-03-20,Standard
4044,20260319,20,15,2,252,234,0,151866,2026-03-19,2026-03-22,Expedited
4045,20260319,14,12,4,244,226,0,451774,2026-03-19,2026-03-22,Expedited
4046,20260320,1,20,2,100,100,0,79900,2026-03-20,2026-03-23,Standard
4047,20260320,23,16,4,460,419,0,418581,2026-03-20,2026-03-22,Expedited
4048,20260320,24,10,1,345,345,0,413655,2026-03-20,2026-03-26,Expedited
4049,20260320,7,13,3,134,128,0,319872,2026-03-20,2026-03-26,Expedited
4050,20260320,2,15,3,492,434,0,281666,2026-03-20,2026-03-25,Expedited
4051,20260321,21,11,4,311,283,0,367617,2026-03-21,2026-03-24,Standard
4052,20260321,27,12,3,118,104,0,207896,2026-03-21,2026-03-27,Standard
4053,20260321,11,6,2,359,346,0,414854,2026-03-21,2026-03-24,Standard
4054,20260321,26,1,1,200,183,0,146217,2026-03-21,2026-03-22,Expedited
4055,20260321,28,12,2,58,58,1,115942,2026-03-21,2026-03-25,Standard
4056,20260322,13,2,4,106,93,0,83607,2026-03-22,2026-03-27,Standard
4057,20260322,27,8,1,132,119,0,29631,2026-03-22,2026-03-26,Standard
4058,20260322,28,12,3,460,406,0,811594,2026-03-22,2026-03-23,Standard
4059,20260322,9,1,4,102,96,0,76704,2026-03-22,2026-03-27,Standard
4060,20260322,21,14,2,300,285,0,99465,2026-03-22,2026-03-25,Expedited
4061,20260323,15,20,1,493,493,0,393907,2026-03-23,2026-03-26,Expedited
4062,20260323,22,3,2,474,474,0,426126,2026-03-23,2026-03-27,Standard
4063,20260323,8,15,2,491,450,0,292050,2026-03-23,2026-03-29,Standard
4064,20260323,15,15,4,284,254,0,164846,2026-03-23,2026-03-27,Expedited
4065,20260323,26,18,1,353,330,0,131670,2026-03-23,2026-03-26,Standard
4066,20260324,5,10,2,168,154,0,184646,2026-03-24,2026-03-27,Standard
4067,20260324,4,16,3,82,82,0,81918,2026-03-24,2026-03-27,Standard
4068,20260324,24,2,2,144,127,0,114173,2026-03-24,2026-03-29,Standard
4069,20260324,11,11,1,138,138,0,179262,2026-03-24,2026-03-29,Standard
4070,20260324,3,12,4,209,209,0,417791,2026-03-24,2026-03-26,Standard
4071,20260325,12,9,4,170,165,0,90585,2026-03-25,2026-03-30,Expedited
4072,20260325,18,19,4,146,146,0,36354,2026-03-25,2026-03-27,Expedited
4073,20260325,5,20,2,427,427,0,341173,2026-03-25,2026-03-26,Expedited
4074,20260325,15,8,3,166,166,0,41334,2026-03-25,2026-03-28,Standard
4075,20260325,17,19,3,475,475,0,118275,2026-03-25,2026-03-28,Expedited
4076,20260326,20,9,2,230,218,0,119682,2026-03-26,2026-03-30,Expedited
4077,20260326,21,8,3,60,55,0,13695,2026-03-26,2026-03-27,Standard
4078,20260326,14,9,1,386,386,0,211914,2026-03-26,2026-03-30,Expedited
4079,20260326,16,2,2,53,53,0,47647,2026-03-26,2026-04-01,Expedited
4080,20260326,18,7,2,160,158,0,26702,2026-03-26,2026-04-01,Expedited
4081,20260327,3,3,1,104,103,0,92597,2026-03-27,2026-03-28,Standard
4082,20260327,24,3,3,425,376,0,338024,2026-03-27,2026-03-31,Standard
4083,20260327,29,14,4,208,208,0,72592,2026-03-27,2026-03-30,Expedited
4084,20260327,29,16,2,304,304,0,303696,2026-03-27,2026-04-01,Expedited
4085,20260327,8,8,3,370,370,0,92130,2026-03-27,2026-04-01,Expedited
4086,20260328,9,11,3,128,124,0,161076,2026-03-28,2026-03-30,Expedited
4087,20260328,24,18,1,270,259,0,103341,2026-03-28,2026-04-02,Expedited
4088,20260328,25,13,1,315,289,0,722211,2026-03-28,2026-04-01,Expedited
4089,20260328,5,13,4,77,71,0,177429,2026-03-28,2026-04-02,Expedited
4090,20260328,17,6,2,159,159,0,190641,2026-03-28,2026-03-31,Expedited
4091,20260329,10,15,2,164,164,0,106436,2026-03-29,2026-03-31,Expedited
4092,20260329,2,12,2,114,112,0,223888,2026-03-29,2026-03-30,Standard
4093,20260329,19,1,4,66,62,0,49538,2026-03-29,2026-03-30,Expedited
4094,20260329,6,5,4,398,390,0,389610,2026-03-29,2026-04-03,Expedited
4095,20260329,10,14,4,495,490,0,171010,2026-03-29,2026-04-01,Standard
4096,20260330,18,12,1,163,163,0,325837,2026-03-30,2026-03-31,Standard
4097,20260330,20,16,3,171,163,0,162837,2026-03-30,2026-03-31,Expedited
4098,20260330,24,9,1,467,437,0,239913,2026-03-30,2026-03-31,Expedited
4099,20260330,5,5,2,336,328,1,327672,2026-03-30,2026-04-02,Expedited
4100,20260330,22,5,3,50,50,0,49950,2026-03-30,2026-04-05,Expedited
4101,20260331,29,16,1,368,368,0,367632,2026-03-31,2026-04-05,Expedited
4102,20260331,19,4,1,331,331,0,330669,2026-03-31,2026-04-04,Standard
4103,20260331,19,9,1,192,190,0,104310,2026-03-31,2026-04-01,Standard
4104,20260331,3,13,1,377,336,0,839664,2026-03-31,2026-04-02,Standard
4105,20260331,1,11,3,166,166,0,215634,2026-03-31,2026-04-06,Standard
4106,20260401,28,4,2,435,410,0,409590,2026-04-01,2026-04-03,Standard
4107,20260401,18,7,1,431,431,0,72839,2026-04-01,2026-04-07,Standard
4108,20260401,13,12,1,266,266,0,531734,2026-04-01,2026-04-04,Standard
4109,20260401,5,11,2,371,334,0,433866,2026-04-01,2026-04-02,Expedited
4110,20260401,32,4,2,491,491,0,490509,2026-04-01,2026-04-07,Expedited
4111,20260402,7,9,2,250,250,0,137250,2026-04-02,2026-04-06,Expedited
4112,20260402,4,17,1,272,272,0,298928,2026-04-02,2026-04-08,Expedited
4113,20260402,21,17,3,450,450,0,494550,2026-04-02,2026-04-07,Expedited
4114,20260402,12,14,3,415,375,0,130875,2026-04-02,2026-04-04,Expedited
4115,20260402,29,11,2,203,199,0,258501,2026-04-02,2026-04-06,Expedited
4116,20260403,32,5,1,203,188,1,187812,2026-04-03,2026-04-06,Standard
4117,20260403,30,17,1,309,292,0,320908,2026-04-03,2026-04-09,Standard
4118,20260403,27,10,3,435,435,0,521565,2026-04-03,2026-04-09,Expedited
4119,20260403,17,18,1,337,319,0,127281,2026-04-03,2026-04-07,Standard
4120,20260403,35,4,3,290,290,0,289710,2026-04-03,2026-04-06,Standard
4121,20260404,29,7,3,375,354,0,59826,2026-04-04,2026-04-09,Standard
4122,20260404,33,8,4,419,419,0,104331,2026-04-04,2026-04-10,Standard
4123,20260404,4,13,3,433,412,0,1029588,2026-04-04,2026-04-10,Expedited
4124,20260404,8,6,4,232,232,0,278168,2026-04-04,2026-04-09,Expedited
4125,20260404,15,18,3,401,365,0,145635,2026-04-04,2026-04-10,Standard
4126,20260405,6,6,4,181,174,0,208626,2026-04-05,2026-04-11,Standard
4127,20260405,35,6,4,319,319,0,382481,2026-04-05,2026-04-07,Standard
4128,20260405,32,5,1,243,221,0,220779,2026-04-05,2026-04-11,Expedited
4129,20260405,27,2,4,120,118,0,106082,2026-04-05,2026-04-06,Expedited
4130,20260405,35,6,4,213,198,1,237402,2026-04-05,2026-04-11,Standard
4131,20260406,25,9,1,471,449,0,246501,2026-04-06,2026-04-09,Expedited
4132,20260406,23,20,3,389,358,0,286042,2026-04-06,2026-04-12,Standard
4133,20260406,25,5,4,459,459,0,458541,2026-04-06,2026-04-08,Expedited
4134,20260406,20,15,4,404,394,0,255706,2026-04-06,2026-04-08,Standard
4135,20260406,1,9,1,143,134,0,73566,2026-04-06,2026-04-10,Standard
4136,20260407,2,5,4,193,185,0,184815,2026-04-07,2026-04-13,Standard
4137,20260407,22,11,2,171,162,0,210438,2026-04-07,2026-04-12,Expedited
4138,20260407,30,9,4,178,167,0,91683,2026-04-07,2026-04-10,Standard
4139,20260407,12,16,2,160,156,0,155844,2026-04-07,2026-04-13,Expedited
4140,20260407,7,2,3,339,339,1,304761,2026-04-07,2026-04-11,Standard
4141,20260408,16,8,2,55,50,0,12450,2026-04-08,2026-04-14,Expedited
4142,20260408,23,18,2,58,58,0,23142,2026-04-08,2026-04-10,Standard
4143,20260408,26,9,1,141,130,0,71370,2026-04-08,2026-04-11,Standard
4144,20260408,6,4,4,420,411,0,410589,2026-04-08,2026-04-14,Standard
4145,20260408,32,5,1,53,47,1,46953,2026-04-08,2026-04-12,Standard
4146,20260409,27,9,4,325,296,0,162504,2026-04-09,2026-04-12,Standard
4147,20260409,19,15,4,120,117,1,75933,2026-04-09,2026-04-14,Expedited
4148,20260409,9,2,2,460,460,0,413540,2026-04-09,2026-04-14,Standard
4149,20260409,6,16,2,76,76,0,75924,2026-04-09,2026-04-14,Expedited
4150,20260409,27,12,4,143,130,0,259870,2026-04-09,2026-04-11,Standard
4151,20260410,22,15,3,481,480,1,311520,2026-04-10,2026-04-11,Standard
4152,20260410,7,16,4,72,69,0,68931,2026-04-10,2026-04-14,Standard
4153,20260410,6,9,1,495,437,0,239913,2026-04-10,2026-04-11,Standard
4154,20260410,27,19,4,96,96,0,23904,2026-04-10,2026-04-16,Standard
4155,20260410,1,19,1,163,158,0,39342,2026-04-10,2026-04-15,Expedited
4156,20260411,7,1,1,338,338,0,270062,2026-04-11,2026-04-13,Standard
4157,20260411,22,17,4,256,253,0,278047,2026-04-11,2026-04-12,Expedited
4158,20260411,9,15,1,462,424,0,275176,2026-04-11,2026-04-15,Standard
4159,20260411,27,17,2,152,135,0,148365,2026-04-11,2026-04-17,Expedited
4160,20260411,24,7,2,276,267,0,45123,2026-04-11,2026-04-15,Expedited
4161,20260412,9,7,3,82,82,1,13858,2026-04-12,2026-04-15,Standard
4162,20260412,29,14,2,268,268,0,93532,2026-04-12,2026-04-16,Standard
4163,20260412,12,7,3,93,93,0,15717,2026-04-12,2026-04-14,Expedited
4164,20260412,11,4,3,141,137,0,136863,2026-04-12,2026-04-16,Standard
4165,20260412,17,7,3,181,164,0,27716,2026-04-12,2026-04-16,Expedited
4166,20260413,23,9,2,277,277,0,152073,2026-04-13,2026-04-16,Expedited
4167,20260413,21,3,2,435,428,0,384772,2026-04-13,2026-04-14,Expedited
4168,20260413,17,13,1,137,137,0,342363,2026-04-13,2026-04-14,Expedited
4169,20260413,22,20,3,221,203,0,162197,2026-04-13,2026-04-15,Expedited
4170,20260413,34,17,3,134,125,0,137375,2026-04-13,2026-04-18,Expedited
4171,20260414,20,10,2,106,100,0,119900,2026-04-14,2026-04-17,Expedited
4172,20260414,11,20,4,333,333,0,266067,2026-04-14,2026-04-17,Standard
4173,20260414,33,2,2,310,310,0,278690,2026-04-14,2026-04-18,Expedited
4174,20260414,8,11,4,324,324,0,420876,2026-04-14,2026-04-19,Standard
4175,20260414,23,4,2,156,153,0,152847,2026-04-14,2026-04-18,Standard
4176,20260415,14,16,2,248,248,0,247752,2026-04-15,2026-04-16,Standard
4177,20260415,20,6,4,74,74,0,88726,2026-04-15,2026-04-16,Expedited
4178,20260415,30,13,3,145,137,0,342363,2026-04-15,2026-04-17,Standard
4179,20260415,26,5,4,284,272,1,271728,2026-04-15,2026-04-20,Standard
4180,20260415,29,18,1,346,326,0,130074,2026-04-15,2026-04-18,Standard
4181,20260416,19,1,3,67,64,0,51136,2026-04-16,2026-04-19,Standard
4182,20260416,33,12,1,201,195,0,389805,2026-04-16,2026-04-17,Standard
4183,20260416,26,6,2,171,166,0,199034,2026-04-16,2026-04-22,Standard
4184,20260416,33,13,4,460,445,0,1112055,2026-04-16,2026-04-17,Expedited
4185,20260416,8,8,4,75,69,0,17181,2026-04-16,2026-04-17,Expedited
4186,20260417,7,10,3,162,162,0,194238,2026-04-17,2026-04-22,Expedited
4187,20260417,20,11,1,441,409,0,531291,2026-04-17,2026-04-18,Expedited
4188,20260417,33,15,2,399,362,0,234938,2026-04-17,2026-04-19,Standard
4189,20260417,10,16,4,405,374,0,373626,2026-04-17,2026-04-20,Expedited
4190,20260417,14,5,1,406,406,0,405594,2026-04-17,2026-04-19,Standard
4191,20260418,15,7,1,146,146,0,24674,2026-04-18,2026-04-20,Expedited
4192,20260418,8,14,2,136,133,0,46417,2026-04-18,2026-04-20,Expedited
4193,20260418,4,7,4,135,135,0,22815,2026-04-18,2026-04-23,Expedited
4194,20260418,20,11,2,330,298,0,387102,2026-04-18,2026-04-22,Expedited
4195,20260418,11,7,2,417,397,0,67093,2026-04-18,2026-04-23,Standard
4196,20260419,5,18,2,452,399,0,159201,2026-04-19,2026-04-23,Standard
4197,20260419,19,3,2,298,298,0,267902,2026-04-19,2026-04-20,Expedited
4198,20260419,30,3,3,153,153,0,137547,2026-04-19,2026-04-24,Standard
4199,20260419,15,19,1,289,272,0,67728,2026-04-19,2026-04-24,Standard
4200,20260419,14,13,4,249,249,0,622251,2026-04-19,2026-04-25,Standard
4201,20260420,10,4,3,73,73,0,72927,2026-04-20,2026-04-23,Standard
4202,20260420,35,3,1,411,406,0,364994,2026-04-20,2026-04-25,Standard
4203,20260420,15,19,1,215,210,0,52290,2026-04-20,2026-04-24,Expedited
4204,20260420,1,10,4,263,263,0,315337,2026-04-20,2026-04-24,Standard
4205,20260420,7,7,2,132,132,0,22308,2026-04-20,2026-04-22,Expedited
4206,20260421,8,4,3,424,424,0,423576,2026-04-21,2026-04-23,Expedited
4207,20260421,2,3,3,64,64,0,57536,2026-04-21,2026-04-27,Standard
4208,20260421,5,6,3,328,293,0,351307,2026-04-21,2026-04-22,Standard
4209,20260421,35,16,1,136,136,0,135864,2026-04-21,2026-04-26,Standard
4210,20260421,1,7,1,126,126,0,21294,2026-04-21,2026-04-25,Expedited
4211,20260422,34,3,4,215,191,0,171709,2026-04-22,2026-04-25,Expedited
4212,20260422,22,15,2,434,405,0,262845,2026-04-22,2026-04-23,Expedited
4213,20260422,4,20,4,59,52,0,41548,2026-04-22,2026-04-26,Standard
4214,20260422,13,11,1,378,365,0,474135,2026-04-22,2026-04-25,Expedited
4215,20260422,11,20,1,54,52,0,41548,2026-04-22,2026-04-28,Standard
4216,20260423,32,17,2,117,117,0,128583,2026-04-23,2026-04-27,Standard
4217,20260423,5,9,1,111,111,0,60939,2026-04-23,2026-04-25,Standard
4218,20260423,26,2,1,369,369,0,331731,2026-04-23,2026-04-27,Expedited
4219,20260423,23,7,3,281,281,0,47489,2026-04-23,2026-04-27,Standard
4220,20260423,34,4,1,148,135,0,134865,2026-04-23,2026-04-26,Standard
4221,20260424,11,15,1,92,91,0,59059,2026-04-24,2026-04-25,Standard
4222,20260424,12,13,3,84,84,0,209916,2026-04-24,2026-04-28,Expedited
4223,20260424,27,12,2,75,75,0,149925,2026-04-24,2026-04-27,Standard
4224,20260424,17,6,3,254,254,0,304546,2026-04-24,2026-04-26,Expedited
4225,20260424,25,15,3,385,385,0,249865,2026-04-24,2026-04-26,Expedited
4226,20260425,35,1,2,365,357,0,285243,2026-04-25,2026-04-30,Expedited
4227,20260425,23,5,1,376,376,0,375624,2026-04-25,2026-04-30,Standard
4228,20260425,25,13,3,388,351,0,877149,2026-04-25,2026-04-30,Expedited
4229,20260425,1,20,3,433,402,0,321198,2026-04-25,2026-05-01,Standard
4230,20260425,8,7,1,330,309,0,52221,2026-04-25,2026-04-30,Standard
4231,20260426,8,13,1,80,79,1,197421,2026-04-26,2026-04-28,Expedited
4232,20260426,32,12,3,497,474,0,947526,2026-04-26,2026-04-27,Expedited
4233,20260426,30,1,2,347,347,0,277253,2026-04-26,2026-05-01,Expedited
4234,20260426,1,10,2,442,442,0,529958,2026-04-26,2026-04-29,Standard
4235,20260426,28,19,1,311,298,0,74202,2026-04-26,2026-04-30,Expedited
4236,20260427,15,2,2,91,81,1,72819,2026-04-27,2026-05-03,Expedited
4237,20260427,34,1,1,385,385,0,307615,2026-04-27,2026-04-28,Expedited
4238,20260427,9,16,1,483,474,0,473526,2026-04-27,2026-05-01,Standard
4239,20260427,23,8,3,276,276,0,68724,2026-04-27,2026-04-30,Expedited
4240,20260427,17,10,4,400,355,0,425645,2026-04-27,2026-05-02,Standard
4241,20260428,9,14,3,436,436,0,152164,2026-04-28,2026-05-03,Expedited
4242,20260428,10,10,1,64,64,0,76736,2026-04-28,2026-05-01,Expedited
4243,20260428,30,20,4,372,372,0,297228,2026-04-28,2026-05-02,Standard
4244,20260428,16,19,1,129,120,0,29880,2026-04-28,2026-04-29,Standard
4245,20260428,6,8,3,492,474,0,118026,2026-04-28,2026-05-02,Standard
4246,20260429,34,14,1,494,479,0,167171,2026-04-29,2026-05-02,Standard
4247,20260429,13,13,4,248,219,0,547281,2026-04-29,2026-05-01,Standard
4248,20260429,28,8,3,374,374,0,93126,2026-04-29,2026-04-30,Expedited
4249,20260429,27,12,4,312,295,0,589705,2026-04-29,2026-04-30,Expedited
4250,20260429,6,8,2,227,227,0,56523,2026-04-29,2026-05-05,Standard
4251,20260430,25,17,3,350,334,1,367066,2026-04-30,2026-05-05,Expedited
4252,20260430,6,18,2,350,350,0,139650,2026-04-30,2026-05-05,Expedited
4253,20260430,7,3,4,408,408,0,366792,2026-04-30,2026-05-02,Standard
4254,20260430,13,6,4,338,310,0,371690,2026-04-30,2026-05-05,Expedited
4255,20260430,14,7,2,208,194,0,32786,2026-04-30,2026-05-06,Expedited
4256,20260501,23,8,2,305,305,0,75945,2026-05-01,2026-05-05,Standard
4257,20260501,16,13,3,342,305,0,762195,2026-05-01,2026-05-02,Standard
4258,20260501,27,14,2,243,231,0,80619,2026-05-01,2026-05-02,Standard
4259,20260501,27,20,3,391,350,0,279650,2026-05-01,2026-05-06,Expedited
4260,20260501,28,13,4,265,265,0,662235,2026-05-01,2026-05-06,Standard
4261,20260502,3,20,2,491,491,0,392309,2026-05-02,2026-05-08,Expedited
4262,20260502,33,17,2,235,235,0,258265,2026-05-02,2026-05-05,Expedited
4263,20260502,11,2,1,397,397,0,356903,2026-05-02,2026-05-08,Expedited
4264,20260502,35,13,4,411,411,0,1027089,2026-05-02,2026-05-08,Expedited
4265,20260502,14,12,4,211,199,0,397801,2026-05-02,2026-05-04,Standard
4266,20260503,23,10,4,172,171,0,205029,2026-05-03,2026-05-04,Expedited
4267,20260503,13,6,3,132,122,0,146278,2026-05-03,2026-05-04,Standard
4268,20260503,26,4,4,397,397,0,396603,2026-05-03,2026-05-07,Standard
4269,20260503,9,2,3,313,309,0,277791,2026-05-03,2026-05-08,Standard
4270,20260503,17,18,2,177,163,1,65037,2026-05-03,2026-05-07,Standard
4271,20260504,35,3,1,101,101,1,90799,2026-05-04,2026-05-08,Expedited
4272,20260504,19,5,4,285,254,0,253746,2026-05-04,2026-05-06,Expedited
4273,20260504,26,15,3,490,450,0,292050,2026-05-04,2026-05-08,Standard
4274,20260504,10,1,4,343,343,0,274057,2026-05-04,2026-05-06,Expedited
4275,20260504,34,6,3,397,397,0,476003,2026-05-04,2026-05-09,Expedited
4276,20260505,20,14,2,192,172,0,60028,2026-05-05,2026-05-10,Expedited
4277,20260505,21,3,4,423,423,0,380277,2026-05-05,2026-05-09,Expedited
4278,20260505,32,18,3,467,467,0,186333,2026-05-05,2026-05-08,Standard
4279,20260505,20,5,3,87,87,0,86913,2026-05-05,2026-05-06,Expedited
4280,20260505,16,11,4,53,49,0,63651,2026-05-05,2026-05-07,Expedited
4281,20260506,19,20,4,411,373,0,298027,2026-05-06,2026-05-10,Standard
4282,20260506,11,19,4,208,208,0,51792,2026-05-06,2026-05-11,Standard
4283,20260506,17,14,4,68,62,0,21638,2026-05-06,2026-05-08,Expedited
4284,20260506,2,20,2,434,433,1,345967,2026-05-06,2026-05-08,Expedited
4285,20260506,15,18,3,339,339,0,135261,2026-05-06,2026-05-09,Standard
4286,20260507,7,6,3,404,400,0,479600,2026-05-07,2026-05-09,Standard
4287,20260507,4,1,3,371,350,0,279650,2026-05-07,2026-05-13,Expedited
4288,20260507,22,10,1,279,279,1,334521,2026-05-07,2026-05-08,Standard
4289,20260507,24,5,2,365,365,0,364635,2026-05-07,2026-05-12,Expedited
4290,20260507,12,8,2,154,136,0,33864,2026-05-07,2026-05-13,Standard
4291,20260508,31,16,3,140,127,0,126873,2026-05-08,2026-05-12,Expedited
4292,20260508,3,16,2,117,117,0,116883,2026-05-08,2026-05-13,Expedited
4293,20260508,10,14,1,327,327,0,114123,2026-05-08,2026-05-09,Standard
4294,20260508,19,15,1,303,303,0,196647,2026-05-08,2026-05-10,Expedited
4295,20260508,7,14,2,175,163,0,56887,2026-05-08,2026-05-13,Standard
4296,20260509,6,19,1,63,63,0,15687,2026-05-09,2026-05-15,Standard
4297,20260509,19,13,2,187,182,0,454818,2026-05-09,2026-05-12,Expedited
4298,20260509,8,8,1,232,232,0,57768,2026-05-09,2026-05-11,Expedited
4299,20260509,33,16,1,398,376,0,375624,2026-05-09,2026-05-13,Standard
4300,20260509,26,17,2,464,446,0,490154,2026-05-09,2026-05-13,Standard
4301,20260510,35,10,2,284,268,0,321332,2026-05-10,2026-05-11,Standard
4302,20260510,13,17,1,217,208,0,228592,2026-05-10,2026-05-14,Standard
4303,20260510,8,2,2,292,274,0,246326,2026-05-10,2026-05-11,Expedited
4304,20260510,6,13,2,330,293,0,732207,2026-05-10,2026-05-16,Expedited
4305,20260510,26,4,4,252,252,0,251748,2026-05-10,2026-05-11,Standard
4306,20260511,16,12,2,96,93,0,185907,2026-05-11,2026-05-17,Expedited
4307,20260511,16,1,1,270,267,0,213333,2026-05-11,2026-05-15,Expedited
4308,20260511,5,9,1,467,467,0,256383,2026-05-11,2026-05-17,Standard
4309,20260511,35,20,3,438,414,0,330786,2026-05-11,2026-05-13,Standard
4310,20260511,15,13,2,235,235,0,587265,2026-05-11,2026-05-13,Standard
4311,20260512,8,16,4,247,221,0,220779,2026-05-12,2026-05-15,Standard
4312,20260512,27,8,1,132,132,0,32868,2026-05-12,2026-05-16,Expedited
4313,20260512,13,17,1,130,121,0,132979,2026-05-12,2026-05-16,Standard
4314,20260512,6,3,4,484,475,0,427025,2026-05-12,2026-05-13,Standard
4315,20260512,12,15,4,272,251,0,162899,2026-05-12,2026-05-18,Expedited
4316,20260513,21,16,3,313,296,1,295704,2026-05-13,2026-05-16,Standard
4317,20260513,23,14,3,164,147,0,51303,2026-05-13,2026-05-18,Standard
4318,20260513,12,17,2,105,105,0,115395,2026-05-13,2026-05-14,Expedited
4319,20260513,6,9,3,412,404,0,221796,2026-05-13,2026-05-14,Standard
4320,20260513,2,13,4,275,273,0,682227,2026-05-13,2026-05-14,Standard
4321,20260514,3,9,2,78,71,0,38979,2026-05-14,2026-05-16,Expedited
4322,20260514,17,3,2,460,454,0,408146,2026-05-14,2026-05-16,Standard
4323,20260514,27,12,4,352,325,0,649675,2026-05-14,2026-05-15,Expedited
4324,20260514,2,10,2,120,114,0,136686,2026-05-14,2026-05-17,Standard
4325,20260514,15,13,4,187,167,0,417333,2026-05-14,2026-05-19,Expedited
4326,20260515,6,2,2,283,250,0,224750,2026-05-15,2026-05-16,Standard
4327,20260515,18,18,3,223,203,0,80997,2026-05-15,2026-05-21,Expedited
4328,20260515,17,5,1,422,422,0,421578,2026-05-15,2026-05-21,Expedited
4329,20260515,6,14,4,271,239,0,83411,2026-05-15,2026-05-16,Expedited
4330,20260515,4,15,3,144,144,0,93456,2026-05-15,2026-05-18,Standard
4331,20260516,6,5,3,313,288,0,287712,2026-05-16,2026-05-18,Expedited
4332,20260516,19,17,2,152,144,0,158256,2026-05-16,2026-05-17,Standard
4333,20260516,7,14,4,148,132,0,46068,2026-05-16,2026-05-21,Standard
4334,20260516,31,5,1,322,309,0,308691,2026-05-16,2026-05-22,Expedited
4335,20260516,31,18,3,423,394,0,157206,2026-05-16,2026-05-18,Standard
4336,20260517,34,11,1,210,208,0,270192,2026-05-17,2026-05-21,Standard
4337,20260517,32,20,4,90,90,0,71910,2026-05-17,2026-05-20,Expedited
4338,20260517,1,1,3,376,376,0,300424,2026-05-17,2026-05-22,Standard
4339,20260517,14,20,3,330,330,0,263670,2026-05-17,2026-05-21,Standard
4340,20260517,6,5,3,476,432,0,431568,2026-05-17,2026-05-19,Standard
4341,20260518,5,11,4,244,244,0,316956,2026-05-18,2026-05-21,Standard
4342,20260518,8,4,2,268,268,0,267732,2026-05-18,2026-05-23,Expedited
4343,20260518,6,3,4,129,122,0,109678,2026-05-18,2026-05-24,Standard
4344,20260518,26,3,4,220,220,0,197780,2026-05-18,2026-05-19,Standard
4345,20260518,35,9,1,414,414,0,227286,2026-05-18,2026-05-24,Expedited
4346,20260519,22,11,2,160,148,0,192252,2026-05-19,2026-05-21,Expedited
4347,20260519,11,2,1,238,228,0,204972,2026-05-19,2026-05-23,Expedited
4348,20260519,28,9,3,352,340,0,186660,2026-05-19,2026-05-21,Expedited
4349,20260519,27,20,1,330,324,0,258876,2026-05-19,2026-05-24,Expedited
4350,20260519,13,17,1,173,173,0,190127,2026-05-19,2026-05-25,Expedited
4351,20260520,20,8,3,132,132,0,32868,2026-05-20,2026-05-24,Expedited
4352,20260520,31,6,3,169,169,0,202631,2026-05-20,2026-05-25,Expedited
4353,20260520,1,11,3,107,107,0,138993,2026-05-20,2026-05-23,Standard
4354,20260520,1,19,4,241,224,0,55776,2026-05-20,2026-05-25,Standard
4355,20260520,2,19,2,106,95,0,23655,2026-05-20,2026-05-22,Standard
4356,20260521,26,2,2,282,272,0,244528,2026-05-21,2026-05-22,Expedited
4357,20260521,2,11,1,150,150,0,194850,2026-05-21,2026-05-26,Standard
4358,20260521,13,4,4,161,142,0,141858,2026-05-21,2026-05-25,Expedited
4359,20260521,32,17,4,445,445,0,489055,2026-05-21,2026-05-27,Standard
4360,20260521,28,19,1,205,181,0,45069,2026-05-21,2026-05-23,Standard
4361,20260522,16,13,4,494,494,0,1234506,2026-05-22,2026-05-28,Expedited
4362,20260522,13,4,1,204,204,0,203796,2026-05-22,2026-05-24,Expedited
4363,20260522,33,5,1,388,388,0,387612,2026-05-22,2026-05-24,Standard
4364,20260522,27,7,2,63,63,0,10647,2026-05-22,2026-05-25,Expedited
4365,20260522,20,14,3,178,178,0,62122,2026-05-22,2026-05-26,Expedited
4366,20260523,16,13,1,436,430,0,1074570,2026-05-23,2026-05-29,Standard
4367,20260523,33,5,1,214,214,0,213786,2026-05-23,2026-05-26,Expedited
4368,20260523,1,14,3,169,153,1,53397,2026-05-23,2026-05-29,Standard
4369,20260523,9,9,4,350,315,0,172935,2026-05-23,2026-05-26,Standard
4370,20260523,24,1,3,498,476,0,380324,2026-05-23,2026-05-28,Standard
4371,20260524,22,8,3,482,482,0,120018,2026-05-24,2026-05-25,Standard
4372,20260524,34,16,4,436,411,0,410589,2026-05-24,2026-05-28,Standard
4373,20260524,17,20,2,426,399,0,318801,2026-05-24,2026-05-26,Expedited
4374,20260524,16,7,2,241,220,0,37180,2026-05-24,2026-05-27,Standard
4375,20260524,14,5,2,94,86,0,85914,2026-05-24,2026-05-30,Expedited
4376,20260525,35,1,2,375,360,0,287640,2026-05-25,2026-05-26,Expedited
4377,20260525,17,14,3,117,105,0,36645,2026-05-25,2026-05-28,Expedited
4378,20260525,4,15,1,125,125,0,81125,2026-05-25,2026-05-30,Expedited
4379,20260525,28,10,2,246,241,0,288959,2026-05-25,2026-05-29,Expedited
4380,20260525,4,4,1,85,85,0,84915,2026-05-25,2026-05-27,Expedited
4381,20260526,1,7,4,344,344,0,58136,2026-05-26,2026-06-01,Standard
4382,20260526,10,3,3,279,279,0,250821,2026-05-26,2026-05-30,Standard
4383,20260526,19,6,1,170,170,0,203830,2026-05-26,2026-06-01,Standard
4384,20260526,2,5,2,95,95,0,94905,2026-05-26,2026-05-27,Standard
4385,20260526,29,13,1,74,74,0,184926,2026-05-26,2026-05-30,Expedited
4386,20260527,16,10,3,106,103,0,123497,2026-05-27,2026-05-28,Standard
4387,20260527,8,14,3,475,475,0,165775,2026-05-27,2026-05-31,Expedited
4388,20260527,1,13,3,270,270,0,674730,2026-05-27,2026-06-02,Standard
4389,20260527,31,17,4,84,74,0,81326,2026-05-27,2026-05-31,Standard
4390,20260527,19,12,2,498,498,0,995502,2026-05-27,2026-06-02,Standard
4391,20260528,31,8,3,377,377,0,93873,2026-05-28,2026-06-02,Standard
4392,20260528,17,1,4,145,145,0,115855,2026-05-28,2026-05-30,Expedited
4393,20260528,31,20,2,134,134,0,107066,2026-05-28,2026-05-29,Standard
4394,20260528,17,1,4,420,399,1,318801,2026-05-28,2026-06-01,Standard
4395,20260528,34,14,2,370,370,0,129130,2026-05-28,2026-05-31,Standard
4396,20260529,35,10,4,451,422,0,505978,2026-05-29,2026-06-03,Expedited
4397,20260529,24,17,1,275,243,0,267057,2026-05-29,2026-06-01,Expedited
4398,20260529,8,15,4,171,162,0,105138,2026-05-29,2026-05-31,Expedited
4399,20260529,11,12,4,377,352,0,703648,2026-05-29,2026-05-31,Standard
4400,20260529,22,4,2,86,85,0,84915,2026-05-29,2026-06-01,Expedited
4401,20260530,13,4,4,221,221,0,220779,2026-05-30,2026-06-01,Standard
4402,20260530,32,8,1,435,435,0,108315,2026-05-30,2026-06-05,Expedited
4403,20260530,31,2,4,379,341,0,306559,2026-05-30,2026-06-02,Expedited
4404,20260530,18,12,3,68,68,0,135932,2026-05-30,2026-06-05,Expedited
4405,20260530,3,16,4,225,219,0,218781,2026-05-30,2026-06-01,Expedited
4406,20260531,10,3,1,319,300,0,269700,2026-05-31,2026-06-02,Expedited
4407,20260531,34,16,3,94,94,0,93906,2026-05-31,2026-06-02,Expedited
4408,20260531,12,14,3,480,428,0,149372,2026-05-31,2026-06-01,Expedited
4409,20260531,13,9,1,361,333,0,182817,2026-05-31,2026-06-01,Expedited
4410,20260531,22,11,3,331,331,0,429969,2026-05-31,2026-06-06,Expedited
4411,20260601,6,14,2,115,103,0,35947,2026-06-01,2026-06-03,Standard
4412,20260601,1,15,4,412,378,0,245322,2026-06-01,2026-06-05,Expedited
4413,20260601,32,9,1,212,211,0,115839,2026-06-01,2026-06-06,Standard
4414,20260601,30,2,4,463,463,0,416237,2026-06-01,2026-06-03,Expedited
4415,20260601,32,8,2,374,352,0,87648,2026-06-01,2026-06-06,Expedited
4416,20260602,29,6,2,475,475,0,569525,2026-06-02,2026-06-04,Standard
4417,20260602,33,10,4,415,415,0,497585,2026-06-02,2026-06-08,Expedited
4418,20260602,8,16,3,273,267,0,266733,2026-06-02,2026-06-04,Standard
4419,20260602,27,15,2,474,474,0,307626,2026-06-02,2026-06-05,Standard
4420,20260602,28,4,3,122,111,0,110889,2026-06-02,2026-06-06,Expedited
4421,20260603,26,3,2,486,486,0,436914,2026-06-03,2026-06-07,Expedited
4422,20260603,8,1,2,400,400,0,319600,2026-06-03,2026-06-09,Standard
4423,20260603,15,19,2,106,106,0,26394,2026-06-03,2026-06-08,Expedited
4424,20260603,29,1,2,292,292,0,233308,2026-06-03,2026-06-07,Standard
4425,20260603,9,17,3,383,351,0,385749,2026-06-03,2026-06-07,Standard
4426,20260604,34,20,3,64,60,0,47940,2026-06-04,2026-06-08,Standard
4427,20260604,31,16,4,241,241,0,240759,2026-06-04,2026-06-07,Standard
4428,20260604,13,11,3,328,296,0,384504,2026-06-04,2026-06-08,Standard
4429,20260604,16,10,3,301,301,0,360899,2026-06-04,2026-06-08,Standard
4430,20260604,23,1,1,330,302,0,241298,2026-06-04,2026-06-07,Expedited
4431,20260605,31,7,3,343,343,0,57967,2026-06-05,2026-06-06,Expedited
4432,20260605,34,17,4,226,205,0,225295,2026-06-05,2026-06-08,Standard
4433,20260605,24,16,4,254,254,0,253746,2026-06-05,2026-06-06,Standard
4434,20260605,32,11,4,234,234,0,303966,2026-06-05,2026-06-11,Expedited
4435,20260605,22,12,3,208,201,1,401799,2026-06-05,2026-06-06,Standard
4436,20260606,27,15,2,376,369,0,239481,2026-06-06,2026-06-10,Expedited
4437,20260606,11,3,1,52,46,0,41354,2026-06-06,2026-06-07,Standard
4438,20260606,21,14,1,283,275,0,95975,2026-06-06,2026-06-08,Standard
4439,20260606,3,16,2,319,312,0,311688,2026-06-06,2026-06-12,Standard
4440,20260606,9,6,2,398,397,0,476003,2026-06-06,2026-06-12,Standard
4441,20260607,3,2,3,77,77,0,69223,2026-06-07,2026-06-08,Standard
4442,20260607,35,15,2,85,78,0,50622,2026-06-07,2026-06-08,Expedited
4443,20260607,31,19,2,204,203,0,50547,2026-06-07,2026-06-08,Standard
4444,20260607,7,9,2,70,69,0,37881,2026-06-07,2026-06-08,Standard
4445,20260607,16,15,3,65,64,0,41536,2026-06-07,2026-06-08,Standard
4446,20260608,26,5,2,488,464,0,463536,2026-06-08,2026-06-14,Standard
4447,20260608,9,1,3,211,196,0,156604,2026-06-08,2026-06-10,Expedited
4448,20260608,2,7,4,372,372,0,62868,2026-06-08,2026-06-11,Standard
4449,20260608,32,12,3,146,146,0,291854,2026-06-08,2026-06-13,Standard
4450,20260608,29,9,2,297,297,0,163053,2026-06-08,2026-06-14,Standard
4451,20260609,29,10,3,418,401,0,480799,2026-06-09,2026-06-13,Expedited
4452,20260609,28,4,3,372,341,0,340659,2026-06-09,2026-06-15,Expedited
4453,20260609,30,6,3,111,106,0,127094,2026-06-09,2026-06-13,Standard
4454,20260609,8,17,1,127,117,0,128583,2026-06-09,2026-06-12,Standard
4455,20260609,22,3,4,431,431,0,387469,2026-06-09,2026-06-13,Expedited
4456,20260610,5,9,2,364,364,1,199836,2026-06-10,2026-06-16,Expedited
4457,20260610,30,9,1,445,439,0,241011,2026-06-10,2026-06-15,Expedited
4458,20260610,10,12,2,170,170,0,339830,2026-06-10,2026-06-16,Expedited
4459,20260610,9,20,1,113,99,1,79101,2026-06-10,2026-06-12,Expedited
4460,20260610,18,20,3,217,200,0,159800,2026-06-10,2026-06-12,Standard
4461,20260611,33,2,2,408,404,0,363196,2026-06-11,2026-06-14,Standard
4462,20260611,25,11,2,221,218,0,283182,2026-06-11,2026-06-14,Standard
4463,20260611,29,2,2,406,406,0,364994,2026-06-11,2026-06-15,Standard
4464,20260611,33,9,3,51,51,0,27999,2026-06-11,2026-06-12,Expedited
4465,20260611,5,8,4,240,225,0,56025,2026-06-11,2026-06-12,Expedited
4466,20260612,35,14,3,411,410,0,143090,2026-06-12,2026-06-16,Standard
4467,20260612,26,7,3,182,178,0,30082,2026-06-12,2026-06-15,Standard
4468,20260612,20,16,4,172,172,0,171828,2026-06-12,2026-06-18,Standard
4469,20260612,10,2,1,346,316,1,284084,2026-06-12,2026-06-13,Standard
4470,20260612,30,6,3,196,196,1,235004,2026-06-12,2026-06-14,Standard
4471,20260613,5,18,2,404,380,0,151620,2026-06-13,2026-06-19,Expedited
4472,20260613,22,5,4,287,271,0,270729,2026-06-13,2026-06-14,Expedited
4473,20260613,14,20,2,181,170,0,135830,2026-06-13,2026-06-16,Standard
4474,20260613,31,18,4,136,132,0,52668,2026-06-13,2026-06-14,Expedited
4475,20260613,15,17,4,198,194,0,213206,2026-06-13,2026-06-18,Standard
4476,20260614,25,8,2,139,136,0,33864,2026-06-14,2026-06-19,Standard
4477,20260614,18,18,3,248,230,0,91770,2026-06-14,2026-06-20,Standard
4478,20260614,19,9,3,212,194,0,106506,2026-06-14,2026-06-15,Expedited
4479,20260614,3,11,2,102,102,0,132498,2026-06-14,2026-06-19,Standard
4480,20260614,4,8,3,450,404,0,100596,2026-06-14,2026-06-18,Standard
4481,20260615,25,6,3,302,302,0,362098,2026-06-15,2026-06-19,Expedited
4482,20260615,27,17,2,180,173,0,190127,2026-06-15,2026-06-21,Expedited
4483,20260615,25,8,3,101,93,0,23157,2026-06-15,2026-06-17,Standard
4484,20260615,19,4,1,306,306,0,305694,2026-06-15,2026-06-21,Standard
4485,20260615,2,9,4,440,397,0,217953,2026-06-15,2026-06-16,Standard
4486,20260616,12,12,4,122,122,0,243878,2026-06-16,2026-06-22,Expedited
4487,20260616,16,17,4,149,146,0,160454,2026-06-16,2026-06-20,Expedited
4488,20260616,30,14,1,419,419,0,146231,2026-06-16,2026-06-17,Standard
4489,20260616,15,15,4,205,182,0,118118,2026-06-16,2026-06-19,Standard
4490,20260616,9,4,2,196,196,0,195804,2026-06-16,2026-06-17,Expedited
4491,20260617,7,7,1,314,277,0,46813,2026-06-17,2026-06-22,Standard
4492,20260617,8,15,1,146,134,0,86966,2026-06-17,2026-06-18,Standard
4493,20260617,23,2,2,445,425,0,382075,2026-06-17,2026-06-19,Standard
4494,20260617,22,5,1,92,92,1,91908,2026-06-17,2026-06-21,Standard
4495,20260617,9,1,4,297,275,0,219725,2026-06-17,2026-06-18,Expedited
4496,20260618,27,12,2,250,222,0,443778,2026-06-18,2026-06-21,Standard
4497,20260618,16,1,1,291,291,0,232509,2026-06-18,2026-06-24,Expedited
4498,20260618,32,7,1,210,210,0,35490,2026-06-18,2026-06-22,Expedited
4499,20260618,12,12,3,56,52,0,103948,2026-06-18,2026-06-22,Standard
4500,20260618,34,18,2,365,363,0,144837,2026-06-18,2026-06-20,Expedited
4501,20260619,15,19,2,315,303,0,75447,2026-06-19,2026-06-23,Expedited
4502,20260619,11,17,1,263,255,0,280245,2026-06-19,2026-06-22,Expedited
4503,20260619,23,18,1,246,230,0,91770,2026-06-19,2026-06-20,Expedited
4504,20260619,5,18,3,167,151,1,60249,2026-06-19,2026-06-22,Expedited
4505,20260619,19,18,3,140,139,0,55461,2026-06-19,2026-06-23,Standard
4506,20260620,22,3,2,459,459,0,412641,2026-06-20,2026-06-25,Standard
4507,20260620,5,3,1,493,493,0,443207,2026-06-20,2026-06-25,Standard
4508,20260620,9,16,3,110,110,0,109890,2026-06-20,2026-06-25,Standard
4509,20260620,33,15,4,364,364,0,236236,2026-06-20,2026-06-21,Standard
4510,20260620,22,18,1,390,390,0,155610,2026-06-20,2026-06-25,Standard
4511,20260621,13,6,2,316,316,0,378884,2026-06-21,2026-06-22,Standard
4512,20260621,19,3,4,205,190,0,170810,2026-06-21,2026-06-25,Expedited
4513,20260621,31,3,1,173,163,0,146537,2026-06-21,2026-06-24,Standard
4514,20260621,34,8,4,96,94,0,23406,2026-06-21,2026-06-23,Standard
4515,20260621,1,11,1,489,438,0,568962,2026-06-21,2026-06-23,Expedited
4516,20260622,20,18,1,460,460,0,183540,2026-06-22,2026-06-28,Expedited
4517,20260622,33,15,3,216,198,0,128502,2026-06-22,2026-06-24,Standard
4518,20260622,3,9,3,221,206,0,113094,2026-06-22,2026-06-28,Expedited
4519,20260622,34,17,1,427,410,0,450590,2026-06-22,2026-06-23,Standard
4520,20260622,15,2,4,478,478,0,429722,2026-06-22,2026-06-24,Standard
4521,20260623,14,11,4,413,413,0,536487,2026-06-23,2026-06-28,Expedited
4522,20260623,34,9,1,314,310,1,170190,2026-06-23,2026-06-26,Expedited
4523,20260623,14,3,4,452,448,0,402752,2026-06-23,2026-06-26,Expedited
4524,20260623,5,2,4,352,328,0,294872,2026-06-23,2026-06-27,Standard
4525,20260623,26,1,1,352,352,0,281248,2026-06-23,2026-06-28,Standard
4526,20260624,3,12,1,433,413,0,825587,2026-06-24,2026-06-29,Standard
4527,20260624,31,18,4,158,149,0,59451,2026-06-24,2026-06-27,Standard
4528,20260624,13,9,4,481,481,0,264069,2026-06-24,2026-06-30,Expedited
4529,20260624,33,4,2,202,193,0,192807,2026-06-24,2026-06-29,Standard
4530,20260624,25,6,1,407,372,0,446028,2026-06-24,2026-06-26,Expedited
4531,20260625,34,10,4,228,228,0,273372,2026-06-25,2026-06-27,Expedited
4532,20260625,2,2,3,281,250,0,224750,2026-06-25,2026-06-27,Standard
4533,20260625,31,16,3,59,59,0,58941,2026-06-25,2026-06-26,Expedited
4534,20260625,22,16,2,358,349,0,348651,2026-06-25,2026-06-26,Expedited
4535,20260625,26,3,4,124,118,0,106082,2026-06-25,2026-06-26,Standard
4536,20260626,24,20,2,264,264,0,210936,2026-06-26,2026-07-02,Standard
4537,20260626,16,19,1,90,90,0,22410,2026-06-26,2026-06-30,Standard
4538,20260626,21,1,1,170,164,0,131036,2026-06-26,2026-07-01,Standard
4539,20260626,16,9,1,145,137,0,75213,2026-06-26,2026-06-27,Standard
4540,20260626,30,10,3,301,287,0,344113,2026-06-26,2026-06-28,Expedited
4541,20260627,2,12,3,300,300,0,599700,2026-06-27,2026-06-29,Standard
4542,20260627,14,7,1,166,155,0,26195,2026-06-27,2026-07-03,Expedited
4543,20260627,20,12,4,71,66,0,131934,2026-06-27,2026-07-02,Standard
4544,20260627,28,8,1,246,246,0,61254,2026-06-27,2026-07-02,Expedited
4545,20260627,14,3,2,247,247,0,222053,2026-06-27,2026-06-28,Expedited
4546,20260628,3,4,3,111,104,0,103896,2026-06-28,2026-07-03,Expedited
4547,20260628,20,9,4,159,155,0,85095,2026-06-28,2026-06-29,Standard
4548,20260628,24,18,4,150,146,0,58254,2026-06-28,2026-07-01,Standard
4549,20260628,29,16,1,199,191,0,190809,2026-06-28,2026-06-29,Expedited
4550,20260628,32,4,3,310,282,0,281718,2026-06-28,2026-07-04,Standard
4551,20260629,12,18,4,186,186,0,74214,2026-06-29,2026-06-30,Standard
4552,20260629,24,2,1,417,383,0,344317,2026-06-29,2026-07-03,Expedited
4553,20260629,26,20,4,265,259,0,206941,2026-06-29,2026-07-03,Expedited
4554,20260629,29,15,4,294,280,0,181720,2026-06-29,2026-06-30,Standard
4555,20260629,33,9,1,178,174,0,95526,2026-06-29,2026-07-05,Standard
4556,20260630,10,10,2,178,161,0,193039,2026-06-30,2026-07-01,Expedited
4557,20260630,11,13,2,90,82,0,204918,2026-06-30,2026-07-01,Expedited
4558,20260630,29,14,4,428,379,1,132271,2026-06-30,2026-07-06,Expedited
4559,20260630,23,10,4,88,87,1,104313,2026-06-30,2026-07-01,Expedited
4560,20260630,15,12,1,411,411,1,821589,2026-06-30,2026-07-06,Standard
