QualityInspectionID,DateKey,PlantKey,LineKey,ProductKey,DefectTypeKey,InspectedUnits,DefectCount,Severity,ReworkFlag,InspectionMethod,BatchID
1,20240101,1,2,6,5,218,6,Low,0,Hybrid,QC-000001
2,20240101,1,1,6,2,167,5,Low,0,Automated,QC-000002
3,20240101,3,5,1,2,150,5,Low,0,Automated,QC-000003
4,20240102,4,8,19,5,88,2,Low,0,Automated,QC-000004
5,20240102,1,1,5,7,281,11,Low,1,Manual,QC-000005
6,20240102,1,1,11,12,88,1,Low,0,Manual,QC-000006
7,20240103,2,4,14,12,84,2,Low,0,Manual,QC-000007
8,20240103,2,4,3,2,57,1,Low,0,Manual,QC-000008
9,20240103,4,7,12,9,281,4,Low,0,Manual,QC-000009
10,20240104,2,4,18,4,265,6,Low,0,Manual,QC-000010
11,20240104,2,4,20,3,115,2,Low,0,Hybrid,QC-000011
12,20240104,3,6,15,8,262,7,Low,0,Manual,QC-000012
13,20240105,3,6,3,2,127,3,Low,0,Automated,QC-000013
14,20240105,4,7,12,2,126,1,Low,0,Automated,QC-000014
15,20240105,1,1,20,6,189,1,Low,0,Automated,QC-000015
16,20240106,2,3,13,1,230,4,Low,0,Automated,QC-000016
17,20240106,3,6,8,2,205,2,Low,0,Manual,QC-000017
18,20240106,4,8,18,8,79,0,Low,0,Automated,QC-000018
19,20240107,2,3,1,1,241,8,Low,0,Hybrid,QC-000019
20,20240107,1,2,4,10,151,9,Low,0,Hybrid,QC-000020
21,20240107,3,6,10,6,72,1,Low,0,Automated,QC-000021
22,20240108,2,4,14,6,194,3,low,0,Manual,QC-000022
23,20240108,1,2,14,4,58,1,Low,0,Manual,QC-000023
24,20240108,4,8,18,11,267,6,Low,0,Manual,QC-000024
25,20240109,4,7,2,5,209,5,Low,0,Hybrid,QC-000025
26,20240109,3,6,14,3,299,6,Low,0,Manual,QC-000026
27,20240109,3,6,15,5,221,4,Low,0,Hybrid,QC-000027
28,20240110,3,5,6,10,80,3,Low,0,Automated,QC-000028
29,20240110,3,5,16,8,286,7,Low,0,Hybrid,QC-000029
30,20240110,4,8,12,3,111,2,Low,0,Hybrid,QC-000030
31,20240111,1,2,19,12,296,7,low,0,Manual,QC-000031
32,20240111,2,3,16,8,93,1,Low,0,Automated,QC-000032
33,20240111,2,3,9,7,238,6,Low,0,Hybrid,QC-000033
34,20240112,2,3,18,7,272,6,Low,0,Automated,QC-000034
35,20240112,3,6,9,3,102,1,Low,0,Automated,QC-000035
36,20240112,4,7,8,2,233,6,Low,0,Manual,QC-000036
37,20240113,3,5,6,10,181,8,Low,0,Hybrid,QC-000037
38,20240113,1,2,6,4,260,13,LOW,1,Automated,QC-000038
39,20240113,2,4,15,2,204,3,Low,0,Manual,QC-000039
40,20240114,1,1,11,3,272,7,low,0,Automated,QC-000040
41,20240114,3,5,6,8,186,5,Low,0,Manual,QC-000041
42,20240114,2,4,4,2,92,3,Low,0,Hybrid,QC-000042
43,20240115,3,6,12,12,201,5,Low,0,Hybrid,QC-000043
44,20240115,2,3,8,10,58,1,Low,0,Hybrid,QC-000044
45,20240115,1,2,18,8,103,1,Low,0,Hybrid,QC-000045
46,20240116,1,1,7,10,244,7,Low,0,Manual,QC-000046
47,20240116,3,6,1,5,268,10,LOW,0,Hybrid,QC-000047
48,20240116,4,8,11,2,179,2,Low,0,Manual,QC-000048
49,20240117,4,8,9,9,155,2,Low,0,Hybrid,QC-000049
50,20240117,2,4,17,10,127,1,Low,0,Manual,QC-000050
51,20240117,2,4,5,9,97,1,LOW,0,Automated,QC-000051
52,20240118,3,5,15,3,97,1,Low,0,Automated,QC-000052
53,20240118,2,3,5,4,229,8,Low,0,Manual,QC-000053
54,20240118,4,7,20,7,271,5,Low,0,Manual,QC-000054
55,20240119,2,4,11,8,107,3,Low,0,Manual,QC-000055
56,20240119,4,7,5,8,134,3,Low,0,Automated,QC-000056
57,20240119,3,5,2,3,96,4,Low,0,Hybrid,QC-000057
58,20240120,4,7,14,11,67,1,Low,0,Manual,QC-000058
59,20240120,4,7,1,4,250,11,Low,1,Hybrid,QC-000059
60,20240120,2,3,20,4,131,3,Low,0,Automated,QC-000060
61,20240121,3,6,9,12,67,0,Low,0,Hybrid,QC-000061
62,20240121,2,3,7,3,87,1,Low,0,Manual,QC-000062
63,20240121,3,6,1,5,156,8,Low,0,Manual,QC-000063
64,20240122,4,7,9,3,74,1,Low,0,Hybrid,QC-000064
65,20240122,2,4,10,1,161,5,Low,0,Automated,QC-000065
66,20240122,4,8,20,9,114,2,Low,0,Hybrid,QC-000066
67,20240123,1,1,15,9,113,1,Low,0,Automated,QC-000067
68,20240123,4,7,20,4,299,3,Low,0,Manual,QC-000068
69,20240123,3,5,1,10,192,6,Low,0,Manual,QC-000069
70,20240124,3,6,12,9,130,3,Low,0,Hybrid,QC-000070
71,20240124,3,5,1,7,53,2,Low,0,Manual,QC-000071
72,20240124,2,4,18,12,225,3,Low,0,Manual,QC-000072
73,20240125,4,8,19,10,247,6,Low,0,Automated,QC-000073
74,20240125,3,5,20,3,290,4,Low,0,Manual,QC-000074
75,20240125,4,7,6,12,98,4,Low,0,Hybrid,QC-000075
76,20240126,4,7,8,10,277,3,Low,0,Manual,QC-000076
77,20240126,4,7,14,10,84,1,Low,0,Automated,QC-000077
78,20240126,1,2,20,10,77,1,Low,0,Automated,QC-000078
79,20240127,1,1,15,1,214,8,Low,0,Hybrid,QC-000079
80,20240127,4,8,2,5,168,6,Low,0,Manual,QC-000080
81,20240127,3,5,9,2,56,1,Low,0,Manual,QC-000081
82,20240128,2,4,2,1,251,10,Low,0,Hybrid,QC-000082
83,20240128,1,2,19,11,234,6,Low,0,Manual,QC-000083
84,20240128,4,8,16,2,179,4,Low,0,Hybrid,QC-000084
85,20240129,1,1,18,9,121,3,Low,0,Manual,QC-000085
86,20240129,2,3,11,4,222,5,Low,0,Manual,QC-000086
87,20240129,4,8,16,8,228,6,Low,0,Hybrid,QC-000087
88,20240130,2,3,4,6,270,10,Low,0,Manual,QC-000088
89,20240130,3,6,1,5,280,7,Low,0,Hybrid,QC-000089
90,20240130,1,2,11,10,193,8,Low,0,Hybrid,QC-000090
91,20240131,1,2,16,5,113,1,Low,0,Manual,QC-000091
92,20240131,4,7,10,2,245,6,Low,0,Automated,QC-000092
93,20240131,1,1,10,9,212,9,Low,0,Automated,QC-000093
94,20240201,2,4,16,9,238,3,Low,0,Hybrid,QC-000094
95,20240201,1,2,14,4,85,3,Low,0,Manual,QC-000095
96,20240201,1,2,3,3,217,5,Low,0,Hybrid,QC-000096
97,20240202,4,7,12,4,125,1,Low,0,Manual,QC-000097
98,20240202,3,6,6,2,71,2,Low,0,Hybrid,QC-000098
99,20240202,3,5,3,11,58,2,Low,0,Automated,QC-000099
100,20240203,2,4,11,3,124,2,Low,0,Manual,QC-000100
101,20240203,4,8,15,12,206,5,Low,0,Manual,QC-000101
102,20240203,2,3,13,2,101,1,Low,0,Hybrid,QC-000102
103,20240204,3,6,16,6,80,1,Low,0,Hybrid,QC-000103
104,20240204,1,1,19,9,132,1,Low,0,Hybrid,QC-000104
105,20240204,2,4,13,6,289,8,Low,0,Manual,QC-000105
106,20240205,4,8,9,9,169,4,Low,0,Hybrid,QC-000106
107,20240205,3,6,18,8,210,3,Low,0,Automated,QC-000107
108,20240205,2,3,9,5,131,4,Low,0,Hybrid,QC-000108
109,20240206,1,2,16,5,198,4,Low,0,Hybrid,QC-000109
110,20240206,1,2,13,12,56,0,Low,0,Automated,QC-000110
111,20240206,2,4,19,10,89,3,Low,0,Manual,QC-000111
112,20240207,4,8,13,7,200,5,Low,0,Automated,QC-000112
113,20240207,2,3,10,3,55,1,Low,0,Automated,QC-000113
114,20240207,4,8,12,10,61,1,Low,0,Automated,QC-000114
115,20240208,4,8,19,3,265,4,Low,0,Automated,QC-000115
116,20240208,4,8,14,2,271,5,Low,0,Automated,QC-000116
117,20240208,3,6,14,10,269,3,Low,0,Automated,QC-000117
118,20240209,4,7,17,6,201,3,Low,0,Manual,QC-000118
119,20240209,4,8,13,6,168,1,Low,0,Automated,QC-000119
120,20240209,4,8,9,4,261,4,Low,0,Automated,QC-000120
121,20240210,3,6,5,9,75,2,Low,0,Automated,QC-000121
122,20240210,4,8,13,8,145,4,Low,0,Manual,QC-000122
123,20240210,4,7,10,8,244,2,Low,0,Automated,QC-000123
124,20240211,3,5,20,6,222,5,Low,0,Hybrid,QC-000124
125,20240211,2,3,7,3,62,1,Low,0,Manual,QC-000125
126,20240211,4,7,15,8,109,1,Low,0,Manual,QC-000126
127,20240212,3,5,18,9,253,6,Low,0,Manual,QC-000127
128,20240212,2,4,1,6,222,5,Low,0,Manual,QC-000128
129,20240212,3,6,16,6,285,7,Low,0,Hybrid,QC-000129
130,20240213,2,4,7,4,244,2,Low,0,Hybrid,QC-000130
131,20240213,2,4,7,6,127,1,Low,0,Hybrid,QC-000131
132,20240213,4,8,5,9,243,8,Low,0,Automated,QC-000132
133,20240214,3,6,8,10,174,4,Low,0,Hybrid,QC-000133
134,20240214,4,7,12,4,63,1,Low,0,Manual,QC-000134
135,20240214,4,7,4,3,207,9,Low,0,Automated,QC-000135
136,20240215,4,7,3,8,254,10,Low,0,Manual,QC-000136
137,20240215,1,2,12,8,112,2,Low,0,Hybrid,QC-000137
138,20240215,3,5,16,6,223,6,Low,0,Automated,QC-000138
139,20240216,1,2,3,4,208,4,Low,0,Hybrid,QC-000139
140,20240216,4,8,17,8,208,2,Low,0,Automated,QC-000140
141,20240216,1,1,2,9,181,10,Low,0,Hybrid,QC-000141
142,20240217,4,8,9,6,224,3,Low,0,Automated,QC-000142
143,20240217,4,8,3,7,62,1,Low,0,Hybrid,QC-000143
144,20240217,3,6,16,8,287,3,Low,0,Manual,QC-000144
145,20240218,4,8,7,7,137,2,Low,0,Hybrid,QC-000145
146,20240218,2,4,19,8,239,8,Low,0,Automated,QC-000146
147,20240218,2,4,1,12,290,17,Low,1,Automated,QC-000147
148,20240219,1,1,1,5,134,8,Low,0,Automated,QC-000148
149,20240219,1,2,8,1,213,5,Low,0,Manual,QC-000149
150,20240219,4,7,2,8,252,11,Low,1,Automated,QC-000150
151,20240220,3,6,9,7,193,2,Low,0,Hybrid,QC-000151
152,20240220,2,4,13,4,76,3,Low,0,Automated,QC-000152
153,20240220,3,5,7,1,237,3,Low,0,Automated,QC-000153
154,20240221,4,8,17,1,115,2,Low,0,Automated,QC-000154
155,20240221,3,5,16,11,275,5,Low,0,Automated,QC-000155
156,20240221,2,3,12,12,233,4,Low,0,Manual,QC-000156
157,20240222,3,5,12,8,154,2,Low,0,Manual,QC-000157
158,20240222,3,5,9,4,264,5,Low,0,Hybrid,QC-000158
159,20240222,3,6,2,12,73,3,Low,0,Manual,QC-000159
160,20240223,3,5,12,1,223,6,Low,0,Hybrid,QC-000160
161,20240223,3,5,14,7,92,2,Low,0,Automated,QC-000161
162,20240223,3,5,9,11,85,1,Low,0,Automated,QC-000162
163,20240224,1,1,15,5,227,6, Low,0,Manual,QC-000163
164,20240224,4,7,1,2,268,12,Low,1,Hybrid,QC-000164
165,20240224,1,1,13,2,209,3,Low,0,Hybrid,QC-000165
166,20240225,3,6,4,11,60,1,Low,0,Manual,QC-000166
167,20240225,2,4,2,9,80,3,Low,0,Automated,QC-000167
168,20240225,1,1,4,8,203,15,Low,1,Manual,QC-000168
169,20240226,2,4,11,1,240,7,Low,0,Manual,QC-000169
170,20240226,4,7,13,7,126,1,LOW,0,Hybrid,QC-000170
171,20240226,1,2,9,5,257,7,Low,0,Automated,QC-000171
172,20240227,4,7,6,5,163,7,Low,0,Hybrid,QC-000172
173,20240227,3,6,8,3,68,1,Low,0,Hybrid,QC-000173
174,20240227,3,5,10,9,224,5,Low,0,Hybrid,QC-000174
175,20240228,4,7,8,1,252,4,Low,0,Automated,QC-000175
176,20240228,1,1,17,2,95,3,Low,0,Manual,QC-000176
177,20240228,4,8,7,1,167,3,Low,0,Manual,QC-000177
178,20240229,3,5,12,9,113,1,Low,0,Manual,QC-000178
179,20240229,3,5,13,6,266,4,LOW,0,Automated,QC-000179
180,20240229,3,5,3,1,81,4,Low,0,Automated,QC-000180
181,20240301,2,3,15,4,166,4,Low,0,Hybrid,QC-000181
182,20240301,3,6,13,4,147,2,Low,0,Automated,QC-000182
183,20240301,2,3,11,2,70,1,Low,0,Hybrid,QC-000183
184,20240302,4,7,7,2,146,1,Low,0,Automated,QC-000184
185,20240302,4,7,7,12,236,4,Low,0,Hybrid,QC-000185
186,20240302,3,6,8,2,161,3,Low,0,Manual,QC-000186
187,20240303,1,1,15,3,103,4,Low,0,Manual,QC-000187
188,20240303,4,8,15,5,251,7,Low,0,Hybrid,QC-000188
189,20240303,2,4,1,8,289,12,Low,1,Manual,QC-000189
190,20240304,1,2,7,10,154,3,Low,0,Hybrid,QC-000190
191,20240304,4,8,13,8,290,6,Low,0,Hybrid,QC-000191
192,20240304,2,4,6,2,164,7,Low,0,Manual,QC-000192
193,20240305,3,6,14,10,201,4,Low,0,Hybrid,QC-000193
194,20240305,4,8,4,10,238,6,Low,0,Manual,QC-000194
195,20240305,1,1,7,9,184,4,Low,0,Hybrid,QC-000195
196,20240306,4,8,18,3,175,3,Low,0,Automated,QC-000196
197,20240306,1,1,18,7,173,7,Low,0,Manual,QC-000197
198,20240306,1,2,7,5,154,6,Low,0,Hybrid,QC-000198
199,20240307,1,1,15,2,156,6,Low ,0,Hybrid,QC-000199
200,20240307,4,7,17,12,174,4,Low,0,Automated,QC-000200
201,20240307,4,7,10,11,74,1,Low,0,Automated,QC-000201
202,20240308,2,3,8,6,55,1, Low,0,Hybrid,QC-000202
203,20240308,4,7,18,7,275,3,Low,0,Automated,QC-000203
204,20240308,3,5,15,2,259,5,Low,0,Manual,QC-000204
205,20240309,4,8,16,4,151,1,Low,0,Manual,QC-000205
206,20240309,3,6,1,7,252,9,Low,0,Manual,QC-000206
207,20240309,1,1,15,9,258,9,Low,0,Manual,QC-000207
208,20240310,2,3,4,2,130,6,Low,0,Hybrid,QC-000208
209,20240310,4,7,16,1,253,2,Low,0,Automated,QC-000209
210,20240310,2,3,15,12,119,5,Low,0,Hybrid,QC-000210
211,20240311,2,3,8,3,271,6,LOW,0,Manual,QC-000211
212,20240311,3,5,16,6,82,1,Low,0,Automated,QC-000212
213,20240311,4,8,5,9,78,1,Low,0,Manual,QC-000213
214,20240312,2,3,12,11,168,1,Low,0,Hybrid,QC-000214
215,20240312,2,4,4,11,217,4,Low,0,Manual,QC-000215
216,20240312,4,7,5,2,298,6,Low,0,Manual,QC-000216
217,20240313,4,7,17,3,247,2,low,0,Automated,QC-000217
218,20240313,2,3,12,8,257,4,Low,0,Automated,QC-000218
219,20240313,3,5,11,8,86,2,Low,0,Hybrid,QC-000219
220,20240314,4,8,18,10,206,5,Low,0,Automated,QC-000220
221,20240314,4,8,16,3,157,3,Low,0,Automated,QC-000221
222,20240314,2,4,10,5,269,6,Low,0,Hybrid,QC-000222
223,20240315,4,8,4,10,235,7,Low,0,Automated,QC-000223
224,20240315,3,5,3,2,78,4,Low,0,Manual,QC-000224
225,20240315,2,3,16,2,51,0,Low,0,Hybrid,QC-000225
226,20240316,1,1,13,12,139,2,Low,0,Manual,QC-000226
227,20240316,1,2,10,12,263,3,Low,0,Hybrid,QC-000227
228,20240316,3,5,3,9,263,5,Low,0,Automated,QC-000228
229,20240317,1,2,16,10,290,10,Low,0,Automated,QC-000229
230,20240317,3,5,4,11,288,13,Low,1,Manual,QC-000230
231,20240317,3,6,15,6,243,4,Low,0,Manual,QC-000231
232,20240318,1,1,5,10,276,13,Low,1,Automated,QC-000232
233,20240318,4,7,5,7,255,11,Low,1,Hybrid,QC-000233
234,20240318,3,5,4,11,90,4,Low,0,Automated,QC-000234
235,20240319,1,1,6,6,244,16,Low,1,Manual,QC-000235
236,20240319,4,8,16,9,112,2,Low,0,Manual,QC-000236
237,20240319,4,8,10,11,196,5,Low,0,Hybrid,QC-000237
238,20240320,1,2,8,1,153,2,Low,0,Manual,QC-000238
239,20240320,3,6,4,6,106,4,Low,0,Manual,QC-000239
240,20240320,1,2,2,6,142,3,Low,0,Automated,QC-000240
241,20240321,4,8,2,2,264,9,Low,0,Hybrid,QC-000241
242,20240321,3,5,12,6,194,5,Low,0,Hybrid,QC-000242
243,20240321,1,2,8,8,272,9,Low,0,Hybrid,QC-000243
244,20240322,4,7,16,3,153,1,Low,0,Manual,QC-000244
245,20240322,4,8,17,8,133,2,Low,0,Hybrid,QC-000245
246,20240322,3,6,10,12,281,4,Low,0,Automated,QC-000246
247,20240323,2,3,11,12,257,6,Low,0,Manual,QC-000247
248,20240323,2,3,18,1,103,2,Low,0,Hybrid,QC-000248
249,20240323,2,4,1,12,202,5,Low,0,Automated,QC-000249
250,20240324,3,5,8,5,128,1,Low,0,Manual,QC-000250
251,20240324,4,7,3,12,197,4,Low,0,Manual,QC-000251
252,20240324,2,3,6,7,126,6,Low,0,Automated,QC-000252
253,20240325,2,4,13,8,110,4,Low ,0,Automated,QC-000253
254,20240325,4,8,15,11,138,3,Low,0,Automated,QC-000254
255,20240325,1,2,14,7,59,1,Low,0,Manual,QC-000255
256,20240326,1,1,2,5,187,6,Low,0,Manual,QC-000256
257,20240326,2,3,12,5,193,3,Low,0,Automated,QC-000257
258,20240326,2,4,1,8,131,5,Low,0,Hybrid,QC-000258
259,20240327,3,5,4,3,250,10,Low,0,Automated,QC-000259
260,20240327,2,4,16,1,133,4,Low,0,Automated,QC-000260
261,20240327,2,4,14,9,238,3,Low,0,Hybrid,QC-000261
262,20240328,1,2,9,3,192,5,Low,0,Manual,QC-000262
263,20240328,1,2,9,12,95,2,Low,0,Automated,QC-000263
264,20240328,2,4,6,10,100,7,Low,0,Hybrid,QC-000264
265,20240329,3,5,3,6,290,13,Low,1,Hybrid,QC-000265
266,20240329,1,1,18,1,135,1,Low,0,Automated,QC-000266
267,20240329,3,5,1,9,174,3,Low,0,Hybrid,QC-000267
268,20240330,4,8,16,4,166,4,Low,0,Hybrid,QC-000268
269,20240330,2,4,9,1,276,4,Low,0,Hybrid,QC-000269
270,20240330,2,4,14,7,263,6,Low,0,Hybrid,QC-000270
271,20240331,1,2,7,4,262,8,Low,0,Hybrid,QC-000271
272,20240331,3,6,6,1,175,4,Low,0,Manual,QC-000272
273,20240331,1,2,18,12,63,0,Low,0,Automated,QC-000273
274,20240401,3,6,12,1,239,6,Low,0,Automated,QC-000274
275,20240401,1,2,19,8,254,4,Low,0,Automated,QC-000275
276,20240401,2,4,20,10,152,2,Low,0,Hybrid,QC-000276
277,20240402,2,3,18,7,233,10,Low,0,Hybrid,QC-000277
278,20240402,4,8,19,9,163,2,Low,0,Hybrid,QC-000278
279,20240402,1,2,2,4,164,6,Low,0,Hybrid,QC-000279
280,20240403,3,6,6,12,109,3,Low,0,Automated,QC-000280
281,20240403,2,4,4,2,139,2,Low,0,Automated,QC-000281
282,20240403,4,8,14,11,59,1,Low,0,Manual,QC-000282
283,20240404,1,2,9,10,182,2,Low,0,Hybrid,QC-000283
284,20240404,3,6,7,11,286,3,Low,0,Hybrid,QC-000284
285,20240404,4,7,3,5,170,3,Low,0,Manual,QC-000285
286,20240405,1,2,14,11,227,2,Low,0,Hybrid,QC-000286
287,20240405,4,8,9,6,186,5,Low,0,Hybrid,QC-000287
288,20240405,1,1,5,6,86,3,Low,0,Manual,QC-000288
289,20240406,3,6,8,1,139,3,Low,0,Hybrid,QC-000289
290,20240406,2,4,11,3,105,1,Low,0,Hybrid,QC-000290
291,20240406,4,8,10,3,67,1,Low,0,Hybrid,QC-000291
292,20240407,1,2,14,11,297,4,Low,0,Hybrid,QC-000292
293,20240407,4,7,6,2,193,7,Low,0,Manual,QC-000293
294,20240407,1,2,16,5,220,8,LOW,0,Hybrid,QC-000294
295,20240408,3,6,19,8,195,2,Low,0,Manual,QC-000295
296,20240408,3,5,17,7,177,3,Low,0,Manual,QC-000296
297,20240408,4,8,20,1,254,6,LOW,0,Hybrid,QC-000297
298,20240409,3,5,18,5,295,3,Low,0,Hybrid,QC-000298
299,20240409,2,3,2,7,192,6,Low,0,Manual,QC-000299
300,20240409,4,8,7,11,200,2,Low,0,Manual,QC-000300
301,20240410,2,3,12,12,158,2,Low ,0,Automated,QC-000301
302,20240410,4,8,14,,156,2,Low,0,Hybrid,QC-000302
303,20240410,1,1,14,10,289,5,Low,0,Automated,QC-000303
304,20240411,4,8,20,12,181,2,Low,0,Manual,QC-000304
305,20240411,2,4,18,5,94,2,Low,0,Hybrid,QC-000305
306,20240411,3,5,2,6,167,7,Low,0,Hybrid,QC-000306
307,20240412,4,8,15,7,98,1,Low,0,Manual,QC-000307
308,20240412,1,2,1,3,105,3,Low,0,Automated,QC-000308
309,20240412,4,8,20,7,73,0,Low,0,Manual,QC-000309
310,20240413,2,3,10,7,159,4,Low,0,Manual,QC-000310
311,20240413,1,1,8,3,98,1,Low,0,Automated,QC-000311
312,20240413,4,7,7,1,172,4,Low,0,Manual,QC-000312
313,20240414,2,3,3,11,54,2,Low,0,Hybrid,QC-000313
314,20240414,1,1,17,3,86,2,Low,0,Automated,QC-000314
315,20240414,3,5,6,11,190,6,Low,0,Hybrid,QC-000315
316,20240415,3,6,1,1,119,6,Low,0,Automated,QC-000316
317,20240415,4,7,11,7,143,3,Low,0,Automated,QC-000317
318,20240415,2,3,17,5,210,4,Low,0,Hybrid,QC-000318
319,20240416,1,2,15,3,88,1,Low,0,Manual,QC-000319
320,20240416,2,3,12,5,248,9,Low,0,Automated,QC-000320
321,20240416,2,3,9,4,61,0,Low,0,Automated,QC-000321
322,20240417,2,3,7,2,191,4, Low,0,Hybrid,QC-000322
323,20240417,2,3,13,7,116,5,Low,0,Automated,QC-000323
324,20240417,3,5,14,5,69,2,Low,0,Hybrid,QC-000324
325,20240418,3,6,5,9,68,3,Low,0,Hybrid,QC-000325
326,20240418,1,2,5,4,294,12,Low,1,Manual,QC-000326
327,20240418,4,7,15,2,169,2,Low,0,Manual,QC-000327
328,20240419,3,6,9,8,274,4,Low,0,Manual,QC-000328
329,20240419,4,8,3,3,138,6,Low,0,Hybrid,QC-000329
330,20240419,2,4,11,5,100,1,Low,0,Manual,QC-000330
331,20240420,2,4,4,12,243,10,Low,0,Manual,QC-000331
332,20240420,3,5,8,5,62,1,Low,0,Automated,QC-000332
333,20240420,1,1,20,5,228,5,Low,0,Manual,QC-000333
334,20240421,4,7,2,9,65,2,Low,0,Automated,QC-000334
335,20240421,4,7,15,7,197,4,Low,0,Manual,QC-000335
336,20240421,2,4,10,11,142,3,Low,0,Automated,QC-000336
337,20240422,1,2,17,6,290,5,Low,0,Hybrid,QC-000337
338,20240422,1,1,14,4,162,6,Low,0,Hybrid,QC-000338
339,20240422,2,4,15,6,129,4,Low,0,Manual,QC-000339
340,20240423,1,2,1,10,217,11,Low,1,Hybrid,QC-000340
341,20240423,4,8,9,3,151,4,Low,0,Hybrid,QC-000341
342,20240423,3,5,9,11,153,2,Low,0,Manual,QC-000342
343,20240424,2,4,15,6,103,2,Low,0,Hybrid,QC-000343
344,20240424,1,1,12,9,206,5,Low,0,Manual,QC-000344
345,20240424,2,4,17,11,151,6,Low,0,Manual,QC-000345
346,20240425,2,3,20,6,299,3,Low,0,Hybrid,QC-000346
347,20240425,2,4,9,5,201,5,Low,0,Manual,QC-000347
348,20240425,3,5,15,9,278,6,Low,0,Hybrid,QC-000348
349,20240426,4,7,17,8,58,1,Low,0,Automated,QC-000349
350,20240426,1,2,14,7,182,4,Low,0,Automated,QC-000350
351,20240426,3,6,1,1,220,5,Low,0,Manual,QC-000351
352,20240427,3,6,11,8,90,1,Low,0,Manual,QC-000352
353,20240427,4,8,6,4,185,6,Low,0,Automated,QC-000353
354,20240427,2,4,8,3,71,2,Low,0,Automated,QC-000354
355,20240428,2,4,7,6,93,1,Low,0,Hybrid,QC-000355
356,20240428,1,1,5,3,74,2,Low,0,Hybrid,QC-000356
357,20240428,1,2,13,5,86,2,Low,0,Hybrid,QC-000357
358,20240429,4,8,6,9,95,3,Low,0,Hybrid,QC-000358
359,20240429,3,6,4,7,134,2,Low,0,Manual,QC-000359
360,20240429,3,6,6,4,50,1,Low,0,Hybrid,QC-000360
361,20240430,2,3,18,1,224,3,Low,0,Hybrid,QC-000361
362,20240430,1,2,18,5,103,1,Low,0,Manual,QC-000362
363,20240430,1,1,9,4,89,2,Low,0,Manual,QC-000363
364,20240501,4,7,19,6,203,2,Low,0,Automated,QC-000364
365,20240501,4,7,20,10,168,2,Low,0,Manual,QC-000365
366,20240501,4,7,3,7,212,9,LOW,0,Hybrid,QC-000366
367,20240502,1,2,19,5,158,6,Low,0,Hybrid,QC-000367
368,20240502,2,3,12,8,291,3,LOW,0,Hybrid,QC-000368
369,20240502,3,5,7,1,185,2,Low,0,Automated,QC-000369
370,20240503,3,5,1,12,281,11,Low,1,Automated,QC-000370
371,20240503,1,1,7,6,69,1,Low,0,Manual,QC-000371
372,20240503,2,4,3,7,198,5,Low,0,Automated,QC-000372
373,20240504,2,4,11,6,93,2,Low,0,Automated,QC-000373
374,20240504,3,6,17,7,237,3,Low,0,Hybrid,QC-000374
375,20240504,4,7,1,3,164,6,Low,0,Manual,QC-000375
376,20240505,3,6,2,4,294,8,Low,0,Automated,QC-000376
377,20240505,1,2,14,5,295,4,Low,0,Automated,QC-000377
378,20240505,3,6,9,1,135,2,Low,0,Hybrid,QC-000378
379,20240506,4,8,16,7,204,4,Low,0,Hybrid,QC-000379
380,20240506,3,5,8,4,245,4,Low,0,Manual,QC-000380
381,20240506,1,1,2,5,108,4,Low,0,Manual,QC-000381
382,20240507,2,3,13,7,199,2,Low,0,Automated,QC-000382
383,20240507,2,3,6,3,261,7, Low,0,Manual,QC-000383
384,20240507,4,8,10,4,256,6,Low,0,Manual,QC-000384
385,20240508,3,5,13,11,216,2,Low,0,Manual,QC-000385
386,20240508,4,8,7,8,167,3,Low,0,Hybrid,QC-000386
387,20240508,1,1,3,5,204,6,Low,0,Automated,QC-000387
388,20240509,1,2,16,7,252,4,Low,0,Hybrid,QC-000388
389,20240509,2,3,10,5,50,1,Low,0,Manual,QC-000389
390,20240509,2,3,15,8,262,2,Low,0,Automated,QC-000390
391,20240510,1,2,8,6,153,4,Low,0,Manual,QC-000391
392,20240510,1,2,7,9,151,3,Low,0,Hybrid,QC-000392
393,20240510,4,8,17,4,110,1,Low,0,Automated,QC-000393
394,20240511,2,3,19,7,73,0,Low,0,Hybrid,QC-000394
395,20240511,2,3,3,11,183,7,Low,0,Manual,QC-000395
396,20240511,1,1,8,11,78,1,Low,0,Hybrid,QC-000396
397,20240512,1,2,3,8,82,1,Low,0,Manual,QC-000397
398,20240512,1,1,14,6,285,7,Low,0,Manual,QC-000398
399,20240512,2,3,5,2,223,10,Low,0,Automated,QC-000399
400,20240513,3,5,15,11,172,2,Low,0,Automated,QC-000400
401,20240513,3,5,6,5,53,1,Low,0,Manual,QC-000401
402,20240513,3,5,5,3,167,3,Low,0,Hybrid,QC-000402
403,20240514,4,8,7,3,294,5,Low,0,Hybrid,QC-000403
404,20240514,3,5,6,1,190,4,Low,0,Automated,QC-000404
405,20240514,1,1,17,3,108,4,Low,0,Automated,QC-000405
406,20240515,3,5,1,9,67,2,Low,0,Hybrid,QC-000406
407,20240515,2,3,6,7,57,1,Low,0,Automated,QC-000407
408,20240515,3,5,7,9,148,2,Low,0,Manual,QC-000408
409,20240516,3,5,16,1,194,3,Low,0,Manual,QC-000409
410,20240516,4,7,20,7,270,6, Low,0,Manual,QC-000410
411,20240516,2,3,14,6,232,2,Low,0,Manual,QC-000411
412,20240517,2,4,17,10,111,2,Low,0,Manual,QC-000412
413,20240517,4,7,3,4,283,12,Low,1,Automated,QC-000413
414,20240517,4,7,1,9,139,7,Low,0,Hybrid,QC-000414
415,20240518,1,2,16,2,235,8,Low,0,Hybrid,QC-000415
416,20240518,2,4,7,5,84,2,Low,0,Hybrid,QC-000416
417,20240518,2,3,16,7,256,4,Low,0,Manual,QC-000417
418,20240519,2,4,9,10,67,1,Low,0,Automated,QC-000418
419,20240519,1,1,6,9,229,17,Low,1,Manual,QC-000419
420,20240519,4,7,4,12,121,4,Low,0,Hybrid,QC-000420
421,20240520,2,3,12,10,166,3,Low,0,Automated,QC-000421
422,20240520,1,2,2,5,201,9,Low,0,Hybrid,QC-000422
423,20240520,4,8,13,10,276,3,Low,0,Manual,QC-000423
424,20240521,3,6,10,6,143,1,Low,0,Hybrid,QC-000424
425,20240521,2,3,5,6,290,10,Low,0,Hybrid,QC-000425
426,20240521,2,4,17,11,249,4,Low,0,Automated,QC-000426
427,20240522,2,4,5,4,265,18,Low,1,Hybrid,QC-000427
428,20240522,4,8,13,1,149,1,Low,0,Automated,QC-000428
429,20240522,4,7,10,10,209,5,Low,0,Manual,QC-000429
430,20240523,4,7,5,5,145,7,Low,0,Automated,QC-000430
431,20240523,1,2,9,9,184,4,Low,0,Manual,QC-000431
432,20240523,2,3,12,6,257,10,Low,0,Manual,QC-000432
433,20240524,1,1,18,6,255,4,Low,0,Manual,QC-000433
434,20240524,4,7,10,7,298,4,Low,0,Hybrid,QC-000434
435,20240524,2,4,6,3,220,10,Low,0,Manual,QC-000435
436,20240525,2,4,19,8,190,6,Low,0,Hybrid,QC-000436
437,20240525,4,8,18,8,69,1,Low ,0,Automated,QC-000437
438,20240525,3,6,12,4,150,2,Low,0,Automated,QC-000438
439,20240526,3,6,7,7,226,5,Low,0,Hybrid,QC-000439
440,20240526,3,6,4,2,222,5,Low,0,Hybrid,QC-000440
441,20240526,3,5,6,11,294,10,Low,0,Automated,QC-000441
442,20240527,2,3,14,8,271,5,Low,0,Manual,QC-000442
443,20240527,4,7,11,7,194,2,Low,0,Automated,QC-000443
444,20240527,3,5,20,2,233,4,Low,0,Automated,QC-000444
445,20240528,2,3,2,8,117,4,Low,0,Manual,QC-000445
446,20240528,3,5,11,9,252,4,Low,0,Automated,QC-000446
447,20240528,1,1,18,5,66,1,Low,0,Hybrid,QC-000447
448,20240529,1,2,8,8,264,5,Low,0,Hybrid,QC-000448
449,20240529,1,2,6,4,216,3,Low,0,Hybrid,QC-000449
450,20240529,4,7,7,1,123,3,Low,0,Hybrid,QC-000450
451,20240530,3,5,13,11,76,1,Low,0,Hybrid,QC-000451
452,20240530,1,1,6,6,92,3,Low,0,Automated,QC-000452
453,20240530,3,5,16,6,290,8,Low,0,Automated,QC-000453
454,20240531,4,8,1,2,231,12,Low,1,Automated,QC-000454
455,20240531,4,8,11,10,184,3,Low,0,Hybrid,QC-000455
456,20240531,2,4,19,12,298,7,Low,0,Hybrid,QC-000456
457,20240601,1,2,16,2,162,3,Low,0,Automated,QC-000457
458,20240601,1,1,12,7,267,3,Low,0,Automated,QC-000458
459,20240601,4,8,14,9,124,2,Low,0,Hybrid,QC-000459
460,20240602,4,7,16,6,148,1,Low,0,Hybrid,QC-000460
461,20240602,2,4,5,9,237,7,Low,0,Hybrid,QC-000461
462,20240602,2,3,9,8,202,4,Low,0,Automated,QC-000462
463,20240603,2,4,2,10,210,7,Low,0,Hybrid,QC-000463
464,20240603,2,3,5,6,231,11,Low,1,Automated,QC-000464
465,20240603,2,3,6,10,121,5,Low,0,Hybrid,QC-000465
466,20240604,2,4,2,8,202,6,Low,0,Manual,QC-000466
467,20240604,1,1,16,8,240,2,Low,0,Manual,QC-000467
468,20240604,3,6,19,11,101,1,Low,0,Hybrid,QC-000468
469,20240605,4,8,19,10,283,4,Low,0,Hybrid,QC-000469
470,20240605,2,3,14,8,95,1,low,0,Hybrid,QC-000470
471,20240605,2,4,10,12,189,4,Low,0,Manual,QC-000471
472,20240606,3,5,10,9,219,4,Low,0,Manual,QC-000472
473,20240606,4,7,4,9,189,7,Low,0,Automated,QC-000473
474,20240606,3,6,2,5,186,6,Low,0,Manual,QC-000474
475,20240607,4,7,20,9,241,4,Low,0,Automated,QC-000475
476,20240607,4,7,17,12,94,0,Low,0,Hybrid,QC-000476
477,20240607,2,4,10,2,130,3,Low,0,Manual,QC-000477
478,20240608,3,6,19,2,86,2,Low,0,Hybrid,QC-000478
479,20240608,1,1,9,11,124,2,Low,0,Manual,QC-000479
480,20240608,3,6,9,10,160,1,Low,0,Hybrid,QC-000480
481,20240609,3,5,5,5,172,6,Low,0,Manual,QC-000481
482,20240609,1,1,9,10,178,4,Low,0,Automated,QC-000482
483,20240609,4,7,20,12,296,7,Low,0,Hybrid,QC-000483
484,20240610,4,7,12,3,159,1,Low,0,Hybrid,QC-000484
485,20240610,3,5,18,5,70,1,Low,0,Hybrid,QC-000485
486,20240610,1,1,11,3,154,4,Low,0,Hybrid,QC-000486
487,20240611,1,1,9,3,273,4,Low,0,Automated,QC-000487
488,20240611,3,5,12,12,122,3,Low,0,Hybrid,QC-000488
489,20240611,2,4,8,11,99,2,Low,0,Hybrid,QC-000489
490,20240612,3,6,2,10,278,9,Low,0,Manual,QC-000490
491,20240612,4,7,2,8,184,7,Low,0,Automated,QC-000491
492,20240612,2,4,3,12,64,2,Low,0,Hybrid,QC-000492
493,20240613,4,8,17,7,122,3,Low,0,Hybrid,QC-000493
494,20240613,2,3,15,4,90,1,Low,0,Manual,QC-000494
495,20240613,2,3,6,7,247,5,Low,0,Automated,QC-000495
496,20240614,3,5,14,6,161,3,Low,0,Automated,QC-000496
497,20240614,4,8,8,8,201,2,Low,0,Manual,QC-000497
498,20240614,2,4,14,2,160,2,Low,0,Hybrid,QC-000498
499,20240615,2,4,17,4,153,4,Low,0,Automated,QC-000499
500,20240615,1,2,13,4,258,7,Low,0,Manual,QC-000500
501,20240615,3,5,7,4,92,2,Low,0,Manual,QC-000501
502,20240616,4,7,7,4,178,2,Low,0,Automated,QC-000502
503,20240616,3,5,3,3,58,1,Low,0,Manual,QC-000503
504,20240616,3,5,12,6,120,2,Low,0,Automated,QC-000504
505,20240617,1,1,18,2,251,8,Low,0,Manual,QC-000505
506,20240617,3,5,8,3,220,4,Low,0,Automated,QC-000506
507,20240617,4,8,10,3,101,1,Low,0,Manual,QC-000507
508,20240618,4,7,5,10,141,5,Low,0,Manual,QC-000508
509,20240618,4,8,9,4,244,2,Low,0,Manual,QC-000509
510,20240618,4,8,12,1,289,7,Low,0,Manual,QC-000510
511,20240619,2,4,14,2,112,2,Low,0,Hybrid,QC-000511
512,20240619,4,8,18,5,203,3,Low,0,Manual,QC-000512
513,20240619,2,3,4,2,167,10,Low,0,Hybrid,QC-000513
514,20240620,3,6,8,2,195,4,Low,0,Hybrid,QC-000514
515,20240620,1,1,3,6,272,12,Low,1,Manual,QC-000515
516,20240620,2,3,9,7,268,6,Low,0,Automated,QC-000516
517,20240621,1,2,12,8,173,6,Low,0,Automated,QC-000517
518,20240621,4,7,9,8,211,4,Low,0,Automated,QC-000518
519,20240621,3,5,16,8,88,0,Low,0,Hybrid,QC-000519
520,20240622,1,2,3,7,73,3,Low,0,Automated,QC-000520
521,20240622,4,7,16,3,87,2,Low,0,Hybrid,QC-000521
522,20240622,3,6,19,2,252,6,Low,0,Hybrid,QC-000522
523,20240623,1,1,10,2,130,3,Low,0,Automated,QC-000523
524,20240623,1,2,11,1,259,4,Low,0,Manual,QC-000524
525,20240623,3,6,8,10,249,5,Low,0,Hybrid,QC-000525
526,20240624,4,7,19,10,130,2,Low,0,Hybrid,QC-000526
527,20240624,1,1,18,6,123,1,Low,0,Hybrid,QC-000527
528,20240624,2,4,14,10,234,2,Low,0,Manual,QC-000528
529,20240625,2,3,16,10,188,3,Low,0,Automated,QC-000529
530,20240625,2,4,9,12,207,3,Low,0,Automated,QC-000530
531,20240625,3,5,7,11,278,6,Low,0,Hybrid,QC-000531
532,20240626,2,3,17,6,244,10,Low,0,Automated,QC-000532
533,20240626,2,4,19,2,246,10,Low,0,Hybrid,QC-000533
534,20240626,4,8,15,10,216,2,Low,0,Hybrid,QC-000534
535,20240627,1,1,11,2,243,6,Low,0,Hybrid,QC-000535
536,20240627,1,1,4,11,281,13,Low,1,Automated,QC-000536
537,20240627,4,8,17,12,139,1,Low,0,Manual,QC-000537
538,20240628,4,7,2,2,257,12,Low,1,Manual,QC-000538
539,20240628,4,7,18,9,59,1,Low,0,Hybrid,QC-000539
540,20240628,1,2,13,9,142,4,Low,0,Manual,QC-000540
541,20240629,4,8,2,2,81,3,Low,0,Manual,QC-000541
542,20240629,3,5,19,4,236,6,Low,0,Manual,QC-000542
543,20240629,1,2,9,2,69,0,Low,0,Hybrid,QC-000543
544,20240630,2,4,18,12,97,4,Low,0,Hybrid,QC-000544
545,20240630,3,5,8,7,68,1,Low,0,Automated,QC-000545
546,20240630,2,4,7,3,104,2,Low,0,Manual,QC-000546
547,20240701,4,8,8,11,218,2,Low,0,Manual,QC-000547
548,20240701,1,1,9,11,157,3,Low,0,Automated,QC-000548
549,20240701,2,3,3,4,268,8,Low,0,Manual,QC-000549
550,20240702,3,6,8,7,174,2,Low,0,Hybrid,QC-000550
551,20240702,1,1,3,2,113,4,Low,0,Manual,QC-000551
552,20240702,4,8,6,7,272,4,Low,0,Automated,QC-000552
553,20240703,1,1,1,5,69,3,Low,0,Automated,QC-000553
554,20240703,3,5,13,4,180,2,Low,0,Automated,QC-000554
555,20240703,1,2,17,10,94,3,Low,0,Manual,QC-000555
556,20240704,4,8,13,12,226,2,Low,0,Manual,QC-000556
557,20240704,1,2,19,9,274,6,Low,0,Automated,QC-000557
558,20240704,3,5,6,10,61,2,Low,0,Hybrid,QC-000558
559,20240705,2,3,14,12,86,1,Low,0,Automated,QC-000559
560,20240705,4,7,19,4,232,6,Low,0,Manual,QC-000560
561,20240705,1,2,5,8,81,3,Low,0,Automated,QC-000561
562,20240706,2,4,13,3,207,3,Low,0,Automated,QC-000562
563,20240706,4,8,16,11,53,0,Low,0,Hybrid,QC-000563
564,20240706,4,7,16,4,134,1,Low,0,Manual,QC-000564
565,20240707,3,5,2,1,237,10,Low,0,Manual,QC-000565
566,20240707,2,4,11,11,178,5,Low,0,Hybrid,QC-000566
567,20240707,4,7,14,8,217,6,Low,0,Hybrid,QC-000567
568,20240708,4,8,10,4,107,2,Low,0,Automated,QC-000568
569,20240708,2,3,19,3,97,1,Low,0,Hybrid,QC-000569
570,20240708,4,7,16,3,242,7,Low,0,Manual,QC-000570
571,20240709,3,6,13,6,251,3,Low,0,Automated,QC-000571
572,20240709,1,1,8,8,184,5,Low,0,Automated,QC-000572
573,20240709,3,5,19,4,247,5,Low,0,Manual,QC-000573
574,20240710,1,2,6,9,175,7,Low,0,Hybrid,QC-000574
575,20240710,2,3,3,5,244,11,Low,1,Manual,QC-000575
576,20240710,2,3,17,6,227,9,Low,0,Automated,QC-000576
577,20240711,4,8,11,12,185,5,Low,0,Manual,QC-000577
578,20240711,1,2,20,4,106,2,Low,0,Automated,QC-000578
579,20240711,2,3,20,6,140,3,Low,0,Hybrid,QC-000579
580,20240712,3,5,4,1,83,4,Low,0,Hybrid,QC-000580
581,20240712,1,2,19,6,234,6,Low,0,Automated,QC-000581
582,20240712,2,3,8,4,104,2,Low,0,Automated,QC-000582
583,20240713,3,6,3,1,169,5,Low,0,Manual,QC-000583
584,20240713,1,1,5,11,253,5,Low,0,Hybrid,QC-000584
585,20240713,2,4,11,6,123,3,Low,0,Manual,QC-000585
586,20240714,4,7,9,10,127,3,Low,0,Automated,QC-000586
587,20240714,1,1,6,1,68,2,Low,0,Automated,QC-000587
588,20240714,1,2,15,8,298,4,LOW,0,Hybrid,QC-000588
589,20240715,1,2,4,6,257,9,Low,0,Manual,QC-000589
590,20240715,4,8,4,12,170,7,Low,0,Hybrid,QC-000590
591,20240715,3,6,4,1,97,4,Low,0,Manual,QC-000591
592,20240716,3,6,1,11,185,8,Low ,0,Automated,QC-000592
593,20240716,3,6,8,8,59,1,Low,0,Manual,QC-000593
594,20240716,2,3,3,2,191,9,Low,0,Hybrid,QC-000594
595,20240717,1,2,6,4,69,2,Low,0,Manual,QC-000595
596,20240717,2,3,9,4,112,3,Low,0,Automated,QC-000596
597,20240717,3,5,13,12,265,2,Low,0,Hybrid,QC-000597
598,20240718,1,2,19,10,161,3,Low,0,Manual,QC-000598
599,20240718,2,3,6,11,97,3,Low,0,Hybrid,QC-000599
600,20240718,2,4,4,5,298,8,Low,0,Manual,QC-000600
601,20240719,4,8,18,12,171,3,Low,0,Manual,QC-000601
602,20240719,4,8,12,9,152,2,Low,0,Hybrid,QC-000602
603,20240719,1,2,7,11,128,2,Low,0,Automated,QC-000603
604,20240720,1,2,3,11,246,11,Low,1,Manual,QC-000604
605,20240720,1,1,11,8,115,2,Low,0,Manual,QC-000605
606,20240720,2,4,4,5,168,5,Low,0,Automated,QC-000606
607,20240721,2,4,20,4,249,6,Low,0,Automated,QC-000607
608,20240721,1,1,16,8,93,1,Low,0,Hybrid,QC-000608
609,20240721,3,6,2,8,150,6,Low,0,Manual,QC-000609
610,20240722,1,1,16,10,171,5,Low,0,Hybrid,QC-000610
611,20240722,2,4,8,,122,2,Low,0,Hybrid,QC-000611
612,20240722,1,1,13,1,172,5,Low,0,Manual,QC-000612
613,20240723,3,6,10,12,67,1,Low,0,Automated,QC-000613
614,20240723,1,2,1,11,232,5,Low,0,Manual,QC-000614
615,20240723,4,8,19,10,194,5,Low,0,Manual,QC-000615
616,20240724,2,4,2,4,73,4,Low,0,Manual,QC-000616
617,20240724,4,7,13,2,120,1,Low,0,Automated,QC-000617
618,20240724,3,6,14,2,85,2,Low,0,Automated,QC-000618
619,20240725,2,4,15,11,136,3,Low,0,Manual,QC-000619
620,20240725,4,7,12,11,116,2,Low,0,Automated,QC-000620
621,20240725,4,8,2,10,186,7,Low,0,Hybrid,QC-000621
622,20240726,4,7,14,1,125,2,low,0,Hybrid,QC-000622
623,20240726,2,3,16,11,135,3,Low,0,Hybrid,QC-000623
624,20240726,2,4,12,11,264,4,Low,0,Manual,QC-000624
625,20240727,4,7,1,12,156,5,Low,0,Hybrid,QC-000625
626,20240727,2,3,6,3,216,5,Low,0,Manual,QC-000626
627,20240727,1,2,15,6,275,2,Low,0,Hybrid,QC-000627
628,20240728,1,2,10,4,187,8,Low,0,Manual,QC-000628
629,20240728,2,4,5,4,195,6,Low,0,Hybrid,QC-000629
630,20240728,4,7,12,10,59,0,Low,0,Automated,QC-000630
631,20240729,1,2,16,10,190,5,Low,0,Manual,QC-000631
632,20240729,4,7,18,12,69,0,Low,0,Hybrid,QC-000632
633,20240729,4,7,13,7,247,3,Low,0,Automated,QC-000633
634,20240730,4,8,13,6,213,4,Low,0,Automated,QC-000634
635,20240730,2,3,11,2,136,3,Low,0,Hybrid,QC-000635
636,20240730,2,3,1,5,293,18,Low,1,Manual,QC-000636
637,20240731,1,1,3,10,170,6,Low,0,Manual,QC-000637
638,20240731,3,5,16,1,146,3,Low,0,Automated,QC-000638
639,20240731,1,1,19,7,195,3,Low,0,Automated,QC-000639
640,20240801,4,7,12,7,280,6,Low,0,Manual,QC-000640
641,20240801,4,8,17,8,78,0,Low,0,Manual,QC-000641
642,20240801,3,5,13,10,243,6,Low,0,Hybrid,QC-000642
643,20240802,1,1,9,5,295,7,Low,0,Hybrid,QC-000643
644,20240802,4,8,7,4,96,1,Low,0,Manual,QC-000644
645,20240802,3,6,10,5,299,7,Low,0,Manual,QC-000645
646,20240803,4,8,12,8,274,5,Low,0,Hybrid,QC-000646
647,20240803,3,5,20,7,71,0,Low,0,Hybrid,QC-000647
648,20240803,4,7,5,4,64,2,Low,0,Manual,QC-000648
649,20240804,3,5,7,6,106,1,Low,0,Hybrid,QC-000649
650,20240804,2,3,14,1,275,11,Low,1,Automated,QC-000650
651,20240804,4,8,18,6,112,1,Low ,0,Automated,QC-000651
652,20240805,1,1,2,7,200,14,Low,1,Hybrid,QC-000652
653,20240805,1,1,6,9,225,8,Low,0,Manual,QC-000653
654,20240805,2,3,8,10,141,1,Low,0,Automated,QC-000654
655,20240806,1,1,6,2,176,10,Low,0,Hybrid,QC-000655
656,20240806,2,4,12,5,59,1,Low,0,Hybrid,QC-000656
657,20240806,4,8,10,2,159,1,low,0,Manual,QC-000657
658,20240807,1,2,2,7,274,13,Low,1,Manual,QC-000658
659,20240807,2,4,10,10,242,7,Low,0,Hybrid,QC-000659
660,20240807,3,6,12,7,82,2,Low,0,Hybrid,QC-000660
661,20240808,2,4,3,12,296,20,Medium,1,Automated,QC-000661
662,20240808,3,5,9,10,210,5,Low,0,Hybrid,QC-000662
663,20240808,3,5,17,6,191,5,Low,0,Hybrid,QC-000663
664,20240809,2,3,7,10,77,3,Low,0,Manual,QC-000664
665,20240809,3,6,6,7,231,9,Low,0,Automated,QC-000665
666,20240809,4,8,19,12,231,4,Low,0,Hybrid,QC-000666
667,20240810,1,2,11,12,164,4,Low,0,Manual,QC-000667
668,20240810,3,5,1,6,170,8,Low,0,Manual,QC-000668
669,20240810,4,7,18,1,292,3,Low,0,Manual,QC-000669
670,20240811,2,3,4,1,107,3,Low,0,Automated,QC-000670
671,20240811,2,4,16,10,65,2,Low,0,Manual,QC-000671
672,20240811,2,4,20,6,50,1,Low,0,Hybrid,QC-000672
673,20240812,3,6,19,1,198,5,Low,0,Automated,QC-000673
674,20240812,2,4,11,9,75,2,Low,0,Automated,QC-000674
675,20240812,1,2,1,2,231,6,Low,0,Automated,QC-000675
676,20240813,4,8,3,2,140,4,Low,0,Automated,QC-000676
677,20240813,2,3,16,3,203,3,Low,0,Manual,QC-000677
678,20240813,3,5,3,9,50,1,Low,0,Manual,QC-000678
679,20240814,3,6,18,1,273,3,Low,0,Automated,QC-000679
680,20240814,2,3,1,3,198,9,Low,0,Manual,QC-000680
681,20240814,4,8,1,4,281,5,Low,0,Automated,QC-000681
682,20240815,1,2,9,4,297,6,Low,0,Manual,QC-000682
683,20240815,3,5,14,3,186,4,Low,0,Manual,QC-000683
684,20240815,4,7,7,4,146,2,Low,0,Hybrid,QC-000684
685,20240816,3,5,16,6,105,3,Low,0,Automated,QC-000685
686,20240816,2,3,10,4,279,6,Low,0,Automated,QC-000686
687,20240816,2,3,15,12,245,2,Low,0,Automated,QC-000687
688,20240817,1,1,17,4,267,7,Low,0,Automated,QC-000688
689,20240817,1,2,20,7,233,4,Low,0,Automated,QC-000689
690,20240817,2,3,7,1,59,1,Low,0,Manual,QC-000690
691,20240818,4,8,12,10,132,2,Low,0,Manual,QC-000691
692,20240818,4,7,17,5,79,0,Low,0,Automated,QC-000692
693,20240818,2,4,6,6,260,5,Low,0,Hybrid,QC-000693
694,20240819,2,4,6,5,135,3,Low,0,Hybrid,QC-000694
695,20240819,4,8,18,4,109,3,Low,0,Automated,QC-000695
696,20240819,2,4,10,9,113,1,Low,0,Hybrid,QC-000696
697,20240820,3,5,19,6,286,4,Low,0,Hybrid,QC-000697
698,20240820,3,6,5,10,225,5,Low,0,Automated,QC-000698
699,20240820,1,1,15,9,261,4,Low,0,Hybrid,QC-000699
700,20240821,3,6,6,4,252,5,Low,0,Hybrid,QC-000700
701,20240821,1,2,14,4,217,7,Low,0,Hybrid,QC-000701
702,20240821,2,4,6,3,221,16,Low,1,Manual,QC-000702
703,20240822,1,1,1,12,144,7,Low,0,Automated,QC-000703
704,20240822,1,1,7,2,274,4,Low,0,Automated,QC-000704
705,20240822,2,4,6,2,98,7,Low,0,Manual,QC-000705
706,20240823,3,5,9,3,74,2,Low,0,Hybrid,QC-000706
707,20240823,3,5,4,5,58,2,Low,0,Manual,QC-000707
708,20240823,4,7,6,11,200,9,Low,0,Automated,QC-000708
709,20240824,2,3,11,3,204,5,Low,0,Automated,QC-000709
710,20240824,4,8,8,4,54,0,Low,0,Automated,QC-000710
711,20240824,4,8,7,5,116,1,Low,0,Automated,QC-000711
712,20240825,1,1,15,10,204,4,Low,0,Automated,QC-000712
713,20240825,4,8,4,4,235,10,Low,0,Manual,QC-000713
714,20240825,3,6,5,12,278,12,Low,1,Manual,QC-000714
715,20240826,1,2,10,6,231,8,Low,0,Hybrid,QC-000715
716,20240826,2,4,18,6,125,3,Low,0,Manual,QC-000716
717,20240826,2,4,20,12,175,3,Low,0,Hybrid,QC-000717
718,20240827,2,4,5,10,297,10,Low,0,Hybrid,QC-000718
719,20240827,3,5,7,10,263,3,Low,0,Manual,QC-000719
720,20240827,2,3,20,6,145,1,Low,0,Hybrid,QC-000720
721,20240828,4,8,13,6,142,4,Low,0,Automated,QC-000721
722,20240828,4,7,15,3,261,5,Low,0,Manual,QC-000722
723,20240828,1,1,4,6,213,6,Low,0,Automated,QC-000723
724,20240829,3,6,8,4,188,2,low,0,Automated,QC-000724
725,20240829,1,1,9,8,287,3,Low,0,Automated,QC-000725
726,20240829,3,5,8,2,256,4,Low,0,Hybrid,QC-000726
727,20240830,2,4,10,7,255,6,Low,0,Manual,QC-000727
728,20240830,2,4,1,1,272,14,Low,1,Automated,QC-000728
729,20240830,1,2,4,4,119,5,Low,0,Manual,QC-000729
730,20240831,4,8,1,1,101,2,Low,0,Hybrid,QC-000730
731,20240831,3,6,17,3,117,2,Low,0,Hybrid,QC-000731
732,20240831,1,1,15,12,70,1,Low,0,Manual,QC-000732
733,20240901,1,1,13,1,145,3,Low ,0,Manual,QC-000733
734,20240901,2,3,14,5,249,4,Low,0,Hybrid,QC-000734
735,20240901,3,5,12,5,163,2,Low,0,Manual,QC-000735
736,20240902,3,5,9,11,178,2,Low ,0,Automated,QC-000736
737,20240902,3,5,3,3,84,2,Low,0,Manual,QC-000737
738,20240902,3,6,18,5,211,2,Low,0,Automated,QC-000738
739,20240903,4,8,15,12,148,3,Low,0,Manual,QC-000739
740,20240903,4,7,1,9,195,4,Low,0,Hybrid,QC-000740
741,20240903,3,6,11,9,152,3,Low,0,Hybrid,QC-000741
742,20240904,3,6,7,5,141,3,Low,0,Manual,QC-000742
743,20240904,4,7,17,12,98,1,Low,0,Manual,QC-000743
744,20240904,1,1,19,9,224,8,Low,0,Automated,QC-000744
745,20240905,4,7,6,12,122,3,Low,0,Hybrid,QC-000745
746,20240905,1,1,5,5,265,8,Low,0,Hybrid,QC-000746
747,20240905,2,4,9,11,117,3,Low,0,Manual,QC-000747
748,20240906,2,3,11,5,248,6,Low,0,Manual,QC-000748
749,20240906,4,7,2,9,69,2,Low,0,Hybrid,QC-000749
750,20240906,2,4,1,5,298,11,Low,1,Automated,QC-000750
751,20240907,2,3,20,8,57,1,Low,0,Automated,QC-000751
752,20240907,2,3,14,2,93,1,Low,0,Hybrid,QC-000752
753,20240907,1,1,1,9,120,3,Low,0,Manual,QC-000753
754,20240908,4,7,11,4,239,5,Low,0,Hybrid,QC-000754
755,20240908,3,5,2,9,289,6,Low,0,Automated,QC-000755
756,20240908,1,2,20,5,262,2,Low,0,Automated,QC-000756
757,20240909,1,2,7,5,209,3,Low,0,Manual,QC-000757
758,20240909,2,4,10,4,208,2,Low,0,Hybrid,QC-000758
759,20240909,1,1,12,1,59,0,Low,0,Automated,QC-000759
760,20240910,1,2,5,1,159,4,Low,0,Automated,QC-000760
761,20240910,2,4,6,5,282,12,Low,1,Hybrid,QC-000761
762,20240910,1,1,6,5,259,9,Low,0,Manual,QC-000762
763,20240911,2,4,8,4,229,2,Low,0,Automated,QC-000763
764,20240911,1,2,14,3,96,2,Low,0,Manual,QC-000764
765,20240911,1,1,9,7,97,2,Low,0,Automated,QC-000765
766,20240912,4,8,15,6,225,3,Low,0,Manual,QC-000766
767,20240912,2,3,3,4,202,8,Low,0,Manual,QC-000767
768,20240912,3,5,3,6,197,9,LOW,0,Hybrid,QC-000768
769,20240913,2,4,2,7,226,17,Low,1,Automated,QC-000769
770,20240913,1,2,14,1,243,3,Low,0,Manual,QC-000770
771,20240913,2,3,1,10,146,7,Low,0,Hybrid,QC-000771
772,20240914,1,2,6,7,245,10,Low,0,Automated,QC-000772
773,20240914,3,5,4,9,225,8,Low,0,Manual,QC-000773
774,20240914,1,1,11,8,150,4,Low,0,Manual,QC-000774
775,20240915,4,8,20,3,165,4,Low,0,Hybrid,QC-000775
776,20240915,2,3,12,10,172,3,Low,0,Manual,QC-000776
777,20240915,1,2,7,5,162,2,Low,0,Manual,QC-000777
778,20240916,4,8,20,12,121,3,Low ,0,Automated,QC-000778
779,20240916,3,5,15,4,147,3,Low,0,Automated,QC-000779
780,20240916,2,4,17,7,109,2,Low,0,Automated,QC-000780
781,20240917,1,1,4,11,139,6,Low,0,Hybrid,QC-000781
782,20240917,4,7,16,4,264,5,Low,0,Automated,QC-000782
783,20240917,2,3,6,3,170,8,Low,0,Hybrid,QC-000783
784,20240918,2,4,10,11,128,1,Low,0,Hybrid,QC-000784
785,20240918,2,3,20,8,117,2,Low,0,Hybrid,QC-000785
786,20240918,3,5,3,9,115,4,Low,0,Manual,QC-000786
787,20240919,2,4,16,2,225,5,Low,0,Manual,QC-000787
788,20240919,4,8,3,11,136,5,Low,0,Automated,QC-000788
789,20240919,4,8,11,11,228,5,Low,0,Manual,QC-000789
790,20240920,2,4,5,5,105,5,Low,0,Manual,QC-000790
791,20240920,3,6,17,11,118,3,Low,0,Manual,QC-000791
792,20240920,4,8,19,10,160,3,Low,0,Manual,QC-000792
793,20240921,4,7,19,4,295,7,Low,0,Automated,QC-000793
794,20240921,2,4,9,2,53,0,Low,0,Hybrid,QC-000794
795,20240921,1,2,19,9,113,1,Low,0,Hybrid,QC-000795
796,20240922,2,3,8,1,160,5,Low,0,Automated,QC-000796
797,20240922,4,7,12,11,281,2,Low,0,Manual,QC-000797
798,20240922,1,1,6,5,84,2,Low,0,Automated,QC-000798
799,20240923,4,7,8,11,269,6,Low,0,Hybrid,QC-000799
800,20240923,1,2,15,3,267,6,Low,0,Hybrid,QC-000800
801,20240923,1,2,13,10,145,3,Low,0,Manual,QC-000801
802,20240924,1,2,9,6,163,3,Low,0,Hybrid,QC-000802
803,20240924,4,7,18,4,149,2,Low,0,Automated,QC-000803
804,20240924,4,7,9,11,128,2,Low,0,Automated,QC-000804
805,20240925,4,7,18,7,55,1,Low,0,Manual,QC-000805
806,20240925,2,3,2,9,268,18,Low,1,Hybrid,QC-000806
807,20240925,1,2,15,2,109,1,Low,0,Manual,QC-000807
808,20240926,3,6,18,8,246,4,LOW,0,Manual,QC-000808
809,20240926,4,7,7,12,280,292,Low,0,Hybrid,QC-000809
810,20240926,3,6,1,3,82,3,Low,0,Hybrid,QC-000810
811,20240927,2,3,17,12,135,5,Low,0,Hybrid,QC-000811
812,20240927,4,8,17,7,236,5,Low,0,Hybrid,QC-000812
813,20240927,4,7,13,7,109,2,Low,0,Hybrid,QC-000813
814,20240928,4,7,4,10,103,2,Low,0,Hybrid,QC-000814
815,20240928,1,2,6,2,288,17,Low,1,Manual,QC-000815
816,20240928,4,8,7,1,184,3,Low,0,Automated,QC-000816
817,20240929,3,5,6,3,274,7,Low,0,Automated,QC-000817
818,20240929,2,4,10,11,165,5,Low,0,Manual,QC-000818
819,20240929,1,2,13,4,113,1,Low,0,Automated,QC-000819
820,20240930,1,2,19,10,276,4,Low,0,Automated,QC-000820
821,20240930,3,6,12,8,100,2,Low,0,Manual,QC-000821
822,20240930,1,2,5,8,96,2,Low,0,Automated,QC-000822
823,20241001,1,1,1,6,283,15,Low,1,Manual,QC-000823
824,20241001,2,3,13,4,97,2,Low,0,Hybrid,QC-000824
825,20241001,4,7,14,2,245,2,Low,0,Manual,QC-000825
826,20241002,2,3,17,11,258,8,Low,0,Automated,QC-000826
827,20241002,2,4,6,1,292,17,Low,1,Manual,QC-000827
828,20241002,4,8,17,8,252,4, Low,0,Hybrid,QC-000828
829,20241003,3,6,5,5,247,4,Low,0,Manual,QC-000829
830,20241003,2,3,13,11,88,0,Low,0,Hybrid,QC-000830
831,20241003,2,3,16,5,71,2,Low,0,Manual,QC-000831
832,20241004,3,6,5,12,64,2,Low,0,Hybrid,QC-000832
833,20241004,4,7,4,9,77,1,Low,0,Automated,QC-000833
834,20241004,1,1,7,9,196,6,Low,0,Automated,QC-000834
835,20241005,4,7,13,2,292,5,Low,0,Hybrid,QC-000835
836,20241005,2,4,9,3,87,2,Low,0,Manual,QC-000836
837,20241005,3,5,18,7,294,7,Low,0,Automated,QC-000837
838,20241006,3,6,16,5,101,2,Low,0,Hybrid,QC-000838
839,20241006,1,1,8,9,158,3,Low,0,Manual,QC-000839
840,20241006,3,6,5,7,130,5,Low,0,Automated,QC-000840
841,20241007,4,7,13,9,100,1,Low,0,Hybrid,QC-000841
842,20241007,2,4,8,10,258,3,Low,0,Manual,QC-000842
843,20241007,3,5,6,6,269,9,Low,0,Hybrid,QC-000843
844,20241008,1,2,10,1,109,4,Low,0,Manual,QC-000844
845,20241008,1,2,20,4,257,10,Low,0,Manual,QC-000845
846,20241008,3,6,2,5,160,7,Low,0,Automated,QC-000846
847,20241009,3,6,7,2,244,3,Low,0,Hybrid,QC-000847
848,20241009,2,3,12,6,229,5,Low,0,Hybrid,QC-000848
849,20241009,3,6,6,3,106,3,Low,0,Manual,QC-000849
850,20241010,4,8,7,5,87,1,Low,0,Hybrid,QC-000850
851,20241010,4,7,7,4,279,6,Low,0,Automated,QC-000851
852,20241010,4,8,10,1,226,6,Low,0,Manual,QC-000852
853,20241011,4,7,6,2,140,3,Low,0,Automated,QC-000853
854,20241011,4,8,15,5,132,2,Low,0,Automated,QC-000854
855,20241011,4,7,12,2,113,3,Low,0,Automated,QC-000855
856,20241012,3,5,7,10,113,2,Low,0,Hybrid,QC-000856
857,20241012,2,4,6,6,198,5,Low,0,Automated,QC-000857
858,20241012,2,4,15,8,100,2,Low,0,Manual,QC-000858
859,20241013,2,3,12,3,166,5,Low,0,Hybrid,QC-000859
860,20241013,2,3,9,1,290,6,Low,0,Manual,QC-000860
861,20241013,4,8,14,4,87,2,Low,0,Manual,QC-000861
862,20241014,3,5,15,7,270,6,Low,0,Automated,QC-000862
863,20241014,1,1,18,11,125,3,Low,0,Manual,QC-000863
864,20241014,4,8,19,2,261,4,Low,0,Manual,QC-000864
865,20241015,2,3,10,8,64,1,Low,0,Manual,QC-000865
866,20241015,1,1,14,12,56,1,Low,0,Manual,QC-000866
867,20241015,3,6,19,12,212,4,Low,0,Automated,QC-000867
868,20241016,2,4,14,3,175,7,Low,0,Hybrid,QC-000868
869,20241016,4,8,10,6,286,5,Low,0,Manual,QC-000869
870,20241016,3,6,20,11,150,2,Low,0,Manual,QC-000870
871,20241017,3,6,8,4,60,1,Low,0,Hybrid,QC-000871
872,20241017,3,6,2,9,223,9,Low,0,Manual,QC-000872
873,20241017,1,1,12,10,265,6,Low,0,Automated,QC-000873
874,20241018,3,5,3,1,208,9,Low,0,Manual,QC-000874
875,20241018,4,7,15,3,177,4,Low,0,Manual,QC-000875
876,20241018,2,4,8,11,144,2,Low,0,Manual,QC-000876
877,20241019,4,7,8,,86,1,Low,0,Manual,QC-000877
878,20241019,1,2,18,5,258,7,Low,0,Hybrid,QC-000878
879,20241019,2,3,4,6,272,10,Low,0,Hybrid,QC-000879
880,20241020,3,6,6,11,137,6,Low,0,Manual,QC-000880
881,20241020,2,4,10,8,199,5,Low,0,Automated,QC-000881
882,20241020,4,7,20,8,260,7,Low,0,Hybrid,QC-000882
883,20241021,1,2,1,5,268,9,Low,0,Manual,QC-000883
884,20241021,4,8,15,3,62,0,Low,0,Automated,QC-000884
885,20241021,3,6,11,3,144,2,Low ,0,Hybrid,QC-000885
886,20241022,1,2,5,5,298,14,Low,1,Manual,QC-000886
887,20241022,4,7,4,4,247,5,Low,0,Manual,QC-000887
888,20241022,2,4,5,12,101,6,Low,0,Hybrid,QC-000888
889,20241023,2,4,6,4,226,4,Low,0,Manual,QC-000889
890,20241023,4,8,19,7,94,1,Low,0,Manual,QC-000890
891,20241023,1,1,14,12,293,3,Low,0,Manual,QC-000891
892,20241024,1,2,13,2,177,7,Low,0,Automated,QC-000892
893,20241024,1,2,4,5,224,15,Low,1,Manual,QC-000893
894,20241024,4,7,6,5,179,7,Low,0,Automated,QC-000894
895,20241025,3,6,11,5,287,4,Low,0,Manual,QC-000895
896,20241025,1,1,16,11,89,2,Low,0,Automated,QC-000896
897,20241025,2,4,16,6,243,4,Low ,0,Hybrid,QC-000897
898,20241026,4,8,19,9,100,1,Low,0,Automated,QC-000898
899,20241026,3,5,5,12,261,13,Low,1,Manual,QC-000899
900,20241026,1,2,9,6,105,2,Low,0,Automated,QC-000900
901,20241027,3,5,7,10,285,6,Low,0,Manual,QC-000901
902,20241027,3,5,3,9,146,7,Low,0,Manual,QC-000902
903,20241027,4,7,16,10,253,3,Low,0,Automated,QC-000903
904,20241028,3,5,18,10,221,6,Low,0,Hybrid,QC-000904
905,20241028,4,7,18,3,285,6,Low,0,Hybrid,QC-000905
906,20241028,2,3,12,7,242,7,Low,0,Automated,QC-000906
907,20241029,3,5,13,4,285,4,Low,0,Automated,QC-000907
908,20241029,3,6,15,7,264,4,Low,0,Manual,QC-000908
909,20241029,4,7,4,2,103,2,Low,0,Hybrid,QC-000909
910,20241030,2,4,16,7,222,4,Low ,0,Hybrid,QC-000910
911,20241030,2,3,7,4,270,8,Low,0,Manual,QC-000911
912,20241030,4,7,16,4,239,5,Low,0,Manual,QC-000912
913,20241031,4,8,10,5,92,1,Low,0,Automated,QC-000913
914,20241031,2,3,1,10,270,8,Low,0,Hybrid,QC-000914
915,20241031,2,3,1,10,54,2,low,0,Automated,QC-000915
916,20241101,3,6,18,11,118,2,Low,0,Manual,QC-000916
917,20241101,3,5,3,4,91,2,Low,0,Automated,QC-000917
918,20241101,4,8,20,11,272,7,Low,0,Manual,QC-000918
919,20241102,4,8,5,2,74,3,Low,0,Hybrid,QC-000919
920,20241102,2,3,11,12,117,1,Low,0,Hybrid,QC-000920
921,20241102,4,8,10,12,199,4,Low,0,Hybrid,QC-000921
922,20241103,3,5,20,11,120,2,Low,0,Manual,QC-000922
923,20241103,1,1,11,1,230,3,Low,0,Hybrid,QC-000923
924,20241103,4,8,9,8,185,4,low,0,Automated,QC-000924
925,20241104,1,1,15,7,82,3,Low,0,Automated,QC-000925
926,20241104,3,6,7,9,273,5,Low,0,Automated,QC-000926
927,20241104,4,8,2,2,58,2,Low,0,Manual,QC-000927
928,20241105,4,8,14,5,216,2,Low,0,Manual,QC-000928
929,20241105,2,4,13,8,166,6,LOW,0,Manual,QC-000929
930,20241105,2,4,10,5,252,4,Low,0,Automated,QC-000930
931,20241106,2,4,10,5,167,6,Low,0,Automated,QC-000931
932,20241106,4,8,1,1,277,8,Low,0,Manual,QC-000932
933,20241106,3,5,11,10,182,3,Low,0,Manual,QC-000933
934,20241107,1,1,7,12,158,4,Low,0,Manual,QC-000934
935,20241107,1,1,11,1,161,5,Low,0,Hybrid,QC-000935
936,20241107,3,5,16,6,218,6,Low,0,Manual,QC-000936
937,20241108,2,3,13,2,173,7,Low,0,Manual,QC-000937
938,20241108,1,2,16,5,183,3,Low,0,Hybrid,QC-000938
939,20241108,2,3,11,5,223,4,Low,0,Automated,QC-000939
940,20241109,4,7,19,9,265,3,Low,0,Hybrid,QC-000940
941,20241109,1,2,9,6,108,4,Low,0,Automated,QC-000941
942,20241109,1,2,7,2,112,3,Low,0,Manual,QC-000942
943,20241110,4,7,2,9,277,12,Low,1,Automated,QC-000943
944,20241110,2,3,3,7,217,10,Low,0,Automated,QC-000944
945,20241110,4,8,19,8,75,2,Low,0,Automated,QC-000945
946,20241111,2,3,12,4,123,2,Low,0,Automated,QC-000946
947,20241111,3,6,8,11,84,1,Low,0,Manual,QC-000947
948,20241111,4,7,2,6,143,7,Low,0,Automated,QC-000948
949,20241112,1,1,3,4,242,4,Low,0,Hybrid,QC-000949
950,20241112,2,3,17,3,102,3,Low,0,Automated,QC-000950
951,20241112,4,8,11,12,237,5,Low,0,Manual,QC-000951
952,20241113,3,6,3,5,209,4,Low,0,Manual,QC-000952
953,20241113,1,2,2,6,124,3,Low,0,Automated,QC-000953
954,20241113,3,6,15,3,248,5,Low,0,Automated,QC-000954
955,20241114,4,7,9,8,51,0,LOW,0,Hybrid,QC-000955
956,20241114,3,5,14,7,293,7,LOW,0,Manual,QC-000956
957,20241114,1,1,17,6,70,1,Low,0,Automated,QC-000957
958,20241115,1,2,6,8,147,7,Low,0,Manual,QC-000958
959,20241115,1,1,1,10,296,15,Low,1,Automated,QC-000959
960,20241115,2,3,10,3,83,2,Low,0,Manual,QC-000960
961,20241116,4,7,9,8,90,1,Low,0,Manual,QC-000961
962,20241116,2,3,3,6,260,17,Low,1,Automated,QC-000962
963,20241116,3,5,3,8,167,4,LOW,0,Manual,QC-000963
964,20241117,3,6,10,1,148,2,Low,0,Automated,QC-000964
965,20241117,1,2,2,12,236,7,Low,0,Manual,QC-000965
966,20241117,2,4,9,7,261,5,Low,0,Hybrid,QC-000966
967,20241118,3,6,10,9,297,5,Low,0,Automated,QC-000967
968,20241118,2,3,18,1,109,1,Low,0,Automated,QC-000968
969,20241118,4,8,12,11,254,3,Low,0,Hybrid,QC-000969
970,20241119,3,5,7,1,276,4,Low,0,Manual,QC-000970
971,20241119,2,4,7,9,61,1,Low,0,Hybrid,QC-000971
972,20241119,2,4,14,12,86,1,low,0,Automated,QC-000972
973,20241120,4,8,16,3,101,1,Low,0,Automated,QC-000973
974,20241120,4,8,9,10,199,2,Low,0,Automated,QC-000974
975,20241120,4,7,9,4,121,2,Low,0,Manual,QC-000975
976,20241121,2,3,4,3,121,3,Low,0,Manual,QC-000976
977,20241121,1,1,8,8,129,3,Low,0,Hybrid,QC-000977
978,20241121,3,6,15,1,84,1,Low,0,Hybrid,QC-000978
979,20241122,2,4,5,7,257,6,Low,0,Manual,QC-000979
980,20241122,2,3,19,4,63,1,Low,0,Manual,QC-000980
981,20241122,1,2,9,11,225,6,Low,0,Hybrid,QC-000981
982,20241123,2,4,5,3,262,12,Low,1,Manual,QC-000982
983,20241123,3,5,7,11,243,4,Low,0,Automated,QC-000983
984,20241123,1,1,4,8,250,6,Low,0,Automated,QC-000984
985,20241124,3,6,14,3,118,2,low,0,Manual,QC-000985
986,20241124,1,1,3,9,290,8,Low,0,Manual,QC-000986
987,20241124,4,8,16,7,230,2,Low,0,Manual,QC-000987
988,20241125,1,1,18,6,102,1,Low,0,Manual,QC-000988
989,20241125,2,3,10,2,143,2,Low,0,Manual,QC-000989
990,20241125,1,2,11,1,290,4,Low,0,Automated,QC-000990
991,20241126,2,4,2,9,239,12,Low ,1,Manual,QC-000991
992,20241126,3,5,12,2,283,3,Low,0,Automated,QC-000992
993,20241126,1,1,15,12,94,1,Low,0,Manual,QC-000993
994,20241127,1,1,19,12,235,4,Low,0,Automated,QC-000994
995,20241127,3,6,12,12,280,5,Low,0,Automated,QC-000995
996,20241127,3,6,17,2,95,1,Low,0,Automated,QC-000996
997,20241128,1,2,17,6,116,3,Low,0,Hybrid,QC-000997
998,20241128,2,3,6,2,163,7,Low,0,Automated,QC-000998
999,20241128,2,3,16,8,136,2,Low,0,Manual,QC-000999
1000,20241129,4,7,9,6,146,4,Low,0,Manual,QC-001000
1001,20241129,2,4,13,5,267,2,Low,0,Manual,QC-001001
1002,20241129,2,3,8,5,59,0,Low,0,Manual,QC-001002
1003,20241130,3,5,9,10,240,3,Low,0,Manual,QC-001003
1004,20241130,2,4,8,7,149,2,Low,0,Manual,QC-001004
1005,20241130,2,3,4,6,87,5,Low,0,Automated,QC-001005
1006,20241201,1,1,4,4,201,7,Low,0,Manual,QC-001006
1007,20241201,3,6,15,1,54,1,Low,0,Manual,QC-001007
1008,20241201,1,1,18,1,208,5,Low,0,Automated,QC-001008
1009,20241202,1,2,13,8,177,4,Low,0,Automated,QC-001009
1010,20241202,2,4,4,9,180,8,Low,0,Automated,QC-001010
1011,20241202,4,8,11,10,180,4,Low,0,Manual,QC-001011
1012,20241203,2,3,4,10,179,5,Low,0,Automated,QC-001012
1013,20241203,2,4,1,12,89,2,Low,0,Manual,QC-001013
1014,20241203,4,8,1,5,220,4,Low,0,Automated,QC-001014
1015,20241204,3,5,13,3,171,3,Low,0,Manual,QC-001015
1016,20241204,1,1,2,9,278,8,Low,0,Manual,QC-001016
1017,20241204,2,3,8,9,298,5,Low,0,Automated,QC-001017
1018,20241205,1,2,20,5,176,4,Low,0,Manual,QC-001018
1019,20241205,4,7,19,4,81,1,low,0,Hybrid,QC-001019
1020,20241205,3,6,19,4,74,1,Low,0,Manual,QC-001020
1021,20241206,1,1,2,10,166,10,Low,0,Hybrid,QC-001021
1022,20241206,3,6,16,12,151,3,Low,0,Automated,QC-001022
1023,20241206,3,5,17,5,204,2,Low,0,Hybrid,QC-001023
1024,20241207,2,4,15,11,67,1,Low,0,Manual,QC-001024
1025,20241207,2,4,1,8,176,6,Low,0,Hybrid,QC-001025
1026,20241207,2,3,16,5,199,7,Low,0,Automated,QC-001026
1027,20241208,4,8,16,7,157,4,Low,0,Automated,QC-001027
1028,20241208,3,6,8,11,118,1,Low,0,Hybrid,QC-001028
1029,20241208,2,4,9,1,221,3,Low,0,Manual,QC-001029
1030,20241209,1,2,8,10,271,5,Low,0,Automated,QC-001030
1031,20241209,2,4,17,10,208,4,Low,0,Hybrid,QC-001031
1032,20241209,3,5,11,5,245,2,Low,0,Manual,QC-001032
1033,20241210,4,8,18,7,131,2,Low,0,Automated,QC-001033
1034,20241210,1,2,6,9,188,4,Low,0,Hybrid,QC-001034
1035,20241210,2,4,11,3,235,5,Low,0,Manual,QC-001035
1036,20241211,2,3,2,11,291,11,Low,1,Hybrid,QC-001036
1037,20241211,2,4,13,10,285,12,Low,1,Hybrid,QC-001037
1038,20241211,2,3,18,8,202,5,Low,0,Automated,QC-001038
1039,20241212,3,5,2,7,192,9,Low,0,Manual,QC-001039
1040,20241212,2,3,13,2,273,5,Low,0,Manual,QC-001040
1041,20241212,4,8,13,11,299,8,LOW,0,Automated,QC-001041
1042,20241213,2,3,2,2,164,3,Low,0,Hybrid,QC-001042
1043,20241213,4,7,9,8,163,2,Low,0,Hybrid,QC-001043
1044,20241213,2,3,2,1,217,8,Low,0,Manual,QC-001044
1045,20241214,4,8,14,10,67,1,Low,0,Manual,QC-001045
1046,20241214,1,2,11,9,295,6,Low,0,Hybrid,QC-001046
1047,20241214,1,2,11,8,172,5,Low,0,Automated,QC-001047
1048,20241215,2,3,13,6,204,4,Low,0,Manual,QC-001048
1049,20241215,2,4,5,5,77,2, Low,0,Hybrid,QC-001049
1050,20241215,1,1,1,10,233,4,Low,0,Manual,QC-001050
1051,20241216,1,2,5,6,155,6,Low,0,Hybrid,QC-001051
1052,20241216,2,4,10,10,93,2,Low,0,Automated,QC-001052
1053,20241216,2,4,16,3,139,2,Low,0,Manual,QC-001053
1054,20241217,4,8,8,3,132,1,Low,0,Manual,QC-001054
1055,20241217,4,8,19,2,106,2,Low,0,Hybrid,QC-001055
1056,20241217,3,5,20,10,51,1,Low,0,Hybrid,QC-001056
1057,20241218,4,8,4,7,74,1,Low,0,Automated,QC-001057
1058,20241218,3,5,17,10,265,3,Low,0,Manual,QC-001058
1059,20241218,1,2,16,11,124,3,Low,0,Manual,QC-001059
1060,20241219,2,3,11,10,58,0,Low,0,Automated,QC-001060
1061,20241219,2,3,9,2,130,1,Low,0,Automated,QC-001061
1062,20241219,2,4,6,6,91,2,Low,0,Hybrid,QC-001062
1063,20241220,4,7,9,11,294,5,Low,0,Automated,QC-001063
1064,20241220,1,2,20,7,113,1,Low,0,Hybrid,QC-001064
1065,20241220,4,7,7,5,123,2,Low,0,Manual,QC-001065
1066,20241221,2,4,13,,151,3,Low,0,Automated,QC-001066
1067,20241221,1,2,9,2,218,4,Low,0,Manual,QC-001067
1068,20241221,1,2,16,11,219,2,Low,0,Hybrid,QC-001068
1069,20241222,1,1,17,9,271,4,Low,0,Manual,QC-001069
1070,20241222,4,8,3,7,172,4,Low,0,Automated,QC-001070
1071,20241222,1,2,7,3,139,3,Low,0,Automated,QC-001071
1072,20241223,2,3,17,9,67,2,Low,0,Automated,QC-001072
1073,20241223,4,7,9,8,272,3,Low,0,Hybrid,QC-001073
1074,20241223,4,8,20,2,145,2,Low,0,Automated,QC-001074
1075,20241224,3,5,13,2,222,4,Low ,0,Hybrid,QC-001075
1076,20241224,2,4,7,9,223,4,Low,0,Hybrid,QC-001076
1077,20241224,2,3,12,5,142,3,Low,0,Hybrid,QC-001077
1078,20241225,4,7,12,3,201,2,Low,0,Hybrid,QC-001078
1079,20241225,2,3,4,9,272,7,Low,0,Automated,QC-001079
1080,20241225,1,2,1,8,122,2,Low,0,Hybrid,QC-001080
1081,20241226,1,1,9,7,261,11,Low,1,Automated,QC-001081
1082,20241226,3,6,5,1,250,11,Low,1,Hybrid,QC-001082
1083,20241226,4,8,15,9,211,5,Low,0,Automated,QC-001083
1084,20241227,3,5,16,7,190,3,Low,0,Hybrid,QC-001084
1085,20241227,3,6,7,5,234,4,Low,0,Hybrid,QC-001085
1086,20241227,2,3,6,11,255,5,Low,0,Automated,QC-001086
1087,20241228,4,8,9,6,133,1,Low,0,Automated,QC-001087
1088,20241228,1,1,14,12,190,4,Low,0,Automated,QC-001088
1089,20241228,4,7,2,8,281,7,Low,0,Manual,QC-001089
1090,20241229,4,8,13,9,261,4,Low,0,Hybrid,QC-001090
1091,20241229,4,8,16,10,91,2,Low,0,Hybrid,QC-001091
1092,20241229,3,6,19,3,191,4,Low,0,Hybrid,QC-001092
1093,20241230,3,6,9,5,203,2,Low,0,Manual,QC-001093
1094,20241230,2,3,13,7,85,2,Low,0,Automated,QC-001094
1095,20241230,1,2,12,10,108,2,Low,0,Manual,QC-001095
1096,20241231,2,4,16,3,121,4,low,0,Automated,QC-001096
1097,20241231,4,7,19,4,91,1,low,0,Hybrid,QC-001097
1098,20241231,4,8,9,2,52,1,Low,0,Hybrid,QC-001098
1099,20250101,3,6,15,11,145,3,Low,0,Manual,QC-001099
1100,20250101,1,1,9,4,82,2,Low,0,Hybrid,QC-001100
1101,20250101,3,6,18,6,223,4,Low,0,Automated,QC-001101
1102,20250102,3,5,16,9,270,7,Low,0,Hybrid,QC-001102
1103,20250102,4,7,7,11,107,1,Low,0,Manual,QC-001103
1104,20250102,1,1,15,12,190,3,Low,0,Manual,QC-001104
1105,20250103,4,7,15,5,172,1,Low,0,Automated,QC-001105
1106,20250103,3,5,4,2,296,5,Low,0,Hybrid,QC-001106
1107,20250103,3,5,20,7,207,3,Low,0,Hybrid,QC-001107
1108,20250104,3,6,4,8,77,4,low,0,Hybrid,QC-001108
1109,20250104,1,2,13,4,152,3,Low,0,Hybrid,QC-001109
1110,20250104,1,1,10,7,269,7,Low,0,Automated,QC-001110
1111,20250105,1,1,2,4,185,5,Low,0,Manual,QC-001111
1112,20250105,4,8,4,2,166,3,Low,0,Hybrid,QC-001112
1113,20250105,4,8,14,5,207,2,Low,0,Automated,QC-001113
1114,20250106,4,7,19,5,178,2,LOW,0,Automated,QC-001114
1115,20250106,2,4,5,12,52,2,Low,0,Hybrid,QC-001115
1116,20250106,1,1,2,9,285,12,Low,1,Manual,QC-001116
1117,20250107,3,6,11,7,282,8,Low,0,Manual,QC-001117
1118,20250107,2,4,1,11,114,4,Low,0,Manual,QC-001118
1119,20250107,4,7,19,4,139,1,Low,0,Hybrid,QC-001119
1120,20250108,1,1,2,11,112,4,Low,0,Automated,QC-001120
1121,20250108,3,6,10,8,276,5,Low,0,Hybrid,QC-001121
1122,20250108,1,1,10,12,232,9,Low,0,Manual,QC-001122
1123,20250109,1,1,6,6,118,7,Low,0,Hybrid,QC-001123
1124,20250109,1,2,14,4,240,3,Low,0,Automated,QC-001124
1125,20250109,2,4,17,11,232,4,Low,0,Manual,QC-001125
1126,20250110,3,5,13,8,270,6,Low,0,Automated,QC-001126
1127,20250110,2,3,11,2,291,10,Low,0,Hybrid,QC-001127
1128,20250110,2,4,8,7,106,1,Low,0,Manual,QC-001128
1129,20250111,1,1,19,5,105,2,Low,0,Manual,QC-001129
1130,20250111,3,6,12,12,180,2,Low,0,Manual,QC-001130
1131,20250111,3,5,13,12,115,2,Low,0,Automated,QC-001131
1132,20250112,3,5,4,4,259,7,Low,0,Hybrid,QC-001132
1133,20250112,4,8,15,6,271,3,Low,0,Automated,QC-001133
1134,20250112,2,4,17,4,108,2,Low,0,Manual,QC-001134
1135,20250113,4,7,2,4,134,3,Low,0,Hybrid,QC-001135
1136,20250113,3,5,9,9,147,3,Low,0,Manual,QC-001136
1137,20250113,3,6,7,3,105,1,Low,0,Manual,QC-001137
1138,20250114,3,6,2,2,281,14,Low,1,Automated,QC-001138
1139,20250114,1,1,20,11,197,2,Low,0,Hybrid,QC-001139
1140,20250114,4,7,8,3,286,6,Low,0,Automated,QC-001140
1141,20250115,1,1,3,6,168,13,Low,1,Manual,QC-001141
1142,20250115,1,2,20,7,218,4,Low,0,Automated,QC-001142
1143,20250115,4,8,7,10,176,5,Low,0,Hybrid,QC-001143
1144,20250116,3,5,7,10,230,5,Low,0,Manual,QC-001144
1145,20250116,3,6,9,5,262,4,Low,0,Automated,QC-001145
1146,20250116,3,5,6,1,283,8,Low,0,Manual,QC-001146
1147,20250117,1,1,8,12,287,7,Low,0,Hybrid,QC-001147
1148,20250117,1,2,16,3,71,1,Low,0,Automated,QC-001148
1149,20250117,1,1,1,2,134,5,Low,0,Hybrid,QC-001149
1150,20250118,2,3,6,2,135,2,Low,0,Manual,QC-001150
1151,20250118,2,3,13,7,181,3,Low,0,Manual,QC-001151
1152,20250118,3,5,1,8,271,6,Low,0,Automated,QC-001152
1153,20250119,4,7,6,11,58,1,Low,0,Automated,QC-001153
1154,20250119,4,8,20,1,266,6,Low,0,Manual,QC-001154
1155,20250119,2,4,16,7,284,7,Low,0,Automated,QC-001155
1156,20250120,2,3,4,8,128,2,Low,0,Manual,QC-001156
1157,20250120,4,8,18,10,273,7,Low,0,Manual,QC-001157
1158,20250120,1,1,8,11,89,1,Low,0,Manual,QC-001158
1159,20250121,1,2,12,5,287,4,Low,0,Hybrid,QC-001159
1160,20250121,4,8,7,3,249,5,Low,0,Automated,QC-001160
1161,20250121,2,4,3,12,263,12,Low,1,Manual,QC-001161
1162,20250122,4,8,5,3,230,6,low,0,Automated,QC-001162
1163,20250122,3,5,19,5,271,3,Low,0,Hybrid,QC-001163
1164,20250122,1,2,14,1,233,3,Low,0,Manual,QC-001164
1165,20250123,3,6,3,6,70,2,Low,0,Automated,QC-001165
1166,20250123,1,1,12,9,211,7,Low,0,Hybrid,QC-001166
1167,20250123,4,8,8,2,94,2,Low,0,Automated,QC-001167
1168,20250124,1,1,1,1,106,4,Low,0,Hybrid,QC-001168
1169,20250124,4,7,4,1,117,5,Low,0,Manual,QC-001169
1170,20250124,1,2,16,3,210,5,Low,0,Automated,QC-001170
1171,20250125,2,4,5,11,283,17,Low,1,Hybrid,QC-001171
1172,20250125,4,7,4,10,71,2,Low,0,Manual,QC-001172
1173,20250125,1,2,2,2,288,8,Low,0,Manual,QC-001173
1174,20250126,3,5,12,6,198,4,Low,0,Hybrid,QC-001174
1175,20250126,3,6,10,10,264,3,Low,0,Manual,QC-001175
1176,20250126,2,3,11,2,124,1,Low,0,Automated,QC-001176
1177,20250127,4,8,14,6,156,1,Low,0,Manual,QC-001177
1178,20250127,3,6,13,1,165,3,Low,0,Manual,QC-001178
1179,20250127,2,3,12,8,142,3,Low,0,Hybrid,QC-001179
1180,20250128,4,7,10,7,197,2,Low,0,Automated,QC-001180
1181,20250128,3,5,1,9,259,8,Low,0,Manual,QC-001181
1182,20250128,2,4,1,12,220,7,Low,0,Manual,QC-001182
1183,20250129,3,5,2,11,50,1,Low,0,Hybrid,QC-001183
1184,20250129,2,4,2,1,297,11,Low,1,Automated,QC-001184
1185,20250129,1,2,15,2,58,1,Low,0,Hybrid,QC-001185
1186,20250130,3,6,5,10,108,2,Low,0,Automated,QC-001186
1187,20250130,3,6,17,6,155,3,Low,0,Manual,QC-001187
1188,20250130,1,2,3,1,208,8,Low,0,Manual,QC-001188
1189,20250131,2,4,19,1,298,4,Low,0,Automated,QC-001189
1190,20250131,3,5,19,8,297,8,Low,0,Automated,QC-001190
1191,20250131,1,2,16,9,193,3,Low,0,Hybrid,QC-001191
1192,20250201,1,1,5,11,241,10,Low,0,Manual,QC-001192
1193,20250201,3,5,19,10,149,2,Low,0,Hybrid,QC-001193
1194,20250201,1,1,13,5,284,4,Low,0,Manual,QC-001194
1195,20250202,4,8,12,9,58,0,Low,0,Automated,QC-001195
1196,20250202,4,7,4,11,191,5,Low,0,Automated,QC-001196
1197,20250202,2,3,3,3,119,7,Low,0,Automated,QC-001197
1198,20250203,4,8,13,12,149,3,Low,0,Automated,QC-001198
1199,20250203,1,1,10,5,132,3,Low,0,Automated,QC-001199
1200,20250203,2,4,12,10,290,8,Low,0,Automated,QC-001200
1201,20250204,1,2,14,4,198,3,Low,0,Hybrid,QC-001201
1202,20250204,4,8,18,4,82,1,Low,0,Manual,QC-001202
1203,20250204,2,4,10,1,269,5,Low,0,Automated,QC-001203
1204,20250205,3,6,19,5,236,3,Low,0,Manual,QC-001204
1205,20250205,4,7,9,8,298,5,Low,0,Automated,QC-001205
1206,20250205,1,2,11,5,75,0,Low,0,Manual,QC-001206
1207,20250206,3,6,4,6,243,8,Low,0,Automated,QC-001207
1208,20250206,2,3,9,12,66,1,Low,0,Manual,QC-001208
1209,20250206,3,5,19,9,143,1,Low,0,Manual,QC-001209
1210,20250207,1,2,10,12,136,3,Low,0,Hybrid,QC-001210
1211,20250207,1,2,10,3,72,1,Low,0,Automated,QC-001211
1212,20250207,3,5,16,6,51,0,Low,0,Manual,QC-001212
1213,20250208,3,5,15,6,281,7,Low,0,Automated,QC-001213
1214,20250208,2,4,2,6,230,12,Low,1,Manual,QC-001214
1215,20250208,3,5,8,11,251,4,Low,0,Hybrid,QC-001215
1216,20250209,4,7,13,2,294,6,Low,0,Hybrid,QC-001216
1217,20250209,4,7,18,7,93,1,Low,0,Automated,QC-001217
1218,20250209,4,8,12,10,153,4,Low,0,Manual,QC-001218
1219,20250210,2,3,3,2,141,5,Low,0,Automated,QC-001219
1220,20250210,4,7,8,7,86,0,Low,0,Manual,QC-001220
1221,20250210,2,4,7,5,226,3,Low,0,Manual,QC-001221
1222,20250211,2,3,20,9,100,1,Low,0,Manual,QC-001222
1223,20250211,4,8,18,8,198,5,Low,0,Hybrid,QC-001223
1224,20250211,2,4,4,3,171,3,Low,0,Manual,QC-001224
1225,20250212,1,1,14,1,74,88,Low,0,Manual,QC-001225
1226,20250212,2,3,8,9,256,5,Low,0,Automated,QC-001226
1227,20250212,3,5,9,3,223,3,Low,0,Hybrid,QC-001227
1228,20250213,2,3,1,11,210,9,Low,0,Manual,QC-001228
1229,20250213,1,1,13,10,150,1,Low,0,Hybrid,QC-001229
1230,20250213,3,5,4,3,222,9,Low,0,Automated,QC-001230
1231,20250214,4,7,10,2,184,4,Low,0,Hybrid,QC-001231
1232,20250214,4,7,8,3,59,1,Low,0,Hybrid,QC-001232
1233,20250214,4,8,16,11,256,5,Low,0,Hybrid,QC-001233
1234,20250215,4,8,18,7,226,4,low,0,Automated,QC-001234
1235,20250215,3,5,4,12,153,5,Low,0,Hybrid,QC-001235
1236,20250215,2,4,11,4,218,5,Low,0,Hybrid,QC-001236
1237,20250216,1,1,18,4,296,8,Low,0,Hybrid,QC-001237
1238,20250216,1,2,18,6,196,4,Low,0,Manual,QC-001238
1239,20250216,2,3,4,12,252,7,Low,0,Hybrid,QC-001239
1240,20250217,4,8,20,4,66,0,Low,0,Automated,QC-001240
1241,20250217,4,7,20,4,86,2,Low,0,Automated,QC-001241
1242,20250217,4,8,16,2,67,1,Low,0,Manual,QC-001242
1243,20250218,2,4,7,11,134,3,Low,0,Hybrid,QC-001243
1244,20250218,1,1,20,4,277,8,Low,0,Automated,QC-001244
1245,20250218,2,3,2,,233,6,Low,0,Manual,QC-001245
1246,20250219,2,4,14,3,163,2,Low,0,Manual,QC-001246
1247,20250219,2,3,20,11,159,4,Low,0,Automated,QC-001247
1248,20250219,1,1,7,5,69,2,Low,0,Manual,QC-001248
1249,20250220,2,3,13,6,133,2,Low,0,Manual,QC-001249
1250,20250220,1,2,16,8,273,10, Low,0,Automated,QC-001250
1251,20250220,2,4,1,2,254,14,Low,1,Automated,QC-001251
1252,20250221,3,6,3,7,193,9,Low,0,Manual,QC-001252
1253,20250221,2,4,12,4,167,6,Low,0,Automated,QC-001253
1254,20250221,3,6,5,8,182,8,Low,0,Manual,QC-001254
1255,20250222,1,1,3,1,288,22, Medium,1,Hybrid,QC-001255
1256,20250222,2,3,20,12,220,6,Low,0,Automated,QC-001256
1257,20250222,1,2,5,3,293,9,Low,0,Manual,QC-001257
1258,20250223,3,5,17,9,253,5,Low,0,Automated,QC-001258
1259,20250223,3,6,18,5,107,1,Low,0,Manual,QC-001259
1260,20250223,4,7,5,4,161,3,Low,0,Automated,QC-001260
1261,20250224,4,7,3,2,138,6, Low,0,Manual,QC-001261
1262,20250224,1,2,7,7,207,2,LOW,0,Hybrid,QC-001262
1263,20250224,2,3,3,6,93,6,Low,0,Manual,QC-001263
1264,20250225,3,6,16,2,283,8,Low,0,Hybrid,QC-001264
1265,20250225,2,4,3,2,240,9,Low,0,Automated,QC-001265
1266,20250225,3,5,18,2,235,3,Low,0,Hybrid,QC-001266
1267,20250226,1,2,10,4,276,4,Low,0,Automated,QC-001267
1268,20250226,3,5,1,10,201,5,Low,0,Manual,QC-001268
1269,20250226,4,8,16,2,195,2,Low,0,Hybrid,QC-001269
1270,20250227,3,6,3,9,287,14,Low,1,Automated,QC-001270
1271,20250227,2,3,9,11,147,2,Low,0,Hybrid,QC-001271
1272,20250227,4,7,5,7,53,1,Low,0,Manual,QC-001272
1273,20250228,1,1,11,7,99,2,Low,0,Manual,QC-001273
1274,20250228,1,1,12,2,238,9,Low,0,Automated,QC-001274
1275,20250228,3,6,16,4,133,3,Low,0,Hybrid,QC-001275
1276,20250301,3,5,8,3,125,3,LOW,0,Manual,QC-001276
1277,20250301,4,8,12,8,102,2,Low,0,Automated,QC-001277
1278,20250301,2,4,5,11,247,6,LOW,0,Hybrid,QC-001278
1279,20250302,3,6,6,1,86,4,Low,0,Manual,QC-001279
1280,20250302,4,7,8,7,292,7,Low,0,Manual,QC-001280
1281,20250302,1,2,6,7,241,11,Low,1,Automated,QC-001281
1282,20250303,4,8,7,9,160,2,Low,0,Automated,QC-001282
1283,20250303,4,7,20,10,150,3,low,0,Hybrid,QC-001283
1284,20250303,3,5,1,5,215,9,Low,0,Manual,QC-001284
1285,20250304,4,7,18,1,226,6,Low,0,Hybrid,QC-001285
1286,20250304,2,3,12,10,56,0,Low,0,Automated,QC-001286
1287,20250304,1,1,4,5,181,3,Low,0,Hybrid,QC-001287
1288,20250305,4,8,18,4,242,4,Low,0,Automated,QC-001288
1289,20250305,1,2,20,6,94,2,Low,0,Hybrid,QC-001289
1290,20250305,4,7,9,10,293,6,Low,0,Automated,QC-001290
1291,20250306,4,8,1,10,97,2,Low,0,Hybrid,QC-001291
1292,20250306,1,1,19,3,152,2,Low,0,Hybrid,QC-001292
1293,20250306,2,3,2,12,81,4,Low,0,Hybrid,QC-001293
1294,20250307,1,1,3,8,279,13,Low,1,Hybrid,QC-001294
1295,20250307,4,8,7,6,102,2,Low,0,Hybrid,QC-001295
1296,20250307,4,7,12,10,128,3,Low,0,Automated,QC-001296
1297,20250308,2,4,8,6,69,1,Low,0,Hybrid,QC-001297
1298,20250308,4,8,12,6,123,3,Low,0,Manual,QC-001298
1299,20250308,4,8,4,4,211,5,Low,0,Manual,QC-001299
1300,20250309,2,4,8,10,251,3,Low,0,Hybrid,QC-001300
1301,20250309,1,2,10,7,200,3,Low,0,Automated,QC-001301
1302,20250309,4,7,13,1,289,5,Low,0,Hybrid,QC-001302
1303,20250310,1,2,13,7,203,9,Low,0,Manual,QC-001303
1304,20250310,3,6,11,8,68,0,Low,0,Hybrid,QC-001304
1305,20250310,4,8,12,3,272,5,Low,0,Manual,QC-001305
1306,20250311,4,7,8,11,116,2,Low,0,Hybrid,QC-001306
1307,20250311,3,6,15,7,208,2,Low,0,Manual,QC-001307
1308,20250311,4,8,16,8,272,5,Low,0,Automated,QC-001308
1309,20250312,3,5,8,1,238,5,Low,0,Hybrid,QC-001309
1310,20250312,2,4,19,4,106,1,Low,0,Automated,QC-001310
1311,20250312,1,2,13,5,125,5,Low,0,Manual,QC-001311
1312,20250313,2,4,12,6,69,2,Low,0,Automated,QC-001312
1313,20250313,1,2,17,4,292,6,Low,0,Manual,QC-001313
1314,20250313,1,2,17,3,65,0,Low,0,Hybrid,QC-001314
1315,20250314,2,4,16,3,89,1,Low,0,Hybrid,QC-001315
1316,20250314,3,5,20,3,230,3,Low,0,Hybrid,QC-001316
1317,20250314,3,5,18,9,94,2,Low,0,Hybrid,QC-001317
1318,20250315,3,5,7,3,193,4,Low,0,Hybrid,QC-001318
1319,20250315,3,5,3,1,63,2,Low,0,Hybrid,QC-001319
1320,20250315,3,5,16,6,206,3,Low,0,Manual,QC-001320
1321,20250316,4,8,4,9,86,4,Low,0,Automated,QC-001321
1322,20250316,4,7,6,6,260,13,Low,1,Manual,QC-001322
1323,20250316,3,5,17,12,101,1,Low,0,Hybrid,QC-001323
1324,20250317,1,2,9,12,288,4,Low,0,Automated,QC-001324
1325,20250317,1,1,3,1,164,7,Low,0,Hybrid,QC-001325
1326,20250317,1,2,17,1,73,1,Low,0,Manual,QC-001326
1327,20250318,2,3,8,6,65,1,Low,0,Manual,QC-001327
1328,20250318,2,4,5,5,100,5,Low,0,Hybrid,QC-001328
1329,20250318,4,8,11,1,199,2,Low,0,Manual,QC-001329
1330,20250319,3,5,13,7,216,4,Low,0,Manual,QC-001330
1331,20250319,3,5,16,1,96,2,Low,0,Automated,QC-001331
1332,20250319,3,5,13,9,262,6,Low,0,Manual,QC-001332
1333,20250320,3,5,18,4,124,2,Low,0,Automated,QC-001333
1334,20250320,4,7,7,4,268,7,Low,0,Manual,QC-001334
1335,20250320,4,8,3,10,279,7,Low,0,Manual,QC-001335
1336,20250321,1,2,20,4,206,5,Low,0,Hybrid,QC-001336
1337,20250321,2,3,7,2,240,4,Low,0,Manual,QC-001337
1338,20250321,4,8,9,10,119,2,Low,0,Automated,QC-001338
1339,20250322,4,7,13,10,263,7,Low,0,Hybrid,QC-001339
1340,20250322,4,8,15,8,195,2,Low,0,Hybrid,QC-001340
1341,20250322,3,6,5,2,166,3,Low,0,Automated,QC-001341
1342,20250323,2,3,13,5,284,7,Low,0,Hybrid,QC-001342
1343,20250323,4,8,18,10,226,4,Low,0,Automated,QC-001343
1344,20250323,4,8,1,9,297,5,Low,0,Hybrid,QC-001344
1345,20250324,1,1,4,6,291,13,Low,1,Automated,QC-001345
1346,20250324,1,1,3,3,116,9,Low,0,Manual,QC-001346
1347,20250324,4,7,10,10,284,6,LOW,0,Manual,QC-001347
1348,20250325,3,6,12,2,126,2, Low,0,Hybrid,QC-001348
1349,20250325,4,8,20,7,160,4,Low,0,Hybrid,QC-001349
1350,20250325,4,7,5,7,132,162,Low,0,Hybrid,QC-001350
1351,20250326,4,8,17,4,295,3,Low,0,Automated,QC-001351
1352,20250326,1,1,4,6,288,12,Low,1,Hybrid,QC-001352
1353,20250326,4,7,6,2,207,6,Low,0,Manual,QC-001353
1354,20250327,4,7,4,12,110,2,Low,0,Hybrid,QC-001354
1355,20250327,3,5,10,9,182,2,Low,0,Automated,QC-001355
1356,20250327,2,3,16,11,196,5,Low,0,Manual,QC-001356
1357,20250328,3,5,8,11,89,1,Low,0,Hybrid,QC-001357
1358,20250328,1,2,11,12,195,2,Low,0,Manual,QC-001358
1359,20250328,3,5,13,,178,4,Low,0,Manual,QC-001359
1360,20250329,2,3,11,8,242,5,Low,0,Automated,QC-001360
1361,20250329,3,5,13,6,242,4,Low,0,Automated,QC-001361
1362,20250329,1,2,10,5,234,3,Low,0,Automated,QC-001362
1363,20250330,2,4,3,7,240,9,Low,0,Automated,QC-001363
1364,20250330,2,3,2,11,112,6,Low,0,Automated,QC-001364
1365,20250330,3,6,10,8,256,4,Low,0,Hybrid,QC-001365
1366,20250331,2,4,12,12,56,1,Low,0,Automated,QC-001366
1367,20250331,1,2,7,2,121,4,Low,0,Automated,QC-001367
1368,20250331,3,5,9,4,203,5,Low,0,Hybrid,QC-001368
1369,20250401,4,8,19,4,132,2,Low,0,Automated,QC-001369
1370,20250401,3,6,10,4,153,2,Low,0,Manual,QC-001370
1371,20250401,3,5,19,3,91,1,Low,0,Manual,QC-001371
1372,20250402,3,5,11,2,256,7,Low,0,Hybrid,QC-001372
1373,20250402,1,2,17,1,70,1,Low,0,Manual,QC-001373
1374,20250402,2,3,10,7,88,3,Low,0,Manual,QC-001374
1375,20250403,4,7,15,9,248,6,Low,0,Automated,QC-001375
1376,20250403,3,5,6,7,202,5,Low,0,Hybrid,QC-001376
1377,20250403,2,4,11,12,247,8,Low,0,Manual,QC-001377
1378,20250404,3,5,15,1,252,4,Low,0,Hybrid,QC-001378
1379,20250404,1,2,9,9,77,1,Low,0,Hybrid,QC-001379
1380,20250404,4,7,3,1,123,3,Low,0,Automated,QC-001380
1381,20250405,2,3,17,8,135,1,Low,0,Automated,QC-001381
1382,20250405,3,5,6,3,226,8,Low,0,Automated,QC-001382
1383,20250405,4,7,2,12,145,4,Low,0,Manual,QC-001383
1384,20250406,1,1,19,5,58,2,Low,0,Manual,QC-001384
1385,20250406,4,8,19,7,272,7,Low,0,Automated,QC-001385
1386,20250406,4,8,13,1,243,4,low,0,Automated,QC-001386
1387,20250407,3,6,2,3,125,3,Low,0,Automated,QC-001387
1388,20250407,3,5,10,6,192,3,Low,0,Hybrid,QC-001388
1389,20250407,1,2,8,9,69,0,Low,0,Manual,QC-001389
1390,20250408,1,1,1,5,98,4,Low,0,Hybrid,QC-001390
1391,20250408,4,8,19,11,166,2,Low,0,Hybrid,QC-001391
1392,20250408,4,7,6,1,56,1,Low,0,Hybrid,QC-001392
1393,20250409,4,7,9,2,212,3,Low,0,Automated,QC-001393
1394,20250409,2,3,4,9,284,8,Low,0,Automated,QC-001394
1395,20250409,3,6,7,7,270,3,Low,0,Hybrid,QC-001395
1396,20250410,1,1,9,1,61,2,Low,0,Automated,QC-001396
1397,20250410,4,8,4,6,157,6,Low,0,Manual,QC-001397
1398,20250410,1,1,18,8,104,1,Low,0,Manual,QC-001398
1399,20250411,4,7,4,10,161,5,Low,0,Hybrid,QC-001399
1400,20250411,1,2,8,4,280,11,Low,1,Automated,QC-001400
1401,20250411,4,8,17,7,171,3,Low,0,Automated,QC-001401
1402,20250412,1,2,7,6,199,4,Low,0,Automated,QC-001402
1403,20250412,2,4,17,9,217,4,Low,0,Automated,QC-001403
1404,20250412,4,8,18,2,65,1,Low,0,Automated,QC-001404
1405,20250413,4,8,18,8,98,2,Low,0,Automated,QC-001405
1406,20250413,2,3,7,1,53,0,Low,0,Automated,QC-001406
1407,20250413,4,8,16,7,249,2,Low,0,Manual,QC-001407
1408,20250414,3,5,15,5,277,7,Low,0,Manual,QC-001408
1409,20250414,3,5,4,2,100,4,Low,0,Automated,QC-001409
1410,20250414,1,2,3,10,281,6,Low,0,Manual,QC-001410
1411,20250415,2,3,7,3,131,3,Low,0,Hybrid,QC-001411
1412,20250415,4,8,9,12,133,1,Low,0,Hybrid,QC-001412
1413,20250415,4,8,19,12,111,1,Low,0,Manual,QC-001413
1414,20250416,3,5,16,4,289,7,Low,0,Hybrid,QC-001414
1415,20250416,4,7,15,9,299,5,Low,0,Hybrid,QC-001415
1416,20250416,4,7,11,1,174,1,Low,0,Automated,QC-001416
1417,20250417,1,2,15,5,51,1,Low,0,Manual,QC-001417
1418,20250417,3,5,13,8,272,2,LOW,0,Automated,QC-001418
1419,20250417,2,3,18,9,163,4,Low,0,Automated,QC-001419
1420,20250418,4,7,19,4,156,4,Low,0,Hybrid,QC-001420
1421,20250418,1,1,6,6,57,1,Low,0,Manual,QC-001421
1422,20250418,1,2,14,4,70,2,Low,0,Automated,QC-001422
1423,20250419,2,4,12,12,143,3,Low,0,Automated,QC-001423
1424,20250419,3,5,6,2,238,6,Low,0,Manual,QC-001424
1425,20250419,1,2,4,11,138,3,Low,0,Hybrid,QC-001425
1426,20250420,3,6,12,7,74,2,Low,0,Manual,QC-001426
1427,20250420,4,8,17,2,53,1,Low,0,Manual,QC-001427
1428,20250420,1,1,3,12,194,15,Low,1,Hybrid,QC-001428
1429,20250421,3,6,11,4,228,6,Low,0,Manual,QC-001429
1430,20250421,3,5,9,9,257,5,Low,0,Hybrid,QC-001430
1431,20250421,2,3,20,9,139,3,Low,0,Manual,QC-001431
1432,20250422,1,1,20,8,69,1,Low,0,Hybrid,QC-001432
1433,20250422,4,7,6,2,256,8,Low,0,Automated,QC-001433
1434,20250422,2,4,11,11,112,4,Low,0,Manual,QC-001434
1435,20250423,3,5,8,4,117,1,Low,0,Automated,QC-001435
1436,20250423,2,4,17,11,67,1,Low,0,Manual,QC-001436
1437,20250423,2,3,15,11,103,1,Low,0,Manual,QC-001437
1438,20250424,2,3,15,3,283,8,Low,0,Automated,QC-001438
1439,20250424,1,2,11,1,82,2,Low,0,Manual,QC-001439
1440,20250424,3,6,11,5,187,2,Low,0,Hybrid,QC-001440
1441,20250425,4,7,3,6,158,5,Low,0,Manual,QC-001441
1442,20250425,3,6,10,9,138,3,Low,0,Automated,QC-001442
1443,20250425,3,5,16,11,283,3,Low,0,Automated,QC-001443
1444,20250426,1,1,15,5,290,5,Low,0,Manual,QC-001444
1445,20250426,3,5,1,12,244,11,Low,1,Automated,QC-001445
1446,20250426,4,7,16,1,118,1,Low,0,Manual,QC-001446
1447,20250427,3,6,9,11,164,3,Low,0,Automated,QC-001447
1448,20250427,3,5,20,2,91,1,Low,0,Hybrid,QC-001448
1449,20250427,2,4,5,1,97,3,Low,0,Manual,QC-001449
1450,20250428,2,4,7,9,189,2,Low,0,Hybrid,QC-001450
1451,20250428,2,4,17,11,142,6,Low,0,Hybrid,QC-001451
1452,20250428,1,2,17,12,286,7,Low,0,Automated,QC-001452
1453,20250429,4,7,5,4,120,3,Low,0,Automated,QC-001453
1454,20250429,3,5,13,3,119,2,Low,0,Hybrid,QC-001454
1455,20250429,1,1,4,5,228,16,Low,1,Automated,QC-001455
1456,20250430,4,7,9,10,90,2,Low,0,Hybrid,QC-001456
1457,20250430,3,6,10,7,104,1,Low,0,Hybrid,QC-001457
1458,20250430,3,6,2,10,99,3,Low,0,Manual,QC-001458
1459,20250501,2,3,13,6,272,11,Low,1,Automated,QC-001459
1460,20250501,3,6,10,4,121,2,Low,0,Manual,QC-001460
1461,20250501,2,4,12,1,194,3,Low,0,Automated,QC-001461
1462,20250502,4,7,11,12,286,5,Low,0,Manual,QC-001462
1463,20250502,2,4,16,6,121,3,Low,0,Automated,QC-001463
1464,20250502,1,1,8,11,250,6,Low,0,Manual,QC-001464
1465,20250503,2,4,14,2,66,0,Low,0,Manual,QC-001465
1466,20250503,2,4,8,12,79,1,Low,0,Automated,QC-001466
1467,20250503,2,3,14,11,90,1,Low,0,Manual,QC-001467
1468,20250504,2,4,7,8,149,2, Low,0,Hybrid,QC-001468
1469,20250504,2,3,5,10,231,11, Low,1,Automated,QC-001469
1470,20250504,4,8,5,5,213,10,Low,0,Manual,QC-001470
1471,20250505,2,3,10,1,66,1,Low,0,Automated,QC-001471
1472,20250505,3,5,2,2,288,9,Low,0,Hybrid,QC-001472
1473,20250505,3,5,7,11,105,2,Low,0,Hybrid,QC-001473
1474,20250506,3,6,10,4,179,2,Low,0,Manual,QC-001474
1475,20250506,2,3,18,2,294,4,Low,0,Automated,QC-001475
1476,20250506,2,3,19,9,124,2,Low,0,Hybrid,QC-001476
1477,20250507,1,1,3,9,167,8,Low,0,Manual,QC-001477
1478,20250507,2,3,8,3,188,2,Low,0,Hybrid,QC-001478
1479,20250507,1,2,7,3,88,2,Low,0,Automated,QC-001479
1480,20250508,3,5,14,11,286,7,Low,0,Manual,QC-001480
1481,20250508,2,3,5,3,84,6,Low,0,Automated,QC-001481
1482,20250508,4,7,3,5,155,4,Low,0,Manual,QC-001482
1483,20250509,3,5,16,12,185,3,Low,0,Automated,QC-001483
1484,20250509,1,1,18,12,126,1,Low,0,Hybrid,QC-001484
1485,20250509,3,6,3,1,203,5,Low,0,Manual,QC-001485
1486,20250510,2,3,1,7,169,4,Low,0,Automated,QC-001486
1487,20250510,1,1,17,8,134,2,low,0,Hybrid,QC-001487
1488,20250510,1,2,14,6,197,6,Low,0,Manual,QC-001488
1489,20250511,4,7,12,12,265,4,Low,0,Hybrid,QC-001489
1490,20250511,2,4,17,6,156,2,Low,0,Hybrid,QC-001490
1491,20250511,3,5,11,6,283,5,Low ,0,Hybrid,QC-001491
1492,20250512,4,7,14,3,199,3,Low,0,Manual,QC-001492
1493,20250512,2,4,12,5,75,0, Low,0,Hybrid,QC-001493
1494,20250512,4,7,17,4,168,3,Low,0,Automated,QC-001494
1495,20250513,2,3,15,2,129,3,Low,0,Manual,QC-001495
1496,20250513,1,2,8,7,90,2,Low,0,Automated,QC-001496
1497,20250513,1,2,5,11,113,3,Low,0,Hybrid,QC-001497
1498,20250514,4,7,16,10,208,2,Low,0,Hybrid,QC-001498
1499,20250514,3,6,17,7,285,6,Low,0,Automated,QC-001499
1500,20250514,4,7,8,11,229,4,Low,0,Automated,QC-001500
1501,20250515,4,7,3,7,220,9,Low,0,Manual,QC-001501
1502,20250515,4,7,17,7,138,2,Low,0,Hybrid,QC-001502
1503,20250515,2,3,4,5,198,13,Low,1,Automated,QC-001503
1504,20250516,4,8,3,2,125,3,low,0,Manual,QC-001504
1505,20250516,1,2,3,11,122,4,Low,0,Manual,QC-001505
1506,20250516,3,6,7,9,152,2,Low,0,Automated,QC-001506
1507,20250517,2,4,17,12,96,2,Low,0,Automated,QC-001507
1508,20250517,1,1,8,9,146,3,Low,0,Hybrid,QC-001508
1509,20250517,3,6,1,3,105,2,Low,0,Manual,QC-001509
1510,20250518,1,1,9,7,264,7,Low,0,Manual,QC-001510
1511,20250518,1,2,14,7,234,8,Low ,0,Automated,QC-001511
1512,20250518,1,2,17,8,64,1,Low,0,Hybrid,QC-001512
1513,20250519,1,2,10,5,145,1,Low,0,Manual,QC-001513
1514,20250519,2,4,19,,148,2,Low,0,Automated,QC-001514
1515,20250519,1,2,12,6,202,2,Low,0,Hybrid,QC-001515
1516,20250520,2,3,1,3,226,10,Low,0,Automated,QC-001516
1517,20250520,3,6,4,3,213,10,Low,0,Automated,QC-001517
1518,20250520,2,4,19,4,144,3,Low,0,Hybrid,QC-001518
1519,20250521,2,4,5,1,168,7,Low,0,Automated,QC-001519
1520,20250521,2,4,3,7,239,17,Low,1,Hybrid,QC-001520
1521,20250521,2,4,9,5,280,7,Low,0,Automated,QC-001521
1522,20250522,2,4,3,3,267,11,Low,1,Hybrid,QC-001522
1523,20250522,3,5,3,5,264,5,Low,0,Manual,QC-001523
1524,20250522,1,1,13,2,114,1,Low,0,Manual,QC-001524
1525,20250523,2,4,10,12,50,2,Low,0,Hybrid,QC-001525
1526,20250523,4,7,13,11,255,6, Low,0,Hybrid,QC-001526
1527,20250523,1,1,11,9,107,1,Low,0,Automated,QC-001527
1528,20250524,1,1,1,7,60,4,Low,0,Automated,QC-001528
1529,20250524,2,3,15,9,149,3,Low,0,Automated,QC-001529
1530,20250524,3,6,9,4,242,4,Low,0,Automated,QC-001530
1531,20250525,2,4,6,6,252,9,Low,0,Manual,QC-001531
1532,20250525,1,1,4,8,57,1,Low,0,Automated,QC-001532
1533,20250525,1,1,6,1,136,10,Low,0,Manual,QC-001533
1534,20250526,3,6,11,8,221,3,Low,0,Hybrid,QC-001534
1535,20250526,2,3,8,12,245,3,Low,0,Manual,QC-001535
1536,20250526,1,2,3,4,71,2,Low,0,Automated,QC-001536
1537,20250527,4,8,5,5,292,8,Low,0,Manual,QC-001537
1538,20250527,1,1,6,8,107,2,LOW,0,Hybrid,QC-001538
1539,20250527,2,4,2,6,124,3,Low,0,Hybrid,QC-001539
1540,20250528,4,8,5,6,53,2,Low,0,Automated,QC-001540
1541,20250528,2,4,10,11,103,3,Low,0,Manual,QC-001541
1542,20250528,4,8,6,12,270,10,Low,0,Hybrid,QC-001542
1543,20250529,1,1,19,10,152,1,Low,0,Manual,QC-001543
1544,20250529,1,1,11,7,208,4,Low,0,Automated,QC-001544
1545,20250529,3,5,4,3,79,3,Low,0,Manual,QC-001545
1546,20250530,3,6,10,4,189,4,Low,0,Manual,QC-001546
1547,20250530,2,3,19,5,155,6,Low,0,Hybrid,QC-001547
1548,20250530,3,6,13,5,156,2,Low,0,Manual,QC-001548
1549,20250531,4,7,1,8,68,1,Low,0,Hybrid,QC-001549
1550,20250531,3,6,12,7,228,3,Low,0,Hybrid,QC-001550
1551,20250531,3,6,13,9,195,1,Low,0,Hybrid,QC-001551
1552,20250601,4,7,18,10,68,1,Low,0,Manual,QC-001552
1553,20250601,1,2,17,10,71,1,Low,0,Manual,QC-001553
1554,20250601,1,2,12,11,78,2,Low,0,Automated,QC-001554
1555,20250602,3,5,8,2,119,3,Low,0,Manual,QC-001555
1556,20250602,1,1,6,5,166,3,Low,0,Manual,QC-001556
1557,20250602,3,6,3,7,227,5,Low,0,Hybrid,QC-001557
1558,20250603,1,1,2,7,85,1,Low,0,Hybrid,QC-001558
1559,20250603,3,6,3,4,161,3,Low,0,Hybrid,QC-001559
1560,20250603,2,4,8,5,223,6,Low ,0,Manual,QC-001560
1561,20250604,3,6,16,8,238,4,Low,0,Manual,QC-001561
1562,20250604,3,6,18,11,51,1,Low,0,Manual,QC-001562
1563,20250604,2,4,1,9,241,11,Low,1,Manual,QC-001563
1564,20250605,4,7,20,8,227,4,Low,0,Manual,QC-001564
1565,20250605,4,7,13,6,70,0,Low,0,Manual,QC-001565
1566,20250605,3,6,16,4,155,3,Low,0,Automated,QC-001566
1567,20250606,4,8,7,11,109,1,Low,0,Manual,QC-001567
1568,20250606,3,5,18,6,103,2,Low,0,Manual,QC-001568
1569,20250606,3,5,3,10,238,11,Low,1,Manual,QC-001569
1570,20250607,4,8,3,9,80,3,Low,0,Automated,QC-001570
1571,20250607,4,8,9,12,86,1,Low,0,Hybrid,QC-001571
1572,20250607,1,1,3,7,262,12,Low,1,Manual,QC-001572
1573,20250608,3,6,16,5,235,6,Low,0,Automated,QC-001573
1574,20250608,3,6,7,1,194,3,Low,0,Manual,QC-001574
1575,20250608,2,4,14,1,50,1,Low,0,Manual,QC-001575
1576,20250609,4,8,13,5,72,2,Low,0,Automated,QC-001576
1577,20250609,4,7,13,5,225,2,Low,0,Manual,QC-001577
1578,20250609,4,7,11,5,53,0,Low,0,Hybrid,QC-001578
1579,20250610,4,7,13,7,201,4,Low,0,Manual,QC-001579
1580,20250610,3,5,17,6,188,3,Low,0,Manual,QC-001580
1581,20250610,3,6,11,9,206,3,Low,0,Automated,QC-001581
1582,20250611,4,8,17,8,72,0,Low,0,Automated,QC-001582
1583,20250611,2,4,14,1,164,4,Low,0,Automated,QC-001583
1584,20250611,4,7,6,4,286,6,Low,0,Hybrid,QC-001584
1585,20250612,4,7,13,10,52,1,Low,0,Hybrid,QC-001585
1586,20250612,3,5,4,7,245,5,Low,0,Hybrid,QC-001586
1587,20250612,2,4,1,9,276,10,Low,0,Hybrid,QC-001587
1588,20250613,3,6,14,4,62,0,Low,0,Automated,QC-001588
1589,20250613,2,4,11,12,212,6,Low,0,Hybrid,QC-001589
1590,20250613,3,5,19,3,177,3,Low,0,Automated,QC-001590
1591,20250614,1,2,17,12,143,1,Low,0,Automated,QC-001591
1592,20250614,4,8,5,6,126,3,Low,0,Automated,QC-001592
1593,20250614,1,1,14,7,270,6,Low,0,Hybrid,QC-001593
1594,20250615,3,5,17,1,299,4,Low,0,Automated,QC-001594
1595,20250615,1,1,2,3,228,15,Low,1,Hybrid,QC-001595
1596,20250615,4,8,1,6,290,11,Low,1,Automated,QC-001596
1597,20250616,4,7,12,11,135,4,Low,0,Manual,QC-001597
1598,20250616,2,3,16,4,199,6,Low,0,Manual,QC-001598
1599,20250616,3,6,18,3,63,0,Low,0,Automated,QC-001599
1600,20250617,4,7,7,1,176,3,Low,0,Manual,QC-001600
1601,20250617,3,6,15,4,152,2,Low,0,Manual,QC-001601
1602,20250617,3,6,14,6,144,2,Low,0,Hybrid,QC-001602
1603,20250618,3,6,17,8,86,1,Low,0,Manual,QC-001603
1604,20250618,1,1,5,10,197,14,Low,1,Hybrid,QC-001604
1605,20250618,3,6,9,8,245,5,Low,0,Automated,QC-001605
1606,20250619,1,1,18,4,273,5,Low,0,Automated,QC-001606
1607,20250619,2,4,10,7,268,4,Low,0,Hybrid,QC-001607
1608,20250619,1,1,5,6,187,12,Low,1,Automated,QC-001608
1609,20250620,2,4,16,3,260,10,Low,0,Automated,QC-001609
1610,20250620,2,4,13,10,56,1,Low,0,Manual,QC-001610
1611,20250620,1,1,2,1,200,8,Low,0,Automated,QC-001611
1612,20250621,2,4,8,11,219,4,Low,0,Hybrid,QC-001612
1613,20250621,3,5,10,1,168,1,Low,0,Automated,QC-001613
1614,20250621,1,2,15,4,138,1,Low,0,Manual,QC-001614
1615,20250622,1,1,3,6,288,12,Low,1,Automated,QC-001615
1616,20250622,3,5,1,1,223,8,Low,0,Manual,QC-001616
1617,20250622,2,4,20,10,204,3,Low,0,Hybrid,QC-001617
1618,20250623,3,5,8,11,232,6,Low,0,Automated,QC-001618
1619,20250623,1,1,1,2,281,12,Low,1,Manual,QC-001619
1620,20250623,2,4,2,3,244,9,Low,0,Hybrid,QC-001620
1621,20250624,3,6,18,2,172,4,Low,0,Manual,QC-001621
1622,20250624,3,5,6,5,220,6,Low,0,Manual,QC-001622
1623,20250624,3,5,8,10,149,4,Low,0,Hybrid,QC-001623
1624,20250625,4,7,1,2,57,1,Low,0,Hybrid,QC-001624
1625,20250625,2,4,16,5,69,86,Low,0,Manual,QC-001625
1626,20250625,2,3,13,4,88,1,Low,0,Manual,QC-001626
1627,20250626,4,7,16,2,262,3,Low,0,Automated,QC-001627
1628,20250626,4,7,19,9,71,1,Low,0,Hybrid,QC-001628
1629,20250626,3,5,15,2,157,3,Low,0,Hybrid,QC-001629
1630,20250627,3,5,10,6,104,1,Low,0,Manual,QC-001630
1631,20250627,1,2,4,5,299,15,Low,1,Automated,QC-001631
1632,20250627,1,1,1,12,144,10,Low,0,Manual,QC-001632
1633,20250628,3,5,17,6,105,1,Low,0,Hybrid,QC-001633
1634,20250628,4,7,8,6,64,0,Low,0,Manual,QC-001634
1635,20250628,3,5,5,7,89,4,Low,0,Hybrid,QC-001635
1636,20250629,4,8,7,6,166,2,Low,0,Hybrid,QC-001636
1637,20250629,1,2,3,5,132,5,Low,0,Automated,QC-001637
1638,20250629,3,5,13,10,114,3,Low,0,Automated,QC-001638
1639,20250630,3,6,15,5,50,0,Low,0,Manual,QC-001639
1640,20250630,3,5,8,5,76,1,Low,0,Manual,QC-001640
1641,20250630,4,8,2,3,263,7,Low,0,Hybrid,QC-001641
1642,20250701,4,7,10,8,101,1,Low,0,Automated,QC-001642
1643,20250701,1,2,19,1,184,3,low,0,Hybrid,QC-001643
1644,20250701,2,3,11,8,179,5,Low,0,Automated,QC-001644
1645,20250702,2,4,18,9,144,2,Low,0,Automated,QC-001645
1646,20250702,2,4,16,1,94,2,Low,0,Hybrid,QC-001646
1647,20250702,4,8,3,2,158,8,Low,0,Automated,QC-001647
1648,20250703,3,5,12,3,122,2,Low,0,Manual,QC-001648
1649,20250703,3,6,3,6,85,1,Low,0,Automated,QC-001649
1650,20250703,3,5,13,12,228,5,Low,0,Hybrid,QC-001650
1651,20250704,3,6,14,11,110,1,Low,0,Hybrid,QC-001651
1652,20250704,4,8,7,11,113,1,Low,0,Manual,QC-001652
1653,20250704,4,8,5,9,279,11,Low,1,Manual,QC-001653
1654,20250705,3,5,9,5,230,6,Low,0,Hybrid,QC-001654
1655,20250705,1,1,5,10,276,7,Low,0,Manual,QC-001655
1656,20250705,4,7,20,11,223,5,Low,0,Automated,QC-001656
1657,20250706,1,2,17,1,285,3,Low,0,Automated,QC-001657
1658,20250706,3,6,12,4,185,2,Low,0,Manual,QC-001658
1659,20250706,4,8,16,6,213,3,Low,0,Automated,QC-001659
1660,20250707,2,4,7,4,196,4,Low,0,Manual,QC-001660
1661,20250707,4,8,10,11,235,6,Low,0,Manual,QC-001661
1662,20250707,3,5,20,10,226,2,Low,0,Manual,QC-001662
1663,20250708,4,8,6,3,74,2,Low,0,Automated,QC-001663
1664,20250708,4,7,3,5,152,6,Low,0,Manual,QC-001664
1665,20250708,1,1,20,1,236,5,Low,0,Automated,QC-001665
1666,20250709,2,4,11,6,252,3,Low,0,Hybrid,QC-001666
1667,20250709,4,8,18,1,182,3,Low,0,Manual,QC-001667
1668,20250709,2,4,13,2,65,2,Low,0,Manual,QC-001668
1669,20250710,1,1,16,6,193,8,Low,0,Automated,QC-001669
1670,20250710,2,3,17,1,175,4,low,0,Manual,QC-001670
1671,20250710,1,2,1,12,255,12,Low,1,Automated,QC-001671
1672,20250711,2,4,7,3,192,5,Low,0,Automated,QC-001672
1673,20250711,1,1,16,5,229,6,Low,0,Hybrid,QC-001673
1674,20250711,2,4,9,2,242,3,Low,0,Hybrid,QC-001674
1675,20250712,3,6,19,10,186,2,Low,0,Manual,QC-001675
1676,20250712,2,4,5,4,275,13,Low,1,Automated,QC-001676
1677,20250712,4,8,17,3,53,0,Low ,0,Manual,QC-001677
1678,20250713,2,4,3,8,115,5, Low,0,Hybrid,QC-001678
1679,20250713,1,2,18,8,135,3,Low,0,Automated,QC-001679
1680,20250713,3,5,13,4,244,7,LOW,0,Hybrid,QC-001680
1681,20250714,3,5,12,3,250,6,Low,0,Manual,QC-001681
1682,20250714,1,1,14,12,89,2,Low,0,Manual,QC-001682
1683,20250714,3,6,17,3,143,2,Low,0,Manual,QC-001683
1684,20250715,3,5,14,11,232,5,Low,0,Automated,QC-001684
1685,20250715,1,2,10,7,71,0,Low,0,Hybrid,QC-001685
1686,20250715,2,3,8,6,168,3,Low,0,Manual,QC-001686
1687,20250716,1,2,11,11,217,4,Low,0,Automated,QC-001687
1688,20250716,4,7,20,5,293,5,Low,0,Automated,QC-001688
1689,20250716,1,1,18,7,127,2,Low,0,Manual,QC-001689
1690,20250717,2,3,17,9,240,3,Low,0,Automated,QC-001690
1691,20250717,1,2,18,3,79,1,Low,0,Automated,QC-001691
1692,20250717,4,8,4,4,265,7,Low,0,Manual,QC-001692
1693,20250718,2,3,2,10,98,2,Low,0,Manual,QC-001693
1694,20250718,2,4,9,12,212,4,Low,0,Hybrid,QC-001694
1695,20250718,4,8,19,1,60,1,Low,0,Hybrid,QC-001695
1696,20250719,4,8,18,8,264,5,Low,0,Hybrid,QC-001696
1697,20250719,2,3,6,10,59,2,Low,0,Automated,QC-001697
1698,20250719,4,7,9,7,285,7,Low,0,Automated,QC-001698
1699,20250720,3,6,11,11,193,2,Low,0,Automated,QC-001699
1700,20250720,2,3,10,10,139,2,Low,0,Automated,QC-001700
1701,20250720,1,2,14,6,200,5,Low,0,Automated,QC-001701
1702,20250721,3,5,10,10,76,2,Low,0,Hybrid,QC-001702
1703,20250721,2,3,14,3,115,3,Low,0,Manual,QC-001703
1704,20250721,3,6,5,10,258,12,Low,1,Automated,QC-001704
1705,20250722,4,7,4,12,101,2,Low,0,Automated,QC-001705
1706,20250722,1,1,5,11,134,3,Low,0,Manual,QC-001706
1707,20250722,2,3,5,11,160,7,Low,0,Automated,QC-001707
1708,20250723,4,7,7,10,243,5,Low,0,Hybrid,QC-001708
1709,20250723,1,2,15,6,178,2,Low ,0,Automated,QC-001709
1710,20250723,2,3,7,4,125,2,Low,0,Hybrid,QC-001710
1711,20250724,4,7,12,5,56,0,Low,0,Hybrid,QC-001711
1712,20250724,1,2,11,2,188,4,Low,0,Automated,QC-001712
1713,20250724,4,8,8,11,127,2,Low,0,Hybrid,QC-001713
1714,20250725,1,1,9,4,271,4,Low,0,Automated,QC-001714
1715,20250725,2,3,4,1,295,12,Low,1,Automated,QC-001715
1716,20250725,3,6,2,9,86,1,Low,0,Automated,QC-001716
1717,20250726,2,3,19,10,254,8,Low,0,Automated,QC-001717
1718,20250726,2,4,20,2,225,2, Low,0,Automated,QC-001718
1719,20250726,3,5,13,9,140,1,Low,0,Manual,QC-001719
1720,20250727,4,7,7,11,235,2,Low,0,Hybrid,QC-001720
1721,20250727,4,8,10,1,219,4,Low,0,Manual,QC-001721
1722,20250727,3,5,9,10,277,5,Low,0,Automated,QC-001722
1723,20250728,4,8,6,10,176,5,Low,0,Automated,QC-001723
1724,20250728,4,8,3,2,177,8,Low,0,Hybrid,QC-001724
1725,20250728,3,5,1,2,60,2,Low,0,Automated,QC-001725
1726,20250729,1,2,1,10,163,3,Low,0,Manual,QC-001726
1727,20250729,1,2,7,12,107,1,Low,0,Automated,QC-001727
1728,20250729,1,2,17,7,145,3,Low,0,Manual,QC-001728
1729,20250730,2,3,16,3,89,1, Low,0,Manual,QC-001729
1730,20250730,1,2,1,11,188,13,Low,1,Hybrid,QC-001730
1731,20250730,2,4,19,8,202,2,Low,0,Automated,QC-001731
1732,20250731,2,3,11,,217,8,Low,0,Manual,QC-001732
1733,20250731,4,7,7,11,208,4,Low,0,Hybrid,QC-001733
1734,20250731,4,7,9,1,86,1,Low,0,Hybrid,QC-001734
1735,20250801,4,8,6,6,150,3,Low,0,Automated,QC-001735
1736,20250801,2,3,14,5,154,6,Low,0,Hybrid,QC-001736
1737,20250801,3,5,4,5,168,5,Low,0,Manual,QC-001737
1738,20250802,4,8,9,2,197,2,Low,0,Hybrid,QC-001738
1739,20250802,3,6,16,7,69,0,Low,0,Automated,QC-001739
1740,20250802,4,7,2,12,147,4,Low,0,Hybrid,QC-001740
1741,20250803,4,7,5,12,206,5,low,0,Manual,QC-001741
1742,20250803,4,7,17,9,63,0,Low,0,Manual,QC-001742
1743,20250803,4,7,11,3,216,5,Low ,0,Manual,QC-001743
1744,20250804,2,4,3,10,111,3,Low,0,Manual,QC-001744
1745,20250804,1,1,8,9,104,1,Low,0,Automated,QC-001745
1746,20250804,3,5,5,12,256,9,Low,0,Automated,QC-001746
1747,20250805,1,1,4,11,177,13,Low,1,Manual,QC-001747
1748,20250805,2,3,20,11,283,7,Low,0,Hybrid,QC-001748
1749,20250805,3,6,13,4,168,4,Low,0,Automated,QC-001749
1750,20250806,1,1,7,4,179,3,Low,0,Manual,QC-001750
1751,20250806,2,3,2,11,213,7,Low,0,Manual,QC-001751
1752,20250806,1,2,9,6,161,4,Low,0,Hybrid,QC-001752
1753,20250807,1,1,10,,135,1,Low,0,Manual,QC-001753
1754,20250807,4,7,6,9,186,4,Low,0,Hybrid,QC-001754
1755,20250807,3,5,1,8,194,9,low,0,Automated,QC-001755
1756,20250808,3,5,12,5,159,2,Low,0,Manual,QC-001756
1757,20250808,1,1,11,6,188,4,Low,0,Automated,QC-001757
1758,20250808,2,4,15,7,212,3,Low,0,Manual,QC-001758
1759,20250809,3,6,20,10,78,1,Low,0,Automated,QC-001759
1760,20250809,4,8,20,11,72,0,Low,0,Automated,QC-001760
1761,20250809,4,8,17,11,141,3,Low,0,Automated,QC-001761
1762,20250810,1,2,10,3,183,3,Low,0,Automated,QC-001762
1763,20250810,4,8,19,5,76,1,Low ,0,Manual,QC-001763
1764,20250810,4,7,4,5,96,4,Low,0,Manual,QC-001764
1765,20250811,2,4,20,7,93,3,Low,0,Manual,QC-001765
1766,20250811,3,5,2,7,273,12,Low,1,Manual,QC-001766
1767,20250811,1,2,3,10,106,5,Low,0,Automated,QC-001767
1768,20250812,3,5,16,4,198,2,Low,0,Hybrid,QC-001768
1769,20250812,4,8,15,7,249,6,Low,0,Hybrid,QC-001769
1770,20250812,1,1,10,2,161,3,Low,0,Manual,QC-001770
1771,20250813,2,4,2,6,154,7,Low,0,Automated,QC-001771
1772,20250813,3,5,5,7,296,10,Low,0,Hybrid,QC-001772
1773,20250813,4,8,2,2,98,1,Low,0,Manual,QC-001773
1774,20250814,3,6,9,10,178,4,Low,0,Automated,QC-001774
1775,20250814,3,5,5,12,166,7,Low,0,Automated,QC-001775
1776,20250814,2,3,10,5,201,5,Low,0,Automated,QC-001776
1777,20250815,1,1,8,12,164,4,Low,0,Manual,QC-001777
1778,20250815,4,8,17,1,157,1,Low,0,Manual,QC-001778
1779,20250815,1,1,7,12,89,1,Low,0,Automated,QC-001779
1780,20250816,2,4,16,2,226,8,Low,0,Automated,QC-001780
1781,20250816,4,7,6,8,97,4,Low,0,Automated,QC-001781
1782,20250816,3,6,16,9,245,6,Low,0,Manual,QC-001782
1783,20250817,2,4,14,3,226,3,LOW,0,Automated,QC-001783
1784,20250817,3,6,15,6,60,1,Low,0,Manual,QC-001784
1785,20250817,4,8,4,5,183,9,Low,0,Manual,QC-001785
1786,20250818,2,3,17,6,196,2,Low,0,Hybrid,QC-001786
1787,20250818,3,5,14,8,249,4,Low,0,Hybrid,QC-001787
1788,20250818,2,4,2,8,123,2,Low,0,Automated,QC-001788
1789,20250819,1,1,10,6,268,2,Low,0,Automated,QC-001789
1790,20250819,1,1,15,7,258,4,Low,0,Hybrid,QC-001790
1791,20250819,4,8,11,2,189,5,Low,0,Hybrid,QC-001791
1792,20250820,1,2,18,7,142,2, Low,0,Manual,QC-001792
1793,20250820,1,2,12,10,245,2,Low,0,Automated,QC-001793
1794,20250820,3,5,20,9,101,1,Low,0,Automated,QC-001794
1795,20250821,1,2,14,11,242,9,Low,0,Hybrid,QC-001795
1796,20250821,4,8,17,1,184,2,Low ,0,Hybrid,QC-001796
1797,20250821,1,1,12,7,142,3,Low,0,Manual,QC-001797
1798,20250822,1,2,4,7,189,3,Low,0,Hybrid,QC-001798
1799,20250822,3,6,13,12,102,1,Low,0,Manual,QC-001799
1800,20250822,3,5,7,7,201,3,Low,0,Automated,QC-001800
1801,20250823,1,1,10,7,240,6,Low,0,Hybrid,QC-001801
1802,20250823,1,1,14,5,147,2,Low,0,Manual,QC-001802
1803,20250823,4,8,20,5,253,7,Low,0,Automated,QC-001803
1804,20250824,1,1,10,4,65,1,Low,0,Manual,QC-001804
1805,20250824,4,8,2,5,206,7,Low,0,Automated,QC-001805
1806,20250824,2,3,14,10,118,3,Low,0,Automated,QC-001806
1807,20250825,1,2,9,1,91,3,Low,0,Manual,QC-001807
1808,20250825,2,4,11,5,219,5,Low,0,Hybrid,QC-001808
1809,20250825,2,3,12,11,212,3,Low,0,Hybrid,QC-001809
1810,20250826,4,8,3,6,92,3,Low,0,Automated,QC-001810
1811,20250826,3,6,2,3,114,3,Low,0,Manual,QC-001811
1812,20250826,3,5,3,6,98,3, Low,0,Hybrid,QC-001812
1813,20250827,3,6,5,7,271,8,Low,0,Hybrid,QC-001813
1814,20250827,1,2,15,5,86,2,Low,0,Automated,QC-001814
1815,20250827,3,5,9,6,130,3,Low,0,Manual,QC-001815
1816,20250828,1,2,17,5,104,1,Low,0,Hybrid,QC-001816
1817,20250828,2,4,13,4,123,2,Low,0,Automated,QC-001817
1818,20250828,3,6,14,4,265,4,Low,0,Manual,QC-001818
1819,20250829,2,3,19,5,244,4,Low,0,Automated,QC-001819
1820,20250829,1,2,1,1,287,10, Low,0,Hybrid,QC-001820
1821,20250829,3,5,13,4,87,2,Low,0,Manual,QC-001821
1822,20250830,1,1,17,9,128,3,Low,0,Manual,QC-001822
1823,20250830,3,5,18,7,138,2,Low,0,Hybrid,QC-001823
1824,20250830,4,8,8,4,88,1,Low,0,Automated,QC-001824
1825,20250831,4,8,13,5,171,4,Low,0,Hybrid,QC-001825
1826,20250831,4,8,20,3,207,3,Low,0,Hybrid,QC-001826
1827,20250831,2,3,12,3,282,5,Low,0,Manual,QC-001827
1828,20250901,2,3,11,1,70,1,Low,0,Hybrid,QC-001828
1829,20250901,2,3,4,12,267,15,Low,1,Automated,QC-001829
1830,20250901,4,8,16,10,210,6,low,0,Manual,QC-001830
1831,20250902,2,3,2,10,81,4,Low,0,Manual,QC-001831
1832,20250902,3,6,12,1,161,1,Low,0,Automated,QC-001832
1833,20250902,2,4,11,12,252,5,Low,0,Hybrid,QC-001833
1834,20250903,4,8,2,10,205,9,Low,0,Hybrid,QC-001834
1835,20250903,3,6,13,12,126,1,Low,0,Manual,QC-001835
1836,20250903,3,5,1,6,129,3,Low,0,Manual,QC-001836
1837,20250904,2,4,17,6,241,5,Low,0,Automated,QC-001837
1838,20250904,1,2,4,7,144,6,Low,0,Manual,QC-001838
1839,20250904,2,4,3,7,137,4,Low,0,Manual,QC-001839
1840,20250905,1,1,19,3,262,8,Low,0,Automated,QC-001840
1841,20250905,2,3,4,2,91,1,Low,0,Automated,QC-001841
1842,20250905,3,5,3,6,256,13,Low,1,Automated,QC-001842
1843,20250906,2,4,11,12,279,5,Low,0,Manual,QC-001843
1844,20250906,1,2,2,4,287,11,Low,1,Manual,QC-001844
1845,20250906,4,7,20,11,216,2,Low,0,Hybrid,QC-001845
1846,20250907,2,4,17,11,167,6,Low,0,Manual,QC-001846
1847,20250907,3,5,19,2,161,1,Low,0,Automated,QC-001847
1848,20250907,3,6,13,9,107,2,Low,0,Automated,QC-001848
1849,20250908,1,2,10,11,244,7,Low,0,Hybrid,QC-001849
1850,20250908,1,2,18,2,133,2,Low,0,Manual,QC-001850
1851,20250908,2,3,14,6,187,3,Low,0,Automated,QC-001851
1852,20250909,3,5,13,12,132,2,Low,0,Manual,QC-001852
1853,20250909,1,1,19,5,73,1,Low,0,Manual,QC-001853
1854,20250909,1,2,11,9,218,3,Low,0,Automated,QC-001854
1855,20250910,2,3,4,2,176,5,Low,0,Manual,QC-001855
1856,20250910,1,1,10,6,121,3,LOW,0,Hybrid,QC-001856
1857,20250910,4,8,7,1,176,4,Low,0,Automated,QC-001857
1858,20250911,4,8,15,2,152,1,Low,0,Hybrid,QC-001858
1859,20250911,4,8,1,5,112,5,Low,0,Manual,QC-001859
1860,20250911,1,2,8,1,131,1,LOW,0,Hybrid,QC-001860
1861,20250912,2,4,16,9,89,2,Low,0,Manual,QC-001861
1862,20250912,1,2,20,5,298,7,Low,0,Manual,QC-001862
1863,20250912,2,3,16,12,147,2,Low,0,Hybrid,QC-001863
1864,20250913,1,2,17,12,112,1,Low,0,Automated,QC-001864
1865,20250913,4,8,4,11,204,5,Low,0,Automated,QC-001865
1866,20250913,3,6,5,9,121,3,Low,0,Automated,QC-001866
1867,20250914,1,2,7,10,257,4,Low,0,Manual,QC-001867
1868,20250914,2,4,8,2,189,5,Low,0,Hybrid,QC-001868
1869,20250914,3,5,5,12,158,5,Low,0,Automated,QC-001869
1870,20250915,3,6,10,10,289,5,Low,0,Manual,QC-001870
1871,20250915,1,1,9,3,90,3,Low,0,Hybrid,QC-001871
1872,20250915,4,8,4,5,121,5,Low ,0,Manual,QC-001872
1873,20250916,4,7,4,7,60,2,Low,0,Manual,QC-001873
1874,20250916,1,1,13,6,132,4,Low,0,Hybrid,QC-001874
1875,20250916,4,7,16,10,171,3,low,0,Automated,QC-001875
1876,20250917,1,1,1,12,99,6,Low,0,Manual,QC-001876
1877,20250917,4,7,2,4,136,2,Low,0,Manual,QC-001877
1878,20250917,4,7,8,2,185,4,Low,0,Automated,QC-001878
1879,20250918,1,2,5,1,166,5,Low,0,Manual,QC-001879
1880,20250918,2,3,11,10,222,6,Low,0,Hybrid,QC-001880
1881,20250918,2,4,14,7,114,1,Low,0,Manual,QC-001881
1882,20250919,1,2,18,7,77,2,Low,0,Hybrid,QC-001882
1883,20250919,3,5,4,12,153,6,Low,0,Hybrid,QC-001883
1884,20250919,2,3,13,6,236,4,Low,0,Manual,QC-001884
1885,20250920,1,1,6,8,148,7,Low,0,Manual,QC-001885
1886,20250920,3,5,16,11,198,2,Low,0,Manual,QC-001886
1887,20250920,3,5,10,10,136,2,Low,0,Hybrid,QC-001887
1888,20250921,1,1,20,7,181,5,Low,0,Manual,QC-001888
1889,20250921,3,6,4,2,161,2,Low,0,Hybrid,QC-001889
1890,20250921,3,6,9,5,165,4,Low,0,Hybrid,QC-001890
1891,20250922,3,6,17,12,154,2,Low,0,Manual,QC-001891
1892,20250922,3,6,7,9,108,1,Low,0,Hybrid,QC-001892
1893,20250922,3,6,5,9,190,4,Low,0,Manual,QC-001893
1894,20250923,1,1,12,6,233,4,Low,0,Automated,QC-001894
1895,20250923,4,8,14,1,130,3,Low,0,Hybrid,QC-001895
1896,20250923,1,1,10,6,253,4,Low,0,Automated,QC-001896
1897,20250924,4,8,16,6,232,6,Low,0,Automated,QC-001897
1898,20250924,2,3,11,5,179,7,Low,0,Hybrid,QC-001898
1899,20250924,2,3,2,2,294,18,Low,1,Hybrid,QC-001899
1900,20250925,3,5,1,3,195,4,Low,0,Automated,QC-001900
1901,20250925,4,7,20,8,151,2,Low,0,Manual,QC-001901
1902,20250925,2,4,9,7,115,4,Low,0,Automated,QC-001902
1903,20250926,2,4,16,6,124,2,Low,0,Automated,QC-001903
1904,20250926,2,4,11,5,180,2,low,0,Manual,QC-001904
1905,20250926,4,8,4,8,201,7,Low,0,Manual,QC-001905
1906,20250927,3,6,9,6,87,1,Low,0,Automated,QC-001906
1907,20250927,1,2,19,4,269,3,Low,0,Automated,QC-001907
1908,20250927,2,4,12,7,105,2,Low,0,Hybrid,QC-001908
1909,20250928,4,7,9,10,285,6,Low,0,Manual,QC-001909
1910,20250928,2,3,15,8,154,1,Low,0,Hybrid,QC-001910
1911,20250928,4,7,2,2,121,3,Low,0,Manual,QC-001911
1912,20250929,1,1,6,9,223,5,Low,0,Manual,QC-001912
1913,20250929,3,5,6,4,187,222,Low,0,Hybrid,QC-001913
1914,20250929,1,2,15,6,121,1,Low,0,Manual,QC-001914
1915,20250930,3,6,9,1,206,2,Low,0,Automated,QC-001915
1916,20250930,2,4,3,10,208,3,Low,0,Manual,QC-001916
1917,20250930,3,5,1,8,122,3,Low,0,Hybrid,QC-001917
1918,20251001,4,7,1,6,284,6,Low,0,Manual,QC-001918
1919,20251001,3,5,12,3,122,2,Low,0,Manual,QC-001919
1920,20251001,1,1,18,8,190,5,Low,0,Hybrid,QC-001920
1921,20251002,3,5,13,7,153,4,Low,0,Manual,QC-001921
1922,20251002,3,5,7,4,232,5,Low,0,Hybrid,QC-001922
1923,20251002,2,4,10,11,197,3,Low,0,Hybrid,QC-001923
1924,20251003,1,1,1,8,82,3,Low,0,Manual,QC-001924
1925,20251003,4,7,1,10,74,1,Low,0,Hybrid,QC-001925
1926,20251003,1,1,7,2,254,5,Low,0,Manual,QC-001926
1927,20251004,3,6,17,10,51,0,Low,0,Manual,QC-001927
1928,20251004,2,3,15,7,274,5,Low,0,Automated,QC-001928
1929,20251004,2,4,4,9,52,1,Low,0,Manual,QC-001929
1930,20251005,2,3,13,3,198,4,Low,0,Automated,QC-001930
1931,20251005,4,8,19,8,165,3,Low,0,Hybrid,QC-001931
1932,20251005,3,5,20,4,248,5,Low,0,Hybrid,QC-001932
1933,20251006,2,4,1,8,69,3,Low,0,Automated,QC-001933
1934,20251006,1,1,7,7,105,1,Low,0,Manual,QC-001934
1935,20251006,3,6,20,9,50,1,Low,0,Automated,QC-001935
1936,20251007,1,1,3,8,101,4,Low,0,Automated,QC-001936
1937,20251007,2,4,19,6,293,304,Low,0,Manual,QC-001937
1938,20251007,3,6,16,4,125,2,Low,0,Manual,QC-001938
1939,20251008,1,1,5,3,105,1,Low,0,Manual,QC-001939
1940,20251008,4,8,19,10,275,6, Low,0,Manual,QC-001940
1941,20251008,3,6,3,1,269,6,Low,0,Automated,QC-001941
1942,20251009,1,1,1,3,194,5,Low,0,Hybrid,QC-001942
1943,20251009,4,7,1,5,178,5,Low,0,Automated,QC-001943
1944,20251009,1,2,3,12,181,3,Low,0,Automated,QC-001944
1945,20251010,2,3,14,6,138,4,Low,0,Automated,QC-001945
1946,20251010,2,4,18,9,166,3,Low,0,Automated,QC-001946
1947,20251010,1,1,15,10,138,2,Low,0,Automated,QC-001947
1948,20251011,1,1,5,1,54,3,Low,0,Automated,QC-001948
1949,20251011,4,7,3,1,111,5,Low,0,Manual,QC-001949
1950,20251011,4,8,14,5,239,6,Low,0,Hybrid,QC-001950
1951,20251012,4,8,12,7,50,0,low,0,Hybrid,QC-001951
1952,20251012,1,2,14,3,196,4,Low,0,Manual,QC-001952
1953,20251012,1,2,14,4,124,3,Low,0,Manual,QC-001953
1954,20251013,1,1,6,9,93,2,Low,0,Hybrid,QC-001954
1955,20251013,1,2,18,9,54,1,Low,0,Automated,QC-001955
1956,20251013,1,1,5,9,211,11,Low,1,Hybrid,QC-001956
1957,20251014,2,4,2,3,162,5,Low,0,Automated,QC-001957
1958,20251014,2,4,11,7,75,1,Low,0,Automated,QC-001958
1959,20251014,2,4,19,11,219,4,Low,0,Automated,QC-001959
1960,20251015,2,4,17,9,202,8,Low,0,Hybrid,QC-001960
1961,20251015,4,7,1,11,80,2,Low,0,Manual,QC-001961
1962,20251015,3,6,8,10,60,1,Low,0,Automated,QC-001962
1963,20251016,4,8,7,1,235,3,Low,0,Hybrid,QC-001963
1964,20251016,1,1,18,3,52,1,Low,0,Manual,QC-001964
1965,20251016,2,4,5,3,107,5,Low,0,Manual,QC-001965
1966,20251017,1,1,16,11,111,2,Low,0,Automated,QC-001966
1967,20251017,2,4,3,11,220,4,Low,0,Hybrid,QC-001967
1968,20251017,3,5,4,10,225,6,Low ,0,Automated,QC-001968
1969,20251018,2,4,20,8,150,2,Low,0,Manual,QC-001969
1970,20251018,2,3,14,9,261,4,Low,0,Automated,QC-001970
1971,20251018,1,2,12,10,266,5,Low,0,Hybrid,QC-001971
1972,20251019,2,4,16,4,228,2,Low,0,Manual,QC-001972
1973,20251019,4,7,20,,126,3,Low,0,Manual,QC-001973
1974,20251019,4,8,14,3,274,4,Low,0,Automated,QC-001974
1975,20251020,1,2,13,12,87,0,Low,0,Automated,QC-001975
1976,20251020,4,7,7,2,173,3,Low,0,Hybrid,QC-001976
1977,20251020,2,4,5,2,54,2,Low,0,Automated,QC-001977
1978,20251021,2,3,5,4,248,13,Low,1,Hybrid,QC-001978
1979,20251021,1,2,18,6,242,7,Low,0,Automated,QC-001979
1980,20251021,2,4,14,5,207,5,Low,0,Manual,QC-001980
1981,20251022,1,2,18,11,168,2,Low,0,Automated,QC-001981
1982,20251022,4,7,18,7,238,6,Low,0,Hybrid,QC-001982
1983,20251022,2,4,12,2,171,4,Low,0,Hybrid,QC-001983
1984,20251023,3,6,8,8,277,4,Low,0,Manual,QC-001984
1985,20251023,2,4,15,3,115,4,Low,0,Automated,QC-001985
1986,20251023,1,1,3,2,193,9,Low,0,Manual,QC-001986
1987,20251024,4,8,1,2,154,6,Low,0,Automated,QC-001987
1988,20251024,1,1,8,12,267,7,Low,0,Manual,QC-001988
1989,20251024,4,8,4,11,218,8,Low,0,Automated,QC-001989
1990,20251025,1,1,3,11,145,2,Low,0,Manual,QC-001990
1991,20251025,2,3,4,7,295,14,Low,1,Hybrid,QC-001991
1992,20251025,2,4,17,8,54,1,Low,0,Automated,QC-001992
1993,20251026,1,1,9,11,152,2,Low,0,Manual,QC-001993
1994,20251026,4,7,18,4,269,4,Low,0,Manual,QC-001994
1995,20251026,3,5,17,2,72,1,Low,0,Manual,QC-001995
1996,20251027,3,5,16,11,61,1,Low,0,Automated,QC-001996
1997,20251027,1,1,13,12,107,2,Low,0,Automated,QC-001997
1998,20251027,4,7,17,12,50,1,Low,0,Hybrid,QC-001998
1999,20251028,3,5,10,2,108,1,Low,0,Automated,QC-001999
2000,20251028,1,1,4,8,64,2,Low,0,Hybrid,QC-002000
2001,20251028,3,5,13,7,282,8,Low,0,Hybrid,QC-002001
2002,20251029,4,8,8,2,56,1,Low,0,Automated,QC-002002
2003,20251029,2,4,20,1,225,6,Low,0,Manual,QC-002003
2004,20251029,4,7,10,6,139,2,Low,0,Hybrid,QC-002004
2005,20251030,4,7,2,3,93,4,low,0,Hybrid,QC-002005
2006,20251030,3,5,15,2,178,1,Low,0,Hybrid,QC-002006
2007,20251030,3,5,17,12,104,1,Low,0,Automated,QC-002007
2008,20251031,1,2,5,12,118,6,Low,0,Manual,QC-002008
2009,20251031,4,7,12,8,168,1,low,0,Hybrid,QC-002009
2010,20251031,4,8,3,1,227,4,Low,0,Manual,QC-002010
2011,20251101,1,1,16,8,120,1, Low,0,Automated,QC-002011
2012,20251101,4,7,10,11,256,4,Low,0,Manual,QC-002012
2013,20251101,3,6,3,11,128,6,Low,0,Automated,QC-002013
2014,20251102,1,2,10,9,234,3,Low,0,Manual,QC-002014
2015,20251102,2,4,19,10,229,9,Low,0,Automated,QC-002015
2016,20251102,3,6,3,12,208,5,Low,0,Hybrid,QC-002016
2017,20251103,4,8,16,9,140,2,Low,0,Manual,QC-002017
2018,20251103,3,6,14,8,190,2,low,0,Manual,QC-002018
2019,20251103,1,1,17,10,163,2,Low,0,Automated,QC-002019
2020,20251104,4,8,13,8,133,1,Low,0,Automated,QC-002020
2021,20251104,4,7,3,11,112,3,Low,0,Hybrid,QC-002021
2022,20251104,2,4,17,4,70,1,Low,0,Hybrid,QC-002022
2023,20251105,1,2,1,9,58,1,Low,0,Automated,QC-002023
2024,20251105,4,8,15,5,143,3,Low,0,Hybrid,QC-002024
2025,20251105,1,2,14,10,155,4,Low,0,Automated,QC-002025
2026,20251106,1,2,1,1,250,12,Low,1,Automated,QC-002026
2027,20251106,2,4,11,3,279,5,Low,0,Hybrid,QC-002027
2028,20251106,2,3,7,7,169,4,Low,0,Automated,QC-002028
2029,20251107,4,7,4,11,268,12,Low,1,Hybrid,QC-002029
2030,20251107,4,7,17,12,259,3,Low,0,Hybrid,QC-002030
2031,20251107,1,1,2,11,86,3,Low,0,Hybrid,QC-002031
2032,20251108,4,8,15,5,189,2,Low,0,Automated,QC-002032
2033,20251108,1,2,8,7,105,2,Low ,0,Automated,QC-002033
2034,20251108,1,1,19,3,226,5,Low,0,Manual,QC-002034
2035,20251109,2,3,12,8,290,8,Low,0,Manual,QC-002035
2036,20251109,2,4,3,11,193,4,Low,0,Manual,QC-002036
2037,20251109,4,8,2,8,154,5,Low,0,Automated,QC-002037
2038,20251110,3,5,12,8,138,4,Low,0,Automated,QC-002038
2039,20251110,4,7,8,12,226,3,Low,0,Automated,QC-002039
2040,20251110,2,4,20,2,270,9,Low,0,Manual,QC-002040
2041,20251111,1,2,6,3,223,5,Low,0,Manual,QC-002041
2042,20251111,4,8,9,5,139,2,Low,0,Manual,QC-002042
2043,20251111,4,8,13,3,102,1,Low,0,Automated,QC-002043
2044,20251112,1,1,6,4,145,4,Low,0,Manual,QC-002044
2045,20251112,4,7,18,9,144,3,Low,0,Manual,QC-002045
2046,20251112,4,8,18,10,109,1,LOW,0,Automated,QC-002046
2047,20251113,3,6,5,3,130,6,Low,0,Hybrid,QC-002047
2048,20251113,4,8,18,8,63,0,Low,0,Hybrid,QC-002048
2049,20251113,2,3,13,10,259,4,Low,0,Hybrid,QC-002049
2050,20251114,1,1,17,6,210,2,Low,0,Manual,QC-002050
2051,20251114,4,7,5,3,174,3,Low,0,Manual,QC-002051
2052,20251114,1,1,17,1,174,2,Low,0,Hybrid,QC-002052
2053,20251115,1,1,7,10,267,6,Low,0,Manual,QC-002053
2054,20251115,1,2,10,11,52,1,Low,0,Hybrid,QC-002054
2055,20251115,1,2,19,8,296,8,Low,0,Hybrid,QC-002055
2056,20251116,2,3,20,12,180,4,Low,0,Automated,QC-002056
2057,20251116,1,2,18,4,54,1,Low,0,Automated,QC-002057
2058,20251116,1,1,12,9,82,1,Low,0,Automated,QC-002058
2059,20251117,2,4,18,1,285,3,Low,0,Hybrid,QC-002059
2060,20251117,2,3,15,10,118,2,Low,0,Automated,QC-002060
2061,20251117,3,5,2,9,232,8,Low,0,Automated,QC-002061
2062,20251118,4,8,17,1,283,4,Low,0,Hybrid,QC-002062
2063,20251118,2,4,4,8,165,4,Low,0,Manual,QC-002063
2064,20251118,4,7,2,8,219,4,low,0,Automated,QC-002064
2065,20251119,4,7,3,9,245,5,Low,0,Manual,QC-002065
2066,20251119,2,3,10,1,240,5,Low,0,Automated,QC-002066
2067,20251119,2,4,1,6,282,12,Low,1,Automated,QC-002067
2068,20251120,1,2,6,1,76,4,Low,0,Hybrid,QC-002068
2069,20251120,4,8,11,4,133,2,low,0,Manual,QC-002069
2070,20251120,4,8,8,10,146,1,Low,0,Hybrid,QC-002070
2071,20251121,2,4,4,5,83,2,Low,0,Manual,QC-002071
2072,20251121,4,7,8,4,168,4,Low,0,Hybrid,QC-002072
2073,20251121,1,1,15,2,145,4,Low,0,Automated,QC-002073
2074,20251122,4,8,18,3,53,0,Low,0,Automated,QC-002074
2075,20251122,3,6,17,2,199,3,Low,0,Hybrid,QC-002075
2076,20251122,4,7,14,7,235,4,Low,0,Automated,QC-002076
2077,20251123,2,3,14,11,135,1,Low,0,Automated,QC-002077
2078,20251123,1,1,17,8,134,1,Low,0,Manual,QC-002078
2079,20251123,1,1,2,3,123,6,Low,0,Automated,QC-002079
2080,20251124,1,1,2,9,233,8,Low,0,Automated,QC-002080
2081,20251124,2,3,1,4,282,8,Low,0,Automated,QC-002081
2082,20251124,1,2,19,8,264,7,Low,0,Manual,QC-002082
2083,20251125,4,7,20,5,256,5,Low,0,Manual,QC-002083
2084,20251125,2,3,15,11,198,3,Low,0,Manual,QC-002084
2085,20251125,3,6,15,6,252,2,Low,0,Manual,QC-002085
2086,20251126,2,4,4,2,87,4,Low,0,Manual,QC-002086
2087,20251126,4,8,5,3,113,5,Low,0,Automated,QC-002087
2088,20251126,4,7,9,11,209,4,Low,0,Manual,QC-002088
2089,20251127,4,7,19,6,168,3,Low,0,Hybrid,QC-002089
2090,20251127,3,5,19,7,255,4,Low,0,Manual,QC-002090
2091,20251127,2,4,18,12,100,3,Low,0,Hybrid,QC-002091
2092,20251128,3,6,18,5,128,2,Low,0,Hybrid,QC-002092
2093,20251128,1,1,12,1,168,3,Low,0,Manual,QC-002093
2094,20251128,1,1,1,11,186,9,LOW,0,Automated,QC-002094
2095,20251129,1,1,10,5,91,2,Low,0,Automated,QC-002095
2096,20251129,3,5,5,5,166,3,Low,0,Automated,QC-002096
2097,20251129,4,8,20,7,192,3,LOW,0,Automated,QC-002097
2098,20251130,1,2,5,10,257,12,low,1,Automated,QC-002098
2099,20251130,3,5,10,11,189,4,Low,0,Automated,QC-002099
2100,20251130,4,7,7,11,177,4,Low,0,Hybrid,QC-002100
2101,20251201,3,6,15,10,177,4,Low,0,Hybrid,QC-002101
2102,20251201,4,8,15,1,94,2,Low,0,Automated,QC-002102
2103,20251201,3,6,9,3,283,5,Low,0,Automated,QC-002103
2104,20251202,4,8,12,11,216,5,Low,0,Automated,QC-002104
2105,20251202,2,3,4,7,142,2,Low,0,Automated,QC-002105
2106,20251202,3,6,5,9,71,2,Low,0,Hybrid,QC-002106
2107,20251203,2,4,5,4,111,6,Low,0,Automated,QC-002107
2108,20251203,2,3,9,2,150,6,Low,0,Manual,QC-002108
2109,20251203,3,5,1,11,255,8,Low,0,Hybrid,QC-002109
2110,20251204,3,6,12,9,69,1,Low,0,Hybrid,QC-002110
2111,20251204,2,4,12,10,138,2,Low,0,Manual,QC-002111
2112,20251204,3,5,15,3,137,3,Low,0,Hybrid,QC-002112
2113,20251205,4,8,9,8,149,3,Low,0,Hybrid,QC-002113
2114,20251205,4,8,16,1,251,4,Low,0,Automated,QC-002114
2115,20251205,2,4,2,3,81,2,Low,0,Hybrid,QC-002115
2116,20251206,3,6,3,12,265,4,LOW,0,Hybrid,QC-002116
2117,20251206,3,6,7,4,59,0,Low,0,Manual,QC-002117
2118,20251206,3,6,18,10,250,2, Low,0,Automated,QC-002118
2119,20251207,2,4,17,6,56,1,Low,0,Automated,QC-002119
2120,20251207,2,4,20,4,178,3,Low,0,Hybrid,QC-002120
2121,20251207,3,6,15,6,270,4,Low,0,Automated,QC-002121
2122,20251208,1,2,20,3,263,4,Low,0,Automated,QC-002122
2123,20251208,4,7,13,6,238,6,Low,0,Automated,QC-002123
2124,20251208,3,5,9,10,130,2,Low,0,Manual,QC-002124
2125,20251209,2,3,11,3,258,7,Low,0,Manual,QC-002125
2126,20251209,1,1,14,3,101,1,Low,0,Automated,QC-002126
2127,20251209,3,5,6,12,272,10,Low,0,Automated,QC-002127
2128,20251210,4,7,8,11,111,2,Low,0,Hybrid,QC-002128
2129,20251210,1,1,1,9,72,82,Low,0,Hybrid,QC-002129
2130,20251210,1,1,7,8,211,5,Low,0,Automated,QC-002130
2131,20251211,4,7,12,3,124,2,Low,0,Manual,QC-002131
2132,20251211,2,4,20,10,272,3,Low,0,Automated,QC-002132
2133,20251211,1,2,5,3,292,11,Low,1,Manual,QC-002133
2134,20251212,3,5,3,7,188,6,Low,0,Automated,QC-002134
2135,20251212,4,8,12,1,190,3,Low,0,Manual,QC-002135
2136,20251212,2,3,7,1,96,1,Low,0,Hybrid,QC-002136
2137,20251213,4,7,9,12,52,1,Low,0,Automated,QC-002137
2138,20251213,1,1,6,7,159,7,Low,0,Automated,QC-002138
2139,20251213,4,7,13,11,67,1,Low,0,Automated,QC-002139
2140,20251214,1,2,11,6,178,2,Low,0,Manual,QC-002140
2141,20251214,3,5,19,6,216,3,Low,0,Manual,QC-002141
2142,20251214,1,1,7,3,160,1,Low,0,Hybrid,QC-002142
2143,20251215,4,8,15,11,134,1,Low,0,Automated,QC-002143
2144,20251215,4,8,7,2,110,3,Low,0,Automated,QC-002144
2145,20251215,4,8,7,7,269,5,Low,0,Manual,QC-002145
2146,20251216,1,2,4,4,95,4,Low ,0,Automated,QC-002146
2147,20251216,2,4,1,6,183,12,Low,1,Automated,QC-002147
2148,20251216,4,7,15,3,90,2,Low,0,Automated,QC-002148
2149,20251217,4,7,15,1,140,3,Low,0,Hybrid,QC-002149
2150,20251217,3,6,12,7,56,1,Low,0,Hybrid,QC-002150
2151,20251217,3,6,3,3,184,5,Low,0,Automated,QC-002151
2152,20251218,1,1,20,6,126,3,Low,0,Manual,QC-002152
2153,20251218,1,1,19,2,81,1,Low,0,Automated,QC-002153
2154,20251218,3,6,8,5,170,3,Low,0,Automated,QC-002154
2155,20251219,3,5,9,6,294,7,Low,0,Manual,QC-002155
2156,20251219,3,5,13,10,242,2,Low,0,Manual,QC-002156
2157,20251219,3,5,14,12,255,6,Low,0,Hybrid,QC-002157
2158,20251220,3,5,10,3,176,3,Low,0,Automated,QC-002158
2159,20251220,1,1,16,6,116,2, Low,0,Manual,QC-002159
2160,20251220,2,3,4,7,293,14,Low,1,Hybrid,QC-002160
2161,20251221,4,8,19,6,88,1,Low,0,Hybrid,QC-002161
2162,20251221,1,2,6,10,211,15,Low,1,Manual,QC-002162
2163,20251221,2,3,14,12,190,4,Low,0,Hybrid,QC-002163
2164,20251222,1,2,1,8,90,1,Low,0,Manual,QC-002164
2165,20251222,1,2,17,3,200,5,Low,0,Automated,QC-002165
2166,20251222,4,7,17,1,256,6,Low,0,Automated,QC-002166
2167,20251223,2,4,10,11,213,5,Low,0,Hybrid,QC-002167
2168,20251223,1,1,8,3,163,6,Low,0,Hybrid,QC-002168
2169,20251223,2,3,4,2,107,6,Low,0,Hybrid,QC-002169
2170,20251224,2,3,18,5,261,5,Low,0,Automated,QC-002170
2171,20251224,2,4,15,11,111,2,Low,0,Hybrid,QC-002171
2172,20251224,3,6,4,8,133,5,Low,0,Automated,QC-002172
2173,20251225,2,3,9,9,142,4,Low,0,Automated,QC-002173
2174,20251225,1,1,2,7,215,4,Low,0,Hybrid,QC-002174
2175,20251225,3,6,12,4,143,2,Low,0,Manual,QC-002175
2176,20251226,2,3,10,12,229,8,Low,0,Hybrid,QC-002176
2177,20251226,4,7,15,8,78,1,Low,0,Hybrid,QC-002177
2178,20251226,2,3,10,8,299,6,Low,0,Automated,QC-002178
2179,20251227,4,8,18,3,53,0,Low,0,Manual,QC-002179
2180,20251227,1,1,18,9,103,3, Low,0,Manual,QC-002180
2181,20251227,2,4,6,2,125,5,Low,0,Automated,QC-002181
2182,20251228,1,2,19,6,270,3,Low,0,Automated,QC-002182
2183,20251228,3,6,5,7,271,11,Low,1,Automated,QC-002183
2184,20251228,3,5,10,3,298,7,Low,0,Manual,QC-002184
2185,20251229,1,2,17,2,274,11,Low,1,Hybrid,QC-002185
2186,20251229,4,7,5,6,244,8,Low,0,Manual,QC-002186
2187,20251229,4,8,4,4,105,2,Low,0,Hybrid,QC-002187
2188,20251230,3,5,15,12,207,4,Low,0,Hybrid,QC-002188
2189,20251230,2,3,12,10,277,11,Low,1,Hybrid,QC-002189
2190,20251230,4,7,15,12,166,1,Low,0,Manual,QC-002190
2191,20251231,2,4,3,9,267,11, Low,1,Automated,QC-002191
2192,20251231,2,4,6,11,236,10,Low,0,Manual,QC-002192
2193,20251231,1,1,6,4,118,2,Low,0,Automated,QC-002193
2194,20260101,2,3,11,2,225,3,Low,0,Manual,QC-002194
2195,20260101,1,1,5,2,153,11,Low ,1,Automated,QC-002195
2196,20260101,4,8,16,8,118,2,Low,0,Hybrid,QC-002196
2197,20260102,1,1,11,3,258,10,Low,0,Automated,QC-002197
2198,20260102,2,3,18,2,163,2,Low,0,Automated,QC-002198
2199,20260102,1,2,18,8,217,3,Low,0,Hybrid,QC-002199
2200,20260103,4,7,7,5,179,3,Low,0,Automated,QC-002200
2201,20260103,3,5,5,2,258,11,Low,1,Hybrid,QC-002201
2202,20260103,3,5,18,1,128,3,Low,0,Automated,QC-002202
2203,20260104,2,3,7,2,71,2,LOW,0,Automated,QC-002203
2204,20260104,3,6,2,11,97,3,Low,0,Automated,QC-002204
2205,20260104,4,7,8,10,159,2,Low,0,Manual,QC-002205
2206,20260105,2,4,5,10,158,9,Low,0,Automated,QC-002206
2207,20260105,1,1,9,3,250,3,Low,0,Manual,QC-002207
2208,20260105,3,6,10,6,110,2,Low,0,Automated,QC-002208
2209,20260106,2,4,13,6,292,4, Low,0,Hybrid,QC-002209
2210,20260106,3,5,19,11,224,5,Low,0,Manual,QC-002210
2211,20260106,1,2,4,9,275,20,Medium,1,Automated,QC-002211
2212,20260107,4,8,12,4,298,7,Low,0,Manual,QC-002212
2213,20260107,1,1,14,7,194,2,Low,0,Hybrid,QC-002213
2214,20260107,2,4,12,7,71,1,Low,0,Hybrid,QC-002214
2215,20260108,3,5,8,1,155,2,Low,0,Automated,QC-002215
2216,20260108,4,7,15,4,141,1,Low,0,Hybrid,QC-002216
2217,20260108,3,6,11,4,106,3,Low,0,Manual,QC-002217
2218,20260109,1,1,4,11,184,4,Low,0,Manual,QC-002218
2219,20260109,4,7,5,10,223,6,LOW,0,Automated,QC-002219
2220,20260109,4,8,15,11,110,1,Low,0,Automated,QC-002220
2221,20260110,1,1,19,4,298,9,Low,0,Manual,QC-002221
2222,20260110,4,7,12,4,182,4,Low,0,Hybrid,QC-002222
2223,20260110,1,1,16,1,147,3,Low,0,Automated,QC-002223
2224,20260111,2,3,16,10,113,1,Low,0,Manual,QC-002224
2225,20260111,2,3,19,8,259,6,Low,0,Hybrid,QC-002225
2226,20260111,3,6,9,3,117,3,Low,0,Automated,QC-002226
2227,20260112,1,2,9,8,168,3,Low,0,Manual,QC-002227
2228,20260112,3,5,20,7,220,4,Low,0,Automated,QC-002228
2229,20260112,4,8,13,5,228,5,Low,0,Automated,QC-002229
2230,20260113,1,1,14,7,79,1,Low,0,Automated,QC-002230
2231,20260113,2,3,15,8,237,6,Low,0,Hybrid,QC-002231
2232,20260113,1,2,7,6,138,3,Low,0,Manual,QC-002232
2233,20260114,3,5,18,2,101,2,Low,0,Manual,QC-002233
2234,20260114,2,4,16,8,226,2,Low,0,Manual,QC-002234
2235,20260114,2,3,14,8,223,4,Low,0,Automated,QC-002235
2236,20260115,2,4,16,7,219,6,Low,0,Manual,QC-002236
2237,20260115,3,5,18,9,241,3,Low,0,Manual,QC-002237
2238,20260115,3,5,17,9,235,5,Low,0,Hybrid,QC-002238
2239,20260116,2,4,2,12,72,2,Low,0,Manual,QC-002239
2240,20260116,3,6,11,12,173,2,Low,0,Manual,QC-002240
2241,20260116,1,1,11,4,84,1,Low,0,Automated,QC-002241
2242,20260117,3,6,4,7,196,6,Low,0,Hybrid,QC-002242
2243,20260117,2,3,9,11,162,6,Low ,0,Manual,QC-002243
2244,20260117,2,3,14,9,51,1,Low ,0,Hybrid,QC-002244
2245,20260118,1,1,9,2,184,7,Low,0,Manual,QC-002245
2246,20260118,1,1,3,7,270,4,Low,0,Hybrid,QC-002246
2247,20260118,3,6,20,10,112,1,Low,0,Automated,QC-002247
2248,20260119,1,2,18,10,263,5,Low,0,Manual,QC-002248
2249,20260119,3,6,5,6,81,1,Low,0,Automated,QC-002249
2250,20260119,4,8,13,4,113,2,Low,0,Manual,QC-002250
2251,20260120,4,8,15,6,252,6,Low,0,Manual,QC-002251
2252,20260120,3,5,1,4,248,9,Low,0,Hybrid,QC-002252
2253,20260120,1,2,13,4,167,3,Low,0,Automated,QC-002253
2254,20260121,4,7,20,7,236,6,Low,0,Manual,QC-002254
2255,20260121,2,3,7,9,284,7,Low,0,Automated,QC-002255
2256,20260121,2,3,8,4,293,7,Low,0,Hybrid,QC-002256
2257,20260122,2,4,14,11,283,7,Low,0,Automated,QC-002257
2258,20260122,3,6,4,2,154,4,Low,0,Manual,QC-002258
2259,20260122,1,1,2,7,226,10,Low,0,Automated,QC-002259
2260,20260123,3,5,1,8,112,3,LOW,0,Hybrid,QC-002260
2261,20260123,4,8,13,6,139,1,Low,0,Automated,QC-002261
2262,20260123,3,5,15,4,77,1,Low,0,Hybrid,QC-002262
2263,20260124,4,8,19,9,238,5,Low,0,Automated,QC-002263
2264,20260124,4,7,5,12,267,13,Low,1,Hybrid,QC-002264
2265,20260124,2,3,7,9,155,3,Low,0,Hybrid,QC-002265
2266,20260125,4,8,13,3,130,3,Low,0,Manual,QC-002266
2267,20260125,1,2,17,7,60,1,Low,0,Hybrid,QC-002267
2268,20260125,2,4,13,7,270,4,Low,0,Hybrid,QC-002268
2269,20260126,4,7,3,2,65,2,Low,0,Manual,QC-002269
2270,20260126,3,5,8,3,82,2,Low,0,Manual,QC-002270
2271,20260126,1,1,19,3,200,3,Low,0,Hybrid,QC-002271
2272,20260127,1,2,8,10,131,2,Low,0,Automated,QC-002272
2273,20260127,4,8,3,6,106,3,Low,0,Hybrid,QC-002273
2274,20260127,2,3,6,12,263,20,Medium,1,Automated,QC-002274
2275,20260128,3,6,3,9,209,8,Low,0,Manual,QC-002275
2276,20260128,2,3,8,12,219,6,Low,0,Automated,QC-002276
2277,20260128,3,6,19,12,186,2,Low,0,Hybrid,QC-002277
2278,20260129,1,1,10,2,235,3,Low,0,Manual,QC-002278
2279,20260129,2,3,18,1,191,3,Low,0,Hybrid,QC-002279
2280,20260129,4,7,4,9,232,7,Low,0,Automated,QC-002280
2281,20260130,1,2,3,7,119,3,Low,0,Manual,QC-002281
2282,20260130,4,7,11,2,55,0,Low,0,Hybrid,QC-002282
2283,20260130,3,5,13,6,222,2,Low,0,Manual,QC-002283
2284,20260131,1,2,8,4,243,5,Low,0,Manual,QC-002284
2285,20260131,2,3,18,2,248,5,Low,0,Automated,QC-002285
2286,20260131,3,5,3,7,189,6,Low,0,Automated,QC-002286
2287,20260201,2,3,14,4,162,2,Low,0,Hybrid,QC-002287
2288,20260201,2,3,15,9,179,7,Low,0,Manual,QC-002288
2289,20260201,2,3,17,3,57,0,Low,0,Automated,QC-002289
2290,20260202,4,8,14,6,290,4,Low,0,Hybrid,QC-002290
2291,20260202,3,6,7,2,83,1,Low,0,Hybrid,QC-002291
2292,20260202,2,4,12,7,113,2,Low,0,Manual,QC-002292
2293,20260203,4,7,1,7,50,2,Low,0,Manual,QC-002293
2294,20260203,2,3,7,8,215,8,Low,0,Hybrid,QC-002294
2295,20260203,3,6,17,7,296,8,LOW,0,Automated,QC-002295
2296,20260204,2,3,13,11,76,1,Low,0,Manual,QC-002296
2297,20260204,1,2,9,11,188,4,Low,0,Hybrid,QC-002297
2298,20260204,1,1,14,6,294,4,Low,0,Hybrid,QC-002298
2299,20260205,4,7,18,4,244,4,Low,0,Automated,QC-002299
2300,20260205,4,8,2,10,212,6,Low,0,Manual,QC-002300
2301,20260205,2,3,9,9,252,4,Low,0,Hybrid,QC-002301
2302,20260206,2,3,7,7,68,1,Low,0,Hybrid,QC-002302
2303,20260206,1,1,8,12,99,1,Low,0,Automated,QC-002303
2304,20260206,2,4,17,5,246,7,Low,0,Hybrid,QC-002304
2305,20260207,2,4,12,7,173,2,Low,0,Hybrid,QC-002305
2306,20260207,1,1,17,12,219,5,Low,0,Automated,QC-002306
2307,20260207,3,6,15,9,227,2,Low,0,Manual,QC-002307
2308,20260208,2,3,3,7,144,3,Low,0,Manual,QC-002308
2309,20260208,4,8,2,3,113,3,LOW,0,Hybrid,QC-002309
2310,20260208,4,8,2,4,160,5,Low,0,Automated,QC-002310
2311,20260209,1,1,9,7,100,1,Low,0,Automated,QC-002311
2312,20260209,3,5,11,8,77,1,Low,0,Automated,QC-002312
2313,20260209,2,4,12,1,170,4,Low,0,Manual,QC-002313
2314,20260210,1,2,18,5,273,5,Low,0,Automated,QC-002314
2315,20260210,2,3,9,2,77,2,Low,0,Hybrid,QC-002315
2316,20260210,2,3,2,6,248,6,Low,0,Hybrid,QC-002316
2317,20260211,2,3,5,6,142,7,Low,0,Hybrid,QC-002317
2318,20260211,3,5,1,11,180,6,Low,0,Hybrid,QC-002318
2319,20260211,1,2,16,7,145,4,Low,0,Automated,QC-002319
2320,20260212,3,5,1,9,272,11,Low,1,Hybrid,QC-002320
2321,20260212,3,5,12,5,212,4,Low,0,Manual,QC-002321
2322,20260212,1,2,4,10,218,4,Low,0,Hybrid,QC-002322
2323,20260213,4,7,18,1,260,3,Low,0,Automated,QC-002323
2324,20260213,3,5,19,7,236,4,Low,0,Manual,QC-002324
2325,20260213,4,8,10,5,128,3,Low,0,Automated,QC-002325
2326,20260214,4,8,8,3,110,2,Low,0,Manual,QC-002326
2327,20260214,4,7,19,2,70,1,Low,0,Automated,QC-002327
2328,20260214,2,4,15,5,232,2,Low,0,Hybrid,QC-002328
2329,20260215,1,2,16,4,54,2,Low,0,Manual,QC-002329
2330,20260215,1,1,5,8,174,6,low,0,Hybrid,QC-002330
2331,20260215,2,3,8,6,118,1,Low,0,Hybrid,QC-002331
2332,20260216,2,4,10,4,66,1,Low,0,Manual,QC-002332
2333,20260216,1,2,8,12,171,1,Low,0,Hybrid,QC-002333
2334,20260216,2,3,5,6,268,15,Low,1,Manual,QC-002334
2335,20260217,3,5,8,9,172,1,Low,0,Hybrid,QC-002335
2336,20260217,3,5,6,8,192,4,Low,0,Hybrid,QC-002336
2337,20260217,2,4,17,6,87,1,Low,0,Hybrid,QC-002337
2338,20260218,1,1,19,4,160,1,Low,0,Hybrid,QC-002338
2339,20260218,3,6,12,3,87,2,Low,0,Hybrid,QC-002339
2340,20260218,4,8,13,1,162,4,Low,0,Manual,QC-002340
2341,20260219,4,8,3,6,55,1,Low,0,Hybrid,QC-002341
2342,20260219,4,7,20,9,278,4,Low,0,Automated,QC-002342
2343,20260219,3,6,1,9,265,13,Low,1,Manual,QC-002343
2344,20260220,2,3,1,9,160,7,Low,0,Manual,QC-002344
2345,20260220,4,8,14,6,236,6,Low,0,Manual,QC-002345
2346,20260220,1,2,15,10,160,2,Low,0,Manual,QC-002346
2347,20260221,2,4,6,4,77,2,Low,0,Manual,QC-002347
2348,20260221,3,6,5,5,266,13,Low,1,Automated,QC-002348
2349,20260221,4,7,18,3,108,2,Low,0,Hybrid,QC-002349
2350,20260222,1,2,10,9,50,1,Low,0,Hybrid,QC-002350
2351,20260222,3,5,17,12,101,2,Low,0,Hybrid,QC-002351
2352,20260222,2,4,6,6,172,11,LOW,1,Hybrid,QC-002352
2353,20260223,1,2,16,9,80,1,Low,0,Hybrid,QC-002353
2354,20260223,2,4,7,11,156,4,Low,0,Manual,QC-002354
2355,20260223,1,1,15,5,72,1,Low,0,Manual,QC-002355
2356,20260224,4,7,3,4,224,11,Low,1,Automated,QC-002356
2357,20260224,3,5,4,10,266,13,Low,1,Manual,QC-002357
2358,20260224,1,2,19,6,101,3,Low,0,Automated,QC-002358
2359,20260225,3,5,7,12,266,3,Low,0,Manual,QC-002359
2360,20260225,2,4,6,11,58,2,Low,0,Manual,QC-002360
2361,20260225,3,5,18,1,154,2,Low,0,Automated,QC-002361
2362,20260226,3,5,12,12,66,1,Low,0,Hybrid,QC-002362
2363,20260226,4,8,16,7,175,4,Low,0,Automated,QC-002363
2364,20260226,2,4,3,9,159,4,Low,0,Manual,QC-002364
2365,20260227,2,3,10,7,263,6,Low,0,Manual,QC-002365
2366,20260227,1,1,10,3,166,3,Low,0,Hybrid,QC-002366
2367,20260227,4,8,15,11,94,2,Low,0,Hybrid,QC-002367
2368,20260228,2,4,5,7,232,17,Low,1,Manual,QC-002368
2369,20260228,1,1,20,9,121,3,Low,0,Manual,QC-002369
2370,20260228,2,3,4,3,97,3,LOW,0,Automated,QC-002370
2371,20260301,1,2,16,9,283,12,Low,1,Manual,QC-002371
2372,20260301,2,4,17,11,156,2,Low,0,Automated,QC-002372
2373,20260301,1,2,5,12,234,11,Low,1,Automated,QC-002373
2374,20260302,4,8,17,10,201,5,Low,0,Manual,QC-002374
2375,20260302,1,1,3,1,88,3,Low,0,Hybrid,QC-002375
2376,20260302,3,5,5,1,50,1,Low,0,Hybrid,QC-002376
2377,20260303,1,2,8,12,175,3,Low,0,Automated,QC-002377
2378,20260303,4,8,2,1,173,6,Low,0,Hybrid,QC-002378
2379,20260303,3,5,14,8,214,5,Low,0,Hybrid,QC-002379
2380,20260304,3,5,1,5,223,5,Low,0,Automated,QC-002380
2381,20260304,2,3,11,5,297,7,Low,0,Hybrid,QC-002381
2382,20260304,4,7,7,2,299,4,Low,0,Automated,QC-002382
2383,20260305,3,5,19,6,178,2,Low,0,Automated,QC-002383
2384,20260305,2,3,3,10,68,1,Low,0,Hybrid,QC-002384
2385,20260305,3,5,4,11,175,6,Low,0,Manual,QC-002385
2386,20260306,2,3,1,2,204,6,Low,0,Hybrid,QC-002386
2387,20260306,4,8,16,8,261,3,Low,0,Automated,QC-002387
2388,20260306,3,6,3,3,194,3,Low,0,Automated,QC-002388
2389,20260307,1,1,6,11,139,8,Low,0,Hybrid,QC-002389
2390,20260307,3,6,8,5,136,2,Low,0,Hybrid,QC-002390
2391,20260307,1,1,6,10,189,3,Low,0,Manual,QC-002391
2392,20260308,1,2,16,10,168,3,Low,0,Hybrid,QC-002392
2393,20260308,2,3,14,10,140,2,Low,0,Manual,QC-002393
2394,20260308,4,8,8,9,91,2,Low,0,Hybrid,QC-002394
2395,20260309,1,2,17,3,104,1,Low,0,Manual,QC-002395
2396,20260309,3,5,6,9,283,8,Low,0,Manual,QC-002396
2397,20260309,1,1,16,3,284,4,Low ,0,Automated,QC-002397
2398,20260310,2,4,8,11,190,4,Low,0,Manual,QC-002398
2399,20260310,3,6,12,10,250,3,Low,0,Hybrid,QC-002399
2400,20260310,3,5,14,1,140,2,Low,0,Automated,QC-002400
2401,20260311,1,1,4,7,274,11,Low,1,Hybrid,QC-002401
2402,20260311,2,3,3,7,170,4,Low,0,Automated,QC-002402
2403,20260311,4,8,13,10,132,2,Low,0,Manual,QC-002403
2404,20260312,1,2,12,12,200,4,Low,0,Manual,QC-002404
2405,20260312,4,7,8,8,168,3,Low,0,Hybrid,QC-002405
2406,20260312,2,3,13,7,87,2,Low,0,Manual,QC-002406
2407,20260313,4,7,2,7,203,8,Low,0,Hybrid,QC-002407
2408,20260313,4,8,10,5,179,5,Low,0,Hybrid,QC-002408
2409,20260313,2,4,13,6,104,1,Low,0,Automated,QC-002409
2410,20260314,2,3,20,11,263,3,Low,0,Automated,QC-002410
2411,20260314,4,7,7,11,296,8,LOW,0,Automated,QC-002411
2412,20260314,3,5,2,5,187,6,Low,0,Automated,QC-002412
2413,20260315,2,3,1,2,71,1,Low,0,Manual,QC-002413
2414,20260315,2,4,3,12,193,5,Low,0,Manual,QC-002414
2415,20260315,3,6,3,8,159,3,Low ,0,Manual,QC-002415
2416,20260316,1,2,1,3,268,4,Low,0,Hybrid,QC-002416
2417,20260316,3,6,19,3,96,1,Low,0,Automated,QC-002417
2418,20260316,2,4,11,4,241,6,Low,0,Automated,QC-002418
2419,20260317,3,6,13,12,196,3,Low,0,Automated,QC-002419
2420,20260317,1,2,4,4,141,7,Low,0,Automated,QC-002420
2421,20260317,4,8,17,7,224,6,Low,0,Automated,QC-002421
2422,20260318,2,3,8,11,179,3,Low,0,Manual,QC-002422
2423,20260318,4,7,8,12,199,2,Low,0,Manual,QC-002423
2424,20260318,2,4,11,11,230,2,Low,0,Manual,QC-002424
2425,20260319,4,8,19,10,178,3,Low,0,Automated,QC-002425
2426,20260319,4,8,17,1,117,1,Low,0,Hybrid,QC-002426
2427,20260319,1,2,18,3,245,4,Low,0,Automated,QC-002427
2428,20260320,3,6,13,2,246,6,Low,0,Manual,QC-002428
2429,20260320,2,4,14,9,90,1,Low,0,Hybrid,QC-002429
2430,20260320,4,8,17,6,55,0,Low,0,Automated,QC-002430
2431,20260321,2,3,19,7,90,2,Low,0,Automated,QC-002431
2432,20260321,4,7,6,9,254,7,Low,0,Automated,QC-002432
2433,20260321,3,5,6,12,161,5,Low,0,Automated,QC-002433
2434,20260322,4,7,6,12,287,9,Low,0,Automated,QC-002434
2435,20260322,2,3,18,11,56,1,Low,0,Manual,QC-002435
2436,20260322,1,2,10,10,166,3,Low,0,Hybrid,QC-002436
2437,20260323,3,6,19,7,281,7,Low,0,Hybrid,QC-002437
2438,20260323,4,8,19,6,61,0,Low,0,Hybrid,QC-002438
2439,20260323,2,4,19,5,106,3,Low,0,Automated,QC-002439
2440,20260324,3,6,9,1,193,4,Low,0,Hybrid,QC-002440
2441,20260324,2,3,12,10,201,3,Low,0,Manual,QC-002441
2442,20260324,3,5,13,10,280,4,Low,0,Automated,QC-002442
2443,20260325,1,1,1,5,184,4,Low,0,Automated,QC-002443
2444,20260325,2,4,11,6,78,1,Low,0,Hybrid,QC-002444
2445,20260325,1,1,7,6,156,4,Low,0,Automated,QC-002445
2446,20260326,3,6,3,8,219,7,Low,0,Hybrid,QC-002446
2447,20260326,4,7,16,6,287,7,Low,0,Manual,QC-002447
2448,20260326,3,6,7,11,227,2,Low,0,Automated,QC-002448
2449,20260327,1,2,19,5,70,2,Low,0,Manual,QC-002449
2450,20260327,3,6,15,2,100,2,Low,0,Manual,QC-002450
2451,20260327,3,6,4,6,235,12,Low,1,Hybrid,QC-002451
2452,20260328,1,2,20,7,103,2,Low,0,Automated,QC-002452
2453,20260328,4,7,17,3,271,4,Low,0,Manual,QC-002453
2454,20260328,2,3,6,4,58,1,Low,0,Hybrid,QC-002454
2455,20260329,4,8,16,2,170,4, Low,0,Automated,QC-002455
2456,20260329,3,6,11,12,171,3,Low,0,Hybrid,QC-002456
2457,20260329,4,8,6,9,76,3,Low,0,Manual,QC-002457
2458,20260330,3,6,4,6,110,2,Low,0,Hybrid,QC-002458
2459,20260330,2,4,20,8,54,1,Low,0,Hybrid,QC-002459
2460,20260330,3,6,15,3,259,5,Low,0,Automated,QC-002460
2461,20260331,3,6,8,2,229,3,Low,0,Automated,QC-002461
2462,20260331,2,4,8,1,87,1,Low,0,Hybrid,QC-002462
2463,20260331,3,5,14,11,172,1,Low,0,Manual,QC-002463
2464,20260401,1,1,18,3,90,1,Low,0,Hybrid,QC-002464
2465,20260401,1,1,2,1,194,13,Low,1,Automated,QC-002465
2466,20260401,2,3,15,5,134,2,Low,0,Hybrid,QC-002466
2467,20260402,3,6,3,1,118,4,Low,0,Automated,QC-002467
2468,20260402,3,5,3,2,109,5,Low,0,Automated,QC-002468
2469,20260402,1,2,1,2,290,19,Low,1,Manual,QC-002469
2470,20260403,4,7,10,7,198,2,Low,0,Automated,QC-002470
2471,20260403,1,2,5,2,86,5,Low,0,Manual,QC-002471
2472,20260403,1,2,1,6,91,4,Low,0,Automated,QC-002472
2473,20260404,1,1,16,7,175,2,Low,0,Hybrid,QC-002473
2474,20260404,1,1,18,3,235,8,LOW,0,Automated,QC-002474
2475,20260404,3,6,14,2,98,1,Low,0,Manual,QC-002475
2476,20260405,1,2,6,6,170,3,Low,0,Automated,QC-002476
2477,20260405,1,1,10,7,256,9,Low,0,Automated,QC-002477
2478,20260405,4,8,5,10,76,3,Low,0,Hybrid,QC-002478
2479,20260406,3,5,13,4,104,3,Low,0,Manual,QC-002479
2480,20260406,1,2,18,2,273,8,Low,0,Automated,QC-002480
2481,20260406,1,1,11,1,145,2,Low,0,Hybrid,QC-002481
2482,20260407,4,8,3,2,123,6,Low,0,Manual,QC-002482
2483,20260407,2,4,5,5,209,9,Low,0,Automated,QC-002483
2484,20260407,4,8,5,1,73,2,Low,0,Manual,QC-002484
2485,20260408,3,5,11,9,179,2,Low,0,Automated,QC-002485
2486,20260408,3,6,10,8,64,0,Low,0,Automated,QC-002486
2487,20260408,3,6,14,4,285,5,Low,0,Hybrid,QC-002487
2488,20260409,1,2,14,12,287,7,Low,0,Manual,QC-002488
2489,20260409,3,5,10,7,274,7,Low,0,Manual,QC-002489
2490,20260409,4,7,13,9,157,2,Low,0,Hybrid,QC-002490
2491,20260410,4,8,8,7,221,2,Low,0,Manual,QC-002491
2492,20260410,3,6,16,6,72,1,LOW,0,Automated,QC-002492
2493,20260410,1,2,9,5,242,6,Low,0,Automated,QC-002493
2494,20260411,3,5,1,7,259,5,Low,0,Automated,QC-002494
2495,20260411,3,5,16,9,88,2,Low,0,Automated,QC-002495
2496,20260411,1,2,8,7,71,0,Low,0,Automated,QC-002496
2497,20260412,4,8,6,3,107,4,Low,0,Manual,QC-002497
2498,20260412,4,8,9,6,65,1,Low,0,Automated,QC-002498
2499,20260412,3,6,3,5,120,5,low,0,Automated,QC-002499
2500,20260413,3,5,20,6,107,2,Low,0,Hybrid,QC-002500
2501,20260413,1,2,16,8,198,4,Low,0,Hybrid,QC-002501
2502,20260413,3,6,17,12,115,3,Low,0,Manual,QC-002502
2503,20260414,2,3,11,10,259,7,Low,0,Manual,QC-002503
2504,20260414,2,4,13,4,138,2,Low,0,Hybrid,QC-002504
2505,20260414,3,6,4,10,232,8,Low,0,Hybrid,QC-002505
2506,20260415,4,7,6,9,268,11,Low,1,Automated,QC-002506
2507,20260415,4,7,1,8,245,7,Low,0,Automated,QC-002507
2508,20260415,4,8,19,8,287,6,Low,0,Manual,QC-002508
2509,20260416,1,2,9,9,236,7,Low,0,Automated,QC-002509
2510,20260416,3,5,10,3,152,4,Low,0,Hybrid,QC-002510
2511,20260416,4,7,18,9,130,2,Low,0,Automated,QC-002511
2512,20260417,1,2,9,3,112,1,Low,0,Automated,QC-002512
2513,20260417,3,6,6,9,142,5,Low,0,Automated,QC-002513
2514,20260417,4,7,15,9,157,2,Low,0,Automated,QC-002514
2515,20260418,4,7,11,12,114,1,Low,0,Hybrid,QC-002515
2516,20260418,3,6,18,10,136,3,Low,0,Automated,QC-002516
2517,20260418,2,3,14,6,73,2,Low,0,Manual,QC-002517
2518,20260419,4,7,4,10,258,10,Low,0,Manual,QC-002518
2519,20260419,2,3,19,12,273,5,Low,0,Manual,QC-002519
2520,20260419,2,4,6,10,182,5,Low,0,Hybrid,QC-002520
2521,20260420,3,5,1,10,195,4,Low,0,Automated,QC-002521
2522,20260420,2,3,15,12,149,6,Low,0,Manual,QC-002522
2523,20260420,1,2,12,5,279,8,Low,0,Manual,QC-002523
2524,20260421,2,4,13,1,205,6,Low,0,Manual,QC-002524
2525,20260421,1,1,2,11,275,11,Low,1,Automated,QC-002525
2526,20260421,2,3,15,10,61,0,Low,0,Automated,QC-002526
2527,20260422,2,4,2,8,278,21,Medium,1,Automated,QC-002527
2528,20260422,1,1,15,8,284,4,Low,0,Manual,QC-002528
2529,20260422,1,1,8,1,162,3,Low,0,Hybrid,QC-002529
2530,20260423,1,1,9,4,141,3, Low,0,Manual,QC-002530
2531,20260423,3,6,2,,259,12,Low,1,Automated,QC-002531
2532,20260423,2,3,16,7,164,6,Low,0,Hybrid,QC-002532
2533,20260424,4,7,9,4,187,5,Low,0,Automated,QC-002533
2534,20260424,4,8,2,6,109,3,Low,0,Automated,QC-002534
2535,20260424,1,1,13,1,296,4,Low,0,Automated,QC-002535
2536,20260425,1,2,13,1,284,6,Low,0,Automated,QC-002536
2537,20260425,1,1,8,12,248,4,Low,0,Manual,QC-002537
2538,20260425,1,1,20,5,72,1,Low,0,Hybrid,QC-002538
2539,20260426,3,5,13,7,88,1,Low,0,Automated,QC-002539
2540,20260426,4,8,17,8,234,5,Low,0,Manual,QC-002540
2541,20260426,2,4,18,7,281,3,Low,0,Hybrid,QC-002541
2542,20260427,4,8,14,2,98,1,Low,0,Automated,QC-002542
2543,20260427,4,7,1,10,113,2,Low,0,Automated,QC-002543
2544,20260427,4,8,10,2,271,3,Low,0,Hybrid,QC-002544
2545,20260428,3,6,3,10,175,4,Low,0,Hybrid,QC-002545
2546,20260428,4,7,20,5,226,4,Low,0,Hybrid,QC-002546
2547,20260428,3,6,19,9,299,4,Low,0,Hybrid,QC-002547
2548,20260429,3,5,4,5,281,6,Low,0,Automated,QC-002548
2549,20260429,2,4,5,7,84,3,Low,0,Manual,QC-002549
2550,20260429,3,5,1,6,178,4,Low,0,Manual,QC-002550
2551,20260430,1,2,15,1,118,2,Low,0,Automated,QC-002551
2552,20260430,3,5,8,9,231,2,Low,0,Hybrid,QC-002552
2553,20260430,2,4,5,11,66,4,Low,0,Hybrid,QC-002553
2554,20260501,2,3,18,12,142,5,Low,0,Automated,QC-002554
2555,20260501,3,5,4,9,171,5,Low,0,Automated,QC-002555
2556,20260501,1,2,15,4,89,2,Low,0,Automated,QC-002556
2557,20260502,3,5,14,5,72,1,Low,0,Manual,QC-002557
2558,20260502,3,6,2,2,51,1,Low,0,Manual,QC-002558
2559,20260502,4,7,5,9,126,4,Low,0,Automated,QC-002559
2560,20260503,1,2,16,3,204,5,Low,0,Manual,QC-002560
2561,20260503,1,2,4,4,126,2,Low,0,Manual,QC-002561
2562,20260503,4,8,3,9,82,2,Low,0,Manual,QC-002562
2563,20260504,3,5,7,12,88,1,Low,0,Automated,QC-002563
2564,20260504,2,4,9,3,193,2,Low,0,Automated,QC-002564
2565,20260504,3,5,19,4,71,1,Low,0,Automated,QC-002565
2566,20260505,1,2,15,7,95,1,Low,0,Automated,QC-002566
2567,20260505,2,3,9,12,71,1,Low,0,Automated,QC-002567
2568,20260505,2,3,14,4,240,3,Low,0,Automated,QC-002568
2569,20260506,3,6,17,9,194,5,Low,0,Automated,QC-002569
2570,20260506,1,2,12,9,65,1,Low,0,Manual,QC-002570
2571,20260506,4,7,9,6,209,4,Low,0,Automated,QC-002571
2572,20260507,2,4,11,4,278,8,Low,0,Automated,QC-002572
2573,20260507,2,3,9,8,289,4,Low,0,Manual,QC-002573
2574,20260507,3,5,6,9,231,7,Low,0,Manual,QC-002574
2575,20260508,3,6,2,2,297,5,Low,0,Automated,QC-002575
2576,20260508,3,5,4,4,260,10,Low,0,Automated,QC-002576
2577,20260508,1,1,2,7,202,4,LOW,0,Automated,QC-002577
2578,20260509,1,1,13,1,109,1,Low,0,Automated,QC-002578
2579,20260509,4,8,9,1,131,2,Low,0,Hybrid,QC-002579
2580,20260509,3,6,8,2,190,4,Low,0,Manual,QC-002580
2581,20260510,3,6,6,11,168,3,Low,0,Automated,QC-002581
2582,20260510,2,4,15,9,153,3,Low,0,Hybrid,QC-002582
2583,20260510,1,2,18,4,262,6,Low,0,Hybrid,QC-002583
2584,20260511,2,3,1,2,269,13,Low,1,Automated,QC-002584
2585,20260511,4,8,9,1,155,2,Low,0,Automated,QC-002585
2586,20260511,2,4,15,9,240,4,Low,0,Manual,QC-002586
2587,20260512,1,1,9,5,199,4,Low,0,Hybrid,QC-002587
2588,20260512,2,3,6,8,130,5,low,0,Automated,QC-002588
2589,20260512,2,3,17,4,141,4,Low,0,Hybrid,QC-002589
2590,20260513,3,6,5,11,100,2,Low,0,Automated,QC-002590
2591,20260513,3,6,15,9,140,3,Low,0,Hybrid,QC-002591
2592,20260513,2,4,20,6,192,3,Low,0,Automated,QC-002592
2593,20260514,2,4,16,6,56,1,Low,0,Automated,QC-002593
2594,20260514,4,8,5,2,299,11,Low,1,Hybrid,QC-002594
2595,20260514,1,1,9,6,222,5,Low,0,Manual,QC-002595
2596,20260515,4,8,17,6,222,5,Low,0,Hybrid,QC-002596
2597,20260515,1,2,17,1,278,7,Low,0,Automated,QC-002597
2598,20260515,1,2,3,5,70,3,Low,0,Automated,QC-002598
2599,20260516,1,2,11,9,223,6,Low,0,Automated,QC-002599
2600,20260516,2,3,4,9,221,11,Low,1,Hybrid,QC-002600
2601,20260516,4,7,14,7,153,3,Low,0,Automated,QC-002601
2602,20260517,2,3,13,10,56,0,Low,0,Automated,QC-002602
2603,20260517,4,8,13,5,221,2,Low,0,Automated,QC-002603
2604,20260517,3,5,18,11,147,2,Low,0,Automated,QC-002604
2605,20260518,4,7,5,12,288,13,Low,1,Hybrid,QC-002605
2606,20260518,4,7,17,2,112,3,Low,0,Hybrid,QC-002606
2607,20260518,2,3,17,12,94,2,Low,0,Automated,QC-002607
2608,20260519,3,6,2,12,185,4,Low,0,Automated,QC-002608
2609,20260519,4,8,18,6,54,0,Low,0,Hybrid,QC-002609
2610,20260519,1,2,19,4,126,1,Low,0,Hybrid,QC-002610
2611,20260520,2,4,17,9,254,5,Low,0,Hybrid,QC-002611
2612,20260520,2,3,3,6,177,6,Low,0,Manual,QC-002612
2613,20260520,3,6,13,1,112,1,Low,0,Manual,QC-002613
2614,20260521,4,7,20,4,100,2,Low,0,Manual,QC-002614
2615,20260521,3,6,10,3,265,6,Low,0,Automated,QC-002615
2616,20260521,1,2,3,7,295,22,Medium,1,Hybrid,QC-002616
2617,20260522,2,4,13,12,216,4,Low,0,Manual,QC-002617
2618,20260522,1,1,6,10,283,14,Low,1,Hybrid,QC-002618
2619,20260522,1,1,5,12,192,4,Low,0,Manual,QC-002619
2620,20260523,3,5,14,3,276,6,Low,0,Manual,QC-002620
2621,20260523,3,6,11,4,272,5,Low,0,Automated,QC-002621
2622,20260523,2,3,3,,111,7,Low,0,Manual,QC-002622
2623,20260524,2,3,13,1,195,3,Low,0,Manual,QC-002623
2624,20260524,1,2,7,8,81,1,Low,0,Hybrid,QC-002624
2625,20260524,4,7,2,11,92,2,Low,0,Manual,QC-002625
2626,20260525,3,5,19,9,235,5,Low,0,Hybrid,QC-002626
2627,20260525,3,6,18,5,211,2,Low,0,Manual,QC-002627
2628,20260525,3,5,3,6,240,12,Low,1,Automated,QC-002628
2629,20260526,3,6,14,1,137,3,Low,0,Hybrid,QC-002629
2630,20260526,1,1,15,7,209,4,Low,0,Hybrid,QC-002630
2631,20260526,2,4,12,5,110,2,Low,0,Manual,QC-002631
2632,20260527,1,2,6,5,230,11,Low,1,Manual,QC-002632
2633,20260527,3,6,18,12,181,2,Low,0,Hybrid,QC-002633
2634,20260527,4,8,9,3,138,2,Low,0,Manual,QC-002634
2635,20260528,2,3,6,7,171,11,Low,1,Manual,QC-002635
2636,20260528,4,8,12,1,178,4,Low,0,Hybrid,QC-002636
2637,20260528,4,8,10,10,259,7,Low,0,Automated,QC-002637
2638,20260529,2,4,14,10,182,2,Low,0,Automated,QC-002638
2639,20260529,1,1,11,1,171,4,Low,0,Automated,QC-002639
2640,20260529,4,8,13,5,133,1,Low,0,Hybrid,QC-002640
2641,20260530,3,6,9,8,201,4, Low,0,Automated,QC-002641
2642,20260530,1,2,14,9,187,2,Low,0,Hybrid,QC-002642
2643,20260530,1,1,1,12,212,6,Low,0,Automated,QC-002643
2644,20260531,3,6,13,9,83,1,Low,0,Manual,QC-002644
2645,20260531,2,4,16,6,174,3,Low,0,Hybrid,QC-002645
2646,20260531,4,7,5,1,117,2,low,0,Manual,QC-002646
2647,20260601,1,2,16,8,244,4,Low,0,Automated,QC-002647
2648,20260601,1,2,3,8,102,4,Low,0,Automated,QC-002648
2649,20260601,3,5,14,9,72,1,Low,0,Hybrid,QC-002649
2650,20260602,2,4,15,4,228,5,Low,0,Automated,QC-002650
2651,20260602,4,7,2,7,125,2,Low,0,Hybrid,QC-002651
2652,20260602,4,8,18,7,105,1,Low,0,Hybrid,QC-002652
2653,20260603,4,7,8,5,64,1,Low,0,Hybrid,QC-002653
2654,20260603,4,7,13,5,270,7,Low,0,Manual,QC-002654
2655,20260603,1,1,14,7,136,2,Low,0,Hybrid,QC-002655
2656,20260604,3,6,6,1,184,4,Low,0,Hybrid,QC-002656
2657,20260604,4,8,14,11,150,4,Low,0,Automated,QC-002657
2658,20260604,2,4,10,7,150,5,Low,0,Automated,QC-002658
2659,20260605,2,3,11,8,85,1,Low,0,Manual,QC-002659
2660,20260605,3,6,9,7,196,5,Low,0,Hybrid,QC-002660
2661,20260605,1,1,19,3,202,3,Low,0,Hybrid,QC-002661
2662,20260606,4,8,19,8,205,5,Low,0,Manual,QC-002662
2663,20260606,4,8,16,11,77,1,Low,0,Manual,QC-002663
2664,20260606,1,1,11,4,172,4,Low,0,Manual,QC-002664
2665,20260607,3,5,20,9,135,2,Low,0,Automated,QC-002665
2666,20260607,4,7,19,7,53,0,Low,0,Automated,QC-002666
2667,20260607,3,6,6,3,53,1,Low,0,Manual,QC-002667
2668,20260608,2,4,16,11,222,4,Low,0,Hybrid,QC-002668
2669,20260608,3,6,5,12,266,5,Low,0,Manual,QC-002669
2670,20260608,4,7,6,7,135,3,Low,0,Automated,QC-002670
2671,20260609,2,4,5,4,151,4,Low,0,Manual,QC-002671
2672,20260609,1,2,18,11,299,7,Low,0,Hybrid,QC-002672
2673,20260609,3,5,16,7,144,2,Low,0,Manual,QC-002673
2674,20260610,3,6,6,7,56,1,Low,0,Hybrid,QC-002674
2675,20260610,1,1,15,5,108,2,low,0,Hybrid,QC-002675
2676,20260610,4,7,13,8,133,1,Low,0,Hybrid,QC-002676
2677,20260611,2,4,19,5,146,2,Low,0,Manual,QC-002677
2678,20260611,4,8,7,8,259,6,Low,0,Manual,QC-002678
2679,20260611,1,1,4,10,188,5,Low,0,Automated,QC-002679
2680,20260612,3,6,9,1,211,3,Low,0,Hybrid,QC-002680
2681,20260612,1,1,3,10,114,5,Low,0,Automated,QC-002681
2682,20260612,4,8,3,3,208,5,Low,0,Manual,QC-002682
2683,20260613,3,6,7,3,289,7,Low,0,Hybrid,QC-002683
2684,20260613,3,5,14,11,148,1,Low,0,Hybrid,QC-002684
2685,20260613,1,1,16,12,140,2,Low,0,Hybrid,QC-002685
2686,20260614,1,2,6,9,108,3,Low,0,Automated,QC-002686
2687,20260614,3,6,5,2,91,2,Low,0,Automated,QC-002687
2688,20260614,1,1,6,2,256,11,Low,1,Automated,QC-002688
2689,20260615,4,8,14,5,98,1,Low,0,Hybrid,QC-002689
2690,20260615,2,3,20,5,101,2,Low,0,Automated,QC-002690
2691,20260615,1,2,2,2,210,4,Low,0,Automated,QC-002691
2692,20260616,2,4,1,10,234,18,Low,1,Hybrid,QC-002692
2693,20260616,3,6,12,9,210,4,low,0,Automated,QC-002693
2694,20260616,4,7,9,8,127,1,Low,0,Hybrid,QC-002694
2695,20260617,3,6,4,6,211,3,Low,0,Manual,QC-002695
2696,20260617,3,6,10,11,170,4,Low,0,Manual,QC-002696
2697,20260617,2,4,5,7,286,18,Low,1,Hybrid,QC-002697
2698,20260618,3,5,18,5,172,3,Low,0,Hybrid,QC-002698
2699,20260618,3,5,17,3,252,7,Low,0,Manual,QC-002699
2700,20260618,2,4,6,6,247,11,Low,1,Manual,QC-002700
2701,20260619,3,6,19,7,79,2,Low,0,Automated,QC-002701
2702,20260619,2,3,13,8,257,6,Low ,0,Hybrid,QC-002702
2703,20260619,1,2,10,1,268,9,Low,0,Hybrid,QC-002703
2704,20260620,4,8,20,8,299,7,Low,0,Automated,QC-002704
2705,20260620,1,1,12,9,58,1,Low,0,Automated,QC-002705
2706,20260620,4,7,3,2,248,5,Low,0,Manual,QC-002706
2707,20260621,1,2,9,1,154,3,Low,0,Hybrid,QC-002707
2708,20260621,4,8,7,9,233,3,Low,0,Manual,QC-002708
2709,20260621,2,3,5,11,244,9,Low,0,Manual,QC-002709
2710,20260622,2,3,15,5,81,1,Low,0,Manual,QC-002710
2711,20260622,1,2,13,8,253,5,Low,0,Automated,QC-002711
2712,20260622,3,5,7,9,56,1,Low,0,Automated,QC-002712
2713,20260623,4,7,13,7,247,4,Low,0,Hybrid,QC-002713
2714,20260623,4,8,11,4,50,1,Low,0,Automated,QC-002714
2715,20260623,2,4,1,8,93,3,Low,0,Hybrid,QC-002715
2716,20260624,3,5,11,11,281,5,Low,0,Manual,QC-002716
2717,20260624,4,8,4,4,84,2,Low,0,Hybrid,QC-002717
2718,20260624,4,8,18,12,220,3,Low,0,Manual,QC-002718
2719,20260625,3,6,3,2,153,5,Low,0,Automated,QC-002719
2720,20260625,1,1,13,11,165,4,Low,0,Automated,QC-002720
2721,20260625,2,3,4,7,118,5,Low,0,Manual,QC-002721
2722,20260626,4,8,6,5,97,3,Low,0,Hybrid,QC-002722
2723,20260626,4,7,13,1,298,5,Low,0,Hybrid,QC-002723
2724,20260626,1,1,7,8,248,6,Low,0,Hybrid,QC-002724
2725,20260627,3,5,18,3,84,1,Low,0,Hybrid,QC-002725
2726,20260627,1,2,7,10,299,4,Low,0,Hybrid,QC-002726
2727,20260627,3,5,9,4,271,4,low,0,Hybrid,QC-002727
2728,20260628,3,6,12,8,205,3,Low,0,Automated,QC-002728
2729,20260628,4,7,15,9,175,2,Low,0,Automated,QC-002729
2730,20260628,2,3,11,5,299,4,Low,0,Hybrid,QC-002730
2731,20260629,2,3,6,10,98,4,Low,0,Hybrid,QC-002731
2732,20260629,2,3,4,10,217,11,Low,1,Automated,QC-002732
2733,20260629,1,1,4,10,111,2,Low,0,Manual,QC-002733
2734,20260630,1,2,13,11,123,1,Low,0,Automated,QC-002734
2735,20260630,3,5,10,3,184,3,Low,0,Manual,QC-002735
2736,20260630,4,8,18,7,214,4,Low,0,Manual,QC-002736
