ProductionRunID,DateKey,PlantKey,LineKey,ProductKey,ShiftKey,PlannedUnits,ActualUnits,ScrapUnits,ReworkUnits,DowntimeMinutes,CycleTimeSeconds,OperatorTeam,BatchID
1,20240101,3,5,4,1,259,255,8,5,19,199,Team-A,BATCH-000001
2,20240101,2,3,6,2,430,394,8,7,20,260,Team-B,BATCH-000002
3,20240101,1,1,20,1,332,294,8,5,15,194,Team-A,BATCH-000003
4,20240101,3,6,12,3,414,394,11,7,17,142,Team-B,BATCH-000004
5,20240102,1,2,20,2,394,359,11,7,12,110,Team-C,BATCH-000005
6,20240102,1,2,2,2,442,442,11,8,11,159,Team-A,BATCH-000006
7,20240102,4,8,6,3,423,391,9,7,11,127,Team-B,BATCH-000007
8,20240102,2,3,16,1,300,274,6,5,22,288,Team-C,BATCH-000008
9,20240103,4,7,3,3,246,214,6,4,20,157,Team-C,BATCH-000009
10,20240103,2,4,1,3,250,246,7,4,11,173,Team-B,BATCH-000010
11,20240103,4,7,20,1,101,101,3,2,15,189,Team-C,BATCH-000011
12,20240103,3,5,9,3,246,246,8,4,19,149, Team-A,BATCH-000012
13,20240104,4,8,11,1,203,173,6,3,10,128,Team-A,BATCH-000013
14,20240104,1,2,14,2,293,286,9,5,11,190,Team-A,BATCH-000014
15,20240104,2,3,16,3,294,288,5,5,31,51,Team-B,BATCH-000015
16,20240104,2,4,6,1,150,146,5,2,18,126,team-c,BATCH-000016
17,20240105,4,7,5,1,403,346,10,6,16,46,Team-B,BATCH-000017
18,20240105,1,2,6,3,479,479,10,9,14,210,Team-C,BATCH-000018
19,20240105,3,6,1,3,352,352,9,7,12,157,Team-B,BATCH-000019
20,20240105,1,2,3,2,379,372,9,7,13,156,Team-C,BATCH-000020
21,20240106,2,4,17,1,492,454,16,9,12,276,Team-B,BATCH-000021
22,20240106,3,6,13,2,490,490,14,9,16,171,Team-C,BATCH-000022
23,20240106,3,5,2,2,387,333,12,6,14,92,Team-B,BATCH-000023
24,20240106,1,2,17,2,425,406,11,8,12,293,Team-A,BATCH-000024
25,20240107,4,8,12,1,202,174,4,3,15,76,Team-C,BATCH-000025
26,20240107,3,6,20,1,469,429,14,8,18,121,Team-B,BATCH-000026
27,20240107,3,6,5,2,216,202,4,4,17,158,Team-B,BATCH-000027
28,20240107,2,3,15,2,195,187,3,3,35,266,Team-A,BATCH-000028
29,20240108,1,2,7,3,168,157,5,3,11,173,Team-C,BATCH-000029
30,20240108,1,2,14,1,146,146,3,2,17,233,Team-B,BATCH-000030
31,20240108,2,4,7,1,353,328,10,6,16,129,Team-B,BATCH-000031
32,20240108,4,7,10,2,246,246,7,4,16,33,Team-C,BATCH-000032
33,20240109,2,3,20,2,262,256,5,5,28,208,Team-C,BATCH-000033
34,20240109,1,2,3,1,267,238,9,4,9,124,Team-B,BATCH-000034
35,20240109,2,3,19,2,134,123,2,2,33,122,Team-B,BATCH-000035
36,20240109,2,4,2,3,204,201,6,4,13,104,Team-A,BATCH-000036
37,20240110,4,8,4,2,456,456,15,9,20,65,Team-B,BATCH-000037
38,20240110,1,1,5,1,282,281,9,5,10,91,Team-A,BATCH-000038
39,20240110,2,3,19,1,199,170,3,3,39,105,Team-A,BATCH-000039
40,20240110,3,6,14,3,483,458,14,9,9,98,Team-C,BATCH-000040
41,20240111,4,7,20,3,152,152,5,3,10,71,Team-B,BATCH-000041
42,20240111,3,6,5,3,314,310,9,6,20,38,Team-B,BATCH-000042
43,20240111,2,4,17,1,329,325,7,6,9,151,Team-B,BATCH-000043
44,20240111,1,1,5,2,438,438,13,8,19,174,Team-C,BATCH-000044
45,20240112,3,5,13,2,351,351,7,7,15,120,Team-B,BATCH-000045
46,20240112,2,3,7,2,272,233,5,4,29,87,Team-A,BATCH-000046
47,20240112,3,5,7,1,486,486,15,9,13,146,Team-B,BATCH-000047
48,20240112,2,4,13,1,416,359,11,7,20,281,Team-A,BATCH-000048
49,20240113,4,7,19,1,146,144,4,2,14,83,Team-B,BATCH-000049
50,20240113,3,6,11,2,323,300,7,6,10,37,Team-B,BATCH-000050
51,20240113,4,8,8,2,415,360,13,7,20,221,Team-C,BATCH-000051
52,20240113,2,3,17,1,311,301,6,6,24,75,Team-C,BATCH-000052
53,20240114,1,2,18,3,355,355,11,7,9,271,Team-C,BATCH-000053
54,20240114,1,1,1,2,164,164,4,3,13,92,Team-A,BATCH-000054
55,20240114,2,3,17,1,197,169,3,3,21,35,Team-A,BATCH-000055
56,20240114,1,1,5,2,358,358,11,7,20,112,Team-A,BATCH-000056
57,20240115,1,2,9,2,100,97,3,1,11,63,Team-C,BATCH-000057
58,20240115,4,7,2,2,217,198,7,3,18,265,Team-A,BATCH-000058
59,20240115,2,4,17,3,402,402,11,8,16,104,Team-C,BATCH-000059
60,20240115,3,6,2,2,405,376,12,7,14,278,Team-B,BATCH-000060
61,20240116,1,2,15,2,346,341,10,6,18,167,Team-A,BATCH-000061
62,20240116,2,3,20,1,133,129,2,2,26,155,Team-C,BATCH-000062
63,20240116,3,6,11,3,210,184,4,3,10,37,Team-A,BATCH-000063
64,20240116,3,6,3,3,192,186,7,3,11,34,Team-B,BATCH-000064
65,20240117,4,8,6,1,232,207,6,4,13,107,Team-B,BATCH-000065
66,20240117,1,1,9,2,348,343,10,6,15,136,Team-C,BATCH-000066
67,20240117,4,7,17,2,391,389,13,7,11,236,Team-C,BATCH-000067
68,20240117,3,6,14,2,127,119,3,2,17,43,Team-C,BATCH-000068
69,20240118,4,7,7,3,210,209,7,4,9,256,Team-C,BATCH-000069
70,20240118,3,6,5,2,138,123,3,2,12,54,Team-A,BATCH-000070
71,20240118,1,2,4,2,166,157,5,3,16,63,Team-C,BATCH-000071
72,20240118,4,8,17,3,141,130,3,2,16,255,Team-C,BATCH-000072
73,20240119,4,7,13,2,328,280,12,5,11,99,Team-C,BATCH-000073
74,20240119,4,8,11,2,417,360,14,7,19,272,Team-C,BATCH-000074
75,20240119,4,7,4,3,105,105,2,2,19,163,Team-B,BATCH-000075
76,20240119,1,2,6,3,161,154,6,3,15,202,Team-A,BATCH-000076
77,20240120,2,4,4,3,311,280,9,5,10,119,Team-B,BATCH-000077
78,20240120,4,8,5,2,238,217,8,4,16,207,Team-B,BATCH-000078
79,20240120,1,1,10,2,112,97,3,1,10,294,Team-C,BATCH-000079
80,20240120,3,6,6,3,193,193,4,3,17,166,Team-B,BATCH-000080
81,20240121,4,7,3,1,395,341,13,6,18,296,Team-A,BATCH-000081
82,20240121,1,2,3,1,264,259,9,5,15,161,Team-A,BATCH-000082
83,20240121,1,2,18,3,203,191,5,3,12,52,Team-C,BATCH-000083
84,20240121,3,5,17,1,408,397,15,7,10,163,Team-C,BATCH-000084
85,20240122,3,5,8,2,114,108,4,2,17,186,Team-B,BATCH-000085
86,20240122,1,1,5,3,388,373,8,7,18,152, Team-B,BATCH-000086
87,20240122,1,2,6,1,258,242,7,4,16,44,Team-A,BATCH-000087
88,20240122,4,7,15,1,229,221,4,4,15,98,Team-C,BATCH-000088
89,20240123,2,4,8,2,233,219,6,4,20,247,Team-A,BATCH-000089
90,20240123,4,8,18,1,210,203,7,4,10,162,Team-A,BATCH-000090
91,20240123,4,7,10,1,191,165,5,3,9,243,Team-C,BATCH-000091
92,20240123,3,5,14,1,445,391,16,7,20,84,Team-C,BATCH-000092
93,20240124,4,7,15,1,408,408,11,8,9,92,Team-A,BATCH-000093
94,20240124,2,3,6,2,490,451,9,9,35,46,Team-C,BATCH-000094
95,20240124,3,6,19,2,251,222,7,4,9,190,Team-A,BATCH-000095
96,20240124,1,1,11,2,253,248,5,4,11,113,Team-A,BATCH-000096
97,20240125,1,2,8,1,426,369,13,7,17,240,Team-B,BATCH-000097
98,20240125,4,8,17,1,385,372,13,7,12,204,Team-B,BATCH-000098
99,20240125,2,4,17,2,321,283,9,5,11,84,Team-C,BATCH-000099
100,20240125,3,6,10,2,465,465,14,9,20,207,Team-C,BATCH-000100
101,20240126,1,2,1,1,346,308,8,6,15,83,Team-A,BATCH-000101
102,20240126,3,5,3,3,196,194,6,3,18,117,Team-B,BATCH-000102
103,20240126,4,8,14,3,499,489,14,9,11,252,Team-C,BATCH-000103
104,20240126,4,8,7,2,362,362,12,7,10,65,Team-A,BATCH-000104
105,20240127,4,8,2,1,402,369,12,7,18,224,Team-C,BATCH-000105
106,20240127,3,6,20,1,392,376,11,7,14,110,Team-B,BATCH-000106
107,20240127,2,4,14,3,227,214,5,4,15,38,Team-B,BATCH-000107
108,20240127,1,1,7,1,345,322,11,6,10,58,Team-A,BATCH-000108
109,20240128,2,3,5,3,425,425,8,8,20,70,Team-B,BATCH-000109
110,20240128,2,3,5,1,477,473,9,9,20,56,Team-A,BATCH-000110
111,20240128,3,6,8,2,367,348,11,6,15,219,Team-B,BATCH-000111
112,20240128,2,4,2,2,462,402,11,8,18,58,Team-A,BATCH-000112
113,20240129,3,6,11,1,286,275,7,5,14,140,Team-B,BATCH-000113
114,20240129,2,3,1,2,135,129,2,2,21,273,Team-C,BATCH-000114
115,20240129,1,2,13,3,300,262,10,5,9,46,Team-A,BATCH-000115
116,20240129,1,1,11,2,124,124,3,2,18,201,Team-C,BATCH-000116
117,20240130,2,4,2,3,200,200,4,4,10,86,Team-C,BATCH-000117
118,20240130,1,1,12,2,179,177,6,3,18,244,Team-A,BATCH-000118
119,20240130,2,4,6,1,188,185,6,3,9,55,Team-C,BATCH-000119
120,20240130,4,8,16,3,381,381,11,7,9,146,Team-C,BATCH-000120
121,20240131,1,1,16,2,414,391,15,7,19,132,Team-A,BATCH-000121
122,20240131,2,3,3,1,197,197,4,3,30,212,Team-C,BATCH-000122
123,20240131,4,7,15,1,103,94,3,1,16,45,Team-A,BATCH-000123
124,20240131,2,4,2,3,326,280,11,5,19,170,Team-B,BATCH-000124
125,20240201,4,8,3,3,138,119,2,2,10,274,Team-A,BATCH-000125
126,20240201,4,8,12,3,476,444,16,8,14,94,TEAM-B ,BATCH-000126
127,20240201,1,1,13,2,475,432,12,8,11,182,Team-A,BATCH-000127
128,20240201,1,2,15,1,498,490,13,9,11,90,Team-A,BATCH-000128
129,20240202,3,6,6,3,418,394,15,7,16,182,Team-C,BATCH-000129
130,20240202,4,8,8,1,162,162,4,3,10,136,Team-B,BATCH-000130
131,20240202,1,2,9,1,358,358,12,7,16,244,Team-A,BATCH-000131
132,20240202,1,1,20,2,340,316,8,6,18,91,Team-A,BATCH-000132
133,20240203,4,7,3,2,368,352,9,7,16,127,Team-C,BATCH-000133
134,20240203,1,2,3,3,128,128,4,2,19,38,Team-C,BATCH-000134
135,20240203,4,7,5,3,325,300,9,6,12,205,Team-B,BATCH-000135
136,20240203,2,4,5,1,383,383,8,7,14,253,Team-B,BATCH-000136
137,20240204,1,1,3,2,139,125,4,2,19,176,Team-A,BATCH-000137
138,20240204,3,5,16,1,368,363,13,7,17,220,Team-C,BATCH-000138
139,20240204,2,4,7,1,334,315,12,6,19,189,Team-C,BATCH-000139
140,20240204,1,2,7,3,181,181,6,3,15,253,Team-A,BATCH-000140
141,20240205,2,3,17,1,116,101,2,2,27,192,Team-B,BATCH-000141
142,20240205,3,6,7,2,332,305,12,6,16,251,Team-A,BATCH-000142
143,20240205,1,2,4,2,423,418,11,8,9,222,Team-B,BATCH-000143
144,20240205,2,4,18,2,369,369,14,7,17,256,Team-A,BATCH-000144
145,20240206,4,7,11,1,233,233,6,4,12,55,Team-B,BATCH-000145
146,20240206,2,4,4,1,198,175,5,3,18,186,Team-C,BATCH-000146
147,20240206,4,8,2,3,183,165,5,3,20,265,Team-A,BATCH-000147
148,20240206,1,1,16,1,183,165,5,3,20,286,Team-B,BATCH-000148
149,20240207,4,8,15,2,262,256,5,5,13,237,Team-C,BATCH-000149
150,20240207,4,8,14,1,244,215,5,4,14,79,Team-C,BATCH-000150
151,20240207,3,5,12,1,123,119,4,2,18,182,Team-B,BATCH-000151
152,20240207,2,3,17,2,335,302,6,6,31,243,Team-B,BATCH-000152
153,20240208,1,1,2,3,163,139,4,2,9,124,Team-B,BATCH-000153
154,20240208,4,7,13,1,388,388,14,7,17,208,Team-A,BATCH-000154
155,20240208,1,2,14,3,179,160,5,3,13,271,Team-A,BATCH-000155
156,20240208,2,3,1,1,176,153,3,3,27,223,Team-B,BATCH-000156
157,20240209,3,6,14,2,242,214,5,4,10,152,Team-B,BATCH-000157
158,20240209,1,2,9,3,322,318,9,6,19,207,Team-B,BATCH-000158
159,20240209,4,8,15,3,482,482,10,9,15,51,Team-B,BATCH-000159
160,20240209,3,5,9,2,113,97,2,1,11,54,Team-A,BATCH-000160
161,20240210,3,6,19,3,337,299,9,5,18,212,Team-C,BATCH-000161
162,20240210,4,8,6,2,310,310,7,6,20,160,Team-B,BATCH-000162
163,20240210,3,5,15,1,490,490,14,9,17,53,Team-A,BATCH-000163
164,20240210,4,8,12,2,119,114,3,2,15,134,Team-B,BATCH-000164
165,20240211,1,2,4,2,434,405,16,8,12,215,Team-B,BATCH-000165
166,20240211,1,2,3,1,117,116,3,2,10,37,team-b,BATCH-000166
167,20240211,3,6,12,2,433,404,13,8,9,70,Team-B,BATCH-000167
168,20240211,2,4,15,2,330,319,9,6,10,57,Team-B,BATCH-000168
169,20240212,3,5,5,3,263,247,10,4,11,224,Team-B,BATCH-000169
170,20240212,2,4,10,1,365,322,12,6,14,293,Team-C,BATCH-000170
171,20240212,4,7,20,1,206,202,7,4,14,149,Team-C,BATCH-000171
172,20240212,3,6,12,3,469,411,18,8,11,30,Team-C,BATCH-000172
173,20240213,3,6,5,1,158,150,4,3,9,210,Team-B,BATCH-000173
174,20240213,4,7,11,2,316,316,10,6,14,207,Team-C,BATCH-000174
175,20240213,4,8,20,3,483,426,11,8,20,37,Team-B,BATCH-000175
176,20240213,1,1,8,1,451,451,11,9,12,222,Team-C,BATCH-000176
177,20240214,3,6,11,2,213,213,5,4,19,105,Team-C,BATCH-000177
178,20240214,4,7,14,1,100,98,2,1,13,98,Team-A,BATCH-000178
179,20240214,2,4,2,2,291,291,6,5,13,205,Team-A,BATCH-000179
180,20240214,1,1,13,3,423,423,13,8,20,48,Team-B,BATCH-000180
181,20240215,2,4,13,1,378,378,10,7,10,118,Team-A,BATCH-000181
182,20240215,3,5,12,2,298,276,9,5,15,253,Team-A,BATCH-000182
183,20240215,3,6,6,2,366,359,11,7,16,294,Team-C,BATCH-000183
184,20240215,1,2,8,2,216,189,7,3,10,257,Team-C,BATCH-000184
185,20240216,3,6,6,2,463,397,17,7,11,146,Team-C,BATCH-000185
186,20240216,1,2,11,3,370,350,9,7,11,81,Team-B,BATCH-000186
187,20240216,3,5,15,3,235,228,6,4,17,106,Team-B,BATCH-000187
188,20240216,1,2,11,3,450,450,16,9,11,270,Team-B,BATCH-000188
189,20240217,1,2,4,2,362,335,12,6,15,76,Team-C,BATCH-000189
190,20240217,1,1,9,2,108,95,3,1,13,199,Team-A,BATCH-000190
191,20240217,2,3,5,2,251,251,5,5,28,231,Team-A,BATCH-000191
192,20240217,2,3,4,2,341,301,7,6,23,137,Team-B,BATCH-000192
193,20240218,1,1,17,2,392,380,12,7,15,167,Team-A,BATCH-000193
194,20240218,2,3,2,3,362,357,7,7,27,154,Team-C,BATCH-000194
195,20240218,1,1,11,3,379,331,8,6,17,71,Team-C,BATCH-000195
196,20240218,1,2,4,1,452,420,14,8,13,99,Team-A,BATCH-000196
197,20240219,3,6,13,1,415,415,9,8,11,178,Team-B,BATCH-000197
198,20240219,4,8,3,2,399,366,10,7,17,244,Team-B,BATCH-000198
199,20240219,2,3,3,2,385,353,8,7,31,65,Team-A,BATCH-000199
200,20240219,1,1,15,1,410,358,12,7,14,41,Team-A,BATCH-000200
201,20240220,4,8,8,3,243,213,6,4,20,147,Team-A,BATCH-000201
202,20240220,4,8,12,1,220,191,7,3,12,260,Team-A,BATCH-000202
203,20240220,1,2,12,2,325,285,7,5,11,266,Team-B,BATCH-000203
204,20240220,1,1,2,3,348,317,10,6,13,183,Team-B,BATCH-000204
205,20240221,3,6,3,2,242,242,9,4,11,268,Team-A,BATCH-000205
206,20240221,2,4,18,1,390,372,12,7,17,96,Team-C,BATCH-000206
207,20240221,4,8,9,3,262,258,6,5,13,285,Team-B,BATCH-000207
208,20240221,1,2,1,3,369,369,8,7,18,54,Team-A,BATCH-000208
209,20240222,1,2,8,1,124,107,3,2,18,157,Team-A,BATCH-000209
210,20240222,3,6,20,2,415,354,15,7,9,159,Team-C,BATCH-000210
211,20240222,3,5,19,1,365,345,9,6,18,85,Team-C,BATCH-000211
212,20240222,1,1,19,1,198,198,4,3,12,292,Team-A,BATCH-000212
213,20240223,4,8,7,1,200,182,6,3,16,153,Team-B,BATCH-000213
214,20240223,3,6,5,3,161,148,5,2,15,43,Team-C,BATCH-000214
215,20240223,1,1,5,2,282,266,8,5,9,108,Team-A,BATCH-000215
216,20240223,2,3,7,1,164,150,3,3,38,242,Team-A,BATCH-000216
217,20240224,2,3,13,1,287,280,6,5,29,285,Team-C,BATCH-000217
218,20240224,1,2,4,2,151,147,3,2,18,250,Team-A,BATCH-000218
219,20240224,2,4,10,1,212,212,8,4,12,158,Team-B,BATCH-000219
220,20240224,4,8,1,2,341,341,7,6,14,232,Team-C,BATCH-000220
221,20240225,2,4,8,1,178,167,6,3,19,98,Team-A,BATCH-000221
222,20240225,3,5,8,1,299,296,6,5,9,181,Team-A,BATCH-000222
223,20240225,1,2,8,2,465,465,18,9,20,57,Team-C,BATCH-000223
224,20240225,3,6,5,1,449,389,16,7,14,140,Team-A,BATCH-000224
225,20240226,3,6,8,1,428,382,11,7,10,107,Team-A,BATCH-000225
226,20240226,1,1,18,2,248,234,5,4,10,298,Team-A,BATCH-000226
227,20240226,4,7,16,2,110,96,2,1,16,182,Team-C,BATCH-000227
228,20240226,2,4,18,2,312,296,10,5,9,151,Team-B,BATCH-000228
229,20240227,3,5,17,1,117,104,3,2,20,267,Team-C,BATCH-000229
230,20240227,3,6,11,2,249,249,9,4,9,287,Team-A,BATCH-000230
231,20240227,1,1,20,3,149,141,3,2,19,200,Team-A,BATCH-000231
232,20240227,1,1,3,3,217,213,6,4,19,157,Team-A,BATCH-000232
233,20240228,3,6,10,2,243,242,8,4,19,133,Team-C,BATCH-000233
234,20240228,4,8,10,2,109,109,3,2,16,95,Team-A,BATCH-000234
235,20240228,4,7,9,2,333,286,11,5,17,43,Team-A,BATCH-000235
236,20240228,2,3,20,3,499,440,10,8,25,240,Team-A,BATCH-000236
237,20240229,2,4,15,1,231,231,7,4,16,259,Team-A,BATCH-000237
238,20240229,2,4,7,1,301,277,9,5,18,49,Team-A,BATCH-000238
239,20240229,3,5,4,1,113,98,3,1,11,283,Team-B,BATCH-000239
240,20240229,2,4,19,3,287,272,10,5,9,181,Team-A,BATCH-000240
241,20240301,4,8,6,1,455,427,13,8,10,212,Team-A,BATCH-000241
242,20240301,3,5,18,3,215,215,4,4,18,147,Team-A,BATCH-000242
243,20240301,1,1,6,3,498,498,14,9,13,166,Team-B,BATCH-000243
244,20240301,4,7,20,1,237,203,6,4,9,283,Team-B,BATCH-000244
245,20240302,1,2,17,3,464,401,16,8,19,98,Team-A,BATCH-000245
246,20240302,4,7,20,1,173,171,6,3,16,155,Team-C,BATCH-000246
247,20240302,3,6,3,1,379,379,12,7,10,217,Team-A,BATCH-000247
248,20240302,3,6,4,1,463,399,10,7,12,249,Team-B,BATCH-000248
249,20240303,4,8,16,2,205,185,7,3,10,257,Team-C,BATCH-000249
250,20240303,4,8,11,1,120,111,3,2,13,156,Team-C,BATCH-000250
251,20240303,2,4,11,3,298,298,8,5,18,171,Team-A,BATCH-000251
252,20240303,1,2,18,1,230,205,7,4,13,190,Team-B,BATCH-000252
253,20240304,1,2,10,1,426,408,14,8,20,90,Team-B,BATCH-000253
254,20240304,4,8,11,1,185,179,5,3,11,127,Team-A,BATCH-000254
255,20240304,2,3,5,2,121,121,2,2,34,127,Team-C,BATCH-000255
256,20240304,1,1,12,3,393,370,13,7,9,78,Team-C,BATCH-000256
257,20240305,1,2,4,2,471,421,14,8,19,243,Team-B,BATCH-000257
258,20240305,3,5,9,2,383,329,13,6,9,283,Team-C,BATCH-000258
259,20240305,4,8,1,2,326,319,7,6,18,207,Team-C,BATCH-000259
260,20240305,3,5,19,3,367,333,11,6,18,193,Team-A,BATCH-000260
261,20240306,1,2,9,3,498,476,18,9,10,297,Team-B,BATCH-000261
262,20240306,3,6,3,1,358,317,13,6,15,249,Team-A,BATCH-000262
263,20240306,3,6,8,1,479,438,17,8,18,275,Team-C,BATCH-000263
264,20240306,4,7,12,3,401,401,10,8,14,50,Team-B,BATCH-000264
265,20240307,1,2,4,2,322,283,10,5,17,160,Team-A,BATCH-000265
266,20240307,4,7,20,2,253,251,5,5,11,294,Team-B,BATCH-000266
267,20240307,2,4,19,1,494,483,18,9,12,245,Team-B,BATCH-000267
268,20240307,2,3,12,2,376,329,8,6,20,192,Team-B,BATCH-000268
269,20240308,1,1,15,2,413,387,13,7,15,137,Team-C,BATCH-000269
270,20240308,2,3,3,1,311,309,6,6,20,277,Team-C,BATCH-000270
271,20240308,3,6,9,1,346,338,9,6,17,172,Team-C,BATCH-000271
272,20240308,1,1,14,2,138,119,4,2,19,144,Team-A,BATCH-000272
273,20240309,2,3,2,2,137,123,2,2,27,219,Team-C,BATCH-000273
274,20240309,3,6,14,3,183,171,3,3,9,131,Team-C,BATCH-000274
275,20240309,2,4,19,2,486,486,16,9,9,235,Team-C,BATCH-000275
276,20240309,1,1,19,3,497,436,12,8,9,294,Team-A,BATCH-000276
277,20240310,4,8,14,3,408,372,10,7,17,225,Team-C,BATCH-000277
278,20240310,4,8,8,2,460,423,12,8,20,284,Team-C,BATCH-000278
279,20240310,4,7,17,2,367,367,11,7,19,284,Team-A,BATCH-000279
280,20240310,1,2,20,1,271,236,6,4,19,64,Team-A,BATCH-000280
281,20240311,2,4,1,1,442,404,12,8,14,76,Team-C,BATCH-000281
282,20240311,1,1,20,1,331,311,12,6,18,208,Team-C,BATCH-000282
283,20240311,3,6,4,2,175,171,5,3,20,191,Team-C,BATCH-000283
284,20240311,3,5,1,3,361,308,13,6,9,291,team-b,BATCH-000284
285,20240312,3,6,19,2,192,186,5,3,14,266,Team-A,BATCH-000285
286,20240312,1,1,6,1,401,401,8,8,19,119,Team-C,BATCH-000286
287,20240312,1,1,17,2,205,205,5,4,13,66,Team-A,BATCH-000287
288,20240312,1,1,19,3,282,267,10,5,17,176,Team-C,BATCH-000288
289,20240313,1,1,14,1,100,99,2,1,19,138,Team-A,BATCH-000289
290,20240313,4,7,13,2,202,200,7,4,19,203,Team-C,BATCH-000290
291,20240313,2,3,15,3,276,267,5,5,34,190,Team-C,BATCH-000291
292,20240313,4,8,5,3,338,337,9,6,9,272,Team-C,BATCH-000292
293,20240314,1,1,2,3,384,354,12,7,16,295,Team-B,BATCH-000293
294,20240314,2,3,9,1,138,138,2,2,35,184,Team-A,BATCH-000294
295,20240314,2,3,6,3,499,499,10,9,37,297,Team-C,BATCH-000295
296,20240314,3,5,13,3,456,438,10,8,13,136,Team-B,BATCH-000296
297,20240315,4,7,13,3,172,172,4,3,14,224,Team-C,BATCH-000297
298,20240315,1,1,8,3,147,136,3,2,9,196,Team-B,BATCH-000298
299,20240315,4,8,5,3,295,294,6,5,20,186,Team-B,BATCH-000299
300,20240315,4,8,3,3,225,196,7,3,19,205,Team-B,BATCH-000300
301,20240316,1,1,4,1,464,416,17,8,20,96,Team-C,BATCH-000301
302,20240316,1,2,14,2,462,409,12,8,9,154,Team-C,BATCH-000302
303,20240316,1,2,10,1,221,221,5,4,12,116,Team-B,BATCH-000303
304,20240316,4,8,9,1,384,384,10,7,13,138,Team-B,BATCH-000304
305,20240317,4,7,5,1,404,358,12,7,11,71,Team-B,BATCH-000305
306,20240317,4,7,19,2,440,398,11,7,20,121,Team-C,BATCH-000306
307,20240317,4,7,3,1,210,187,7,3,18,128,Team-B,BATCH-000307
308,20240317,4,8,19,1,440,440,10,8,17,176,Team-C,BATCH-000308
309,20240318,4,7,2,3,409,409,12,8,10,34,Team-A,BATCH-000309
310,20240318,4,8,9,2,111,111,4,2,15,137,Team-B,BATCH-000310
311,20240318,3,5,4,2,174,173,4,3,13,232,TEAM-A ,BATCH-000311
312,20240318,3,6,17,3,318,318,9,6,18,289,Team-C,BATCH-000312
313,20240319,1,1,16,3,428,366,9,7,16,254,Team-C,BATCH-000313
314,20240319,3,6,3,3,424,412,12,8,20,237,Team-B,BATCH-000314
315,20240319,4,8,11,3,153,149,4,2,16,233,Team-B,BATCH-000315
316,20240319,1,2,3,2,156,156,5,3,11,142,Team-C,BATCH-000316
317,20240320,2,3,3,1,391,391,8,7,35,66,Team-A,BATCH-000317
318,20240320,4,8,5,1,226,223,8,4,10,52,Team-A,BATCH-000318
319,20240320,2,4,14,2,457,438,12,8,16,202,Team-B,BATCH-000319
320,20240320,1,1,19,3,457,397,12,7,15,263,Team-B,BATCH-000320
321,20240321,4,8,2,2,112,100,3,2,19,244,Team-B,BATCH-000321
322,20240321,4,8,7,1,394,384,9,7,20,50,Team-C,BATCH-000322
323,20240321,1,1,17,3,122,114,4,2,18,83,Team-B,BATCH-000323
324,20240321,2,4,14,1,434,413,13,8,10,293,Team-B,BATCH-000324
325,20240322,4,7,14,2,437,433,15,8,12,78,Team-C,BATCH-000325
326,20240322,1,1,17,2,448,406,9,8,17,117,Team-B,BATCH-000326
327,20240322,4,7,6,1,476,476,10,9,18,136,Team-C,BATCH-000327
328,20240322,1,1,2,2,498,465,18,9,13,85,Team-C,BATCH-000328
329,20240323,1,1,1,3,316,270,10,5,11,264,Team-A,BATCH-000329
330,20240323,1,1,12,3,372,372,12,7,12,240, Team-A,BATCH-000330
331,20240323,2,3,5,2,403,374,8,7,38,175,Team-B,BATCH-000331
332,20240323,3,6,9,3,112,112,3,2,19,45,Team-A,BATCH-000332
333,20240324,1,2,11,2,199,193,6,3,12,245,Team-C,BATCH-000333
334,20240324,4,8,3,2,248,234,8,4,15,50,Team-C,BATCH-000334
335,20240324,3,5,17,2,153,138,4,2,19,75,Team-A,BATCH-000335
336,20240324,1,2,2,2,436,407,10,8,14,140,Team-B,BATCH-000336
337,20240325,1,2,20,1,270,232,9,4,13,148,Team-C,BATCH-000337
338,20240325,1,2,12,3,280,259,6,5,13,163,Team-C,BATCH-000338
339,20240325,4,8,1,3,106,98,2,1,9,72,Team A,BATCH-000339
340,20240325,4,7,7,3,406,406,8,8,18,246,Team-A,BATCH-000340
341,20240326,2,3,4,3,256,230,5,4,29,108,Team-C,BATCH-000341
342,20240326,4,8,4,2,203,203,7,4,20,172,Team-B,BATCH-000342
343,20240326,1,1,12,3,461,461,17,9,12,296,Team-A,BATCH-000343
344,20240326,1,2,8,3,450,406,14,8,13,81,Team-B,BATCH-000344
345,20240327,4,8,15,3,273,241,6,4,9,277,Team-B,BATCH-000345
346,20240327,1,2,6,3,325,308,8,6,17,91,Team-B,BATCH-000346
347,20240327,2,4,14,2,401,346,11,6,10,122,Team-A,BATCH-000347
348,20240327,3,6,1,1,339,323,13,6,13,99,Team-A,BATCH-000348
349,20240328,4,8,3,3,189,169,5,3,14,48,Team-C,BATCH-000349
350,20240328,3,6,18,2,489,489,11,9,19,136,Team-C,BATCH-000350
351,20240328,1,2,2,2,346,346,9,6,18,123,Team-A,BATCH-000351
352,20240328,3,5,17,3,183,183,5,3,14,166,Team-A,BATCH-000352
353,20240329,2,4,5,2,354,317,11,6,12,84,Team-C,BATCH-000353
354,20240329,2,3,3,1,272,238,5,4,24,277,Team-C,BATCH-000354
355,20240329,3,6,19,1,259,245,7,4,16,146,Team-B,BATCH-000355
356,20240329,3,5,17,3,190,184,4,3,20,210,Team-C,BATCH-000356
357,20240330,2,4,1,2,356,356,8,7,10,295,Team-C,BATCH-000357
358,20240330,3,5,9,1,477,421,18,8,17,250,Team-A,BATCH-000358
359,20240330,4,7,19,1,198,,5,3,10,228,Team-C,BATCH-000359
360,20240330,3,5,8,1,231,231,8,4,15,138,Team-A,BATCH-000360
361,20240331,4,7,16,3,211,188,7,3,9,224,Team-C,BATCH-000361
362,20240331,4,7,8,3,288,288,9,5,13,33,Team-C,BATCH-000362
363,20240331,2,3,17,3,280,254,6,5,28,98,Team-C,BATCH-000363
364,20240331,2,3,9,1,348,301,7,6,26,167,Team-C,BATCH-000364
365,20240401,3,6,20,3,483,479,10,9,20,67,Team-C,BATCH-000365
366,20240401,3,6,15,1,496,452,14,9,12,54,Team-C,BATCH-000366
367,20240401,3,6,16,3,146,146,5,2,18,242,Team-B,BATCH-000367
368,20240401,1,2,17,3,386,331,13,6,12,283,Team-A,BATCH-000368
369,20240402,1,1,10,2,372,339,11,6,17,131,Team-A,BATCH-000369
370,20240402,1,1,19,1,482,475,17,9,17,227,Team-A,BATCH-000370
371,20240402,3,5,7,1,225,193,6,3,9,102,Team-A,BATCH-000371
372,20240402,2,4,20,1,102,102,2,2,17,138,Team-C,BATCH-000372
373,20240403,4,7,17,3,370,343,11,6,19,72,Team-C,BATCH-000373
374,20240403,4,8,1,2,261,234,7,4,17,197,Team-C,BATCH-000374
375,20240403,1,1,5,3,435,386,15,7,18,176,Team-C,BATCH-000375
376,20240403,3,6,20,3,250,250,6,5,15,36,Team-B,BATCH-000376
377,20240404,4,7,3,2,371,361,14,7,11,153,Team-A,BATCH-000377
378,20240404,1,2,11,1,382,382,10,7,14,98,Team-B,BATCH-000378
379,20240404,4,7,1,2,149,146,4,2,12,76,Team-C,BATCH-000379
380,20240404,4,7,13,2,490,437,15,8,14,277,Team-A,BATCH-000380
381,20240405,4,8,10,1,156,146,3,2,20,35,Team-B,BATCH-000381
382,20240405,1,2,9,1,181,169,6,3,13,233,Team-C,BATCH-000382
383,20240405,3,5,10,2,444,432,15,8,15,195,Team B,BATCH-000383
384,20240405,2,3,7,3,256,256,5,5,19,70,Team-B,BATCH-000384
385,20240406,4,8,19,3,466,455,14,9,17,163,Team-C,BATCH-000385
386,20240406,3,6,9,1,451,412,14,8,12,287,Team-A,BATCH-000386
387,20240406,4,7,19,2,365,326,11,6,20,277,Team-B,BATCH-000387
388,20240406,4,8,13,1,468,468,13,9,15,112,Team-A,BATCH-000388
389,20240407,2,4,9,1,145,142,3,2,20,174,Team-B,BATCH-000389
390,20240407,2,3,18,3,343,342,7,6,39,161,Team-A,BATCH-000390
391,20240407,3,5,19,1,142,127,4,2,17,197,Team-C,BATCH-000391
392,20240407,1,1,15,3,162,138,4,2,9,232,Team-A,BATCH-000392
393,20240408,2,3,1,3,115,100,2,2,40,167,Team-B,BATCH-000393
394,20240408,2,3,19,3,418,400,9,8,22,120,Team-B,BATCH-000394
395,20240408,4,7,14,2,308,297,11,5,15,211,Team-A,BATCH-000395
396,20240408,1,2,2,1,157,155,3,3,14,143,Team-C,BATCH-000396
397,20240409,1,1,18,2,162,152,4,3,9,289,Team-B,BATCH-000397
398,20240409,4,7,11,2,187,163,7,3,18,271,Team-A,BATCH-000398
399,20240409,1,2,6,1,232,232,8,4,17,138,Team-C,BATCH-000399
400,20240409,4,7,3,1,228,205,6,4,15,52,Team-A,BATCH-000400
401,20240410,1,1,20,1,336,336,8,6,20,65,Team-B,BATCH-000401
402,20240410,2,3,10,2,394,354,8,7,25,166,Team-B,BATCH-000402
403,20240410,3,5,3,3,249,249,7,4,19,105,Team-C,BATCH-000403
404,20240410,4,7,9,1,338,300,11,6,17,141,Team-C,BATCH-000404
405,20240411,1,1,8,1,233,212,8,4,15,238,Team-B,BATCH-000405
406,20240411,3,6,10,3,221,193,6,3,11,230,Team-B,BATCH-000406
407,20240411,4,7,14,3,346,313,8,6,13,181,Team-C,BATCH-000407
408,20240411,1,1,15,1,118,110,3,2,18,170,Team-B,BATCH-000408
409,20240412,1,2,16,3,304,288,10,5,20,157,Team-B,BATCH-000409
410,20240412,1,1,13,1,381,340,14,6,15,222,Team-A,BATCH-000410
411,20240412,2,3,11,1,350,330,7,6,31,146,Team-C,BATCH-000411
412,20240412,4,8,16,1,409,391,13,7,19,115,Team-A,BATCH-000412
413,20240413,3,6,19,2,332,316,10,6,18,168,Team-A,BATCH-000413
414,20240413,2,4,8,2,483,419,11,8,19,233,Team-C,BATCH-000414
415,20240413,1,2,4,3,319,319,9,6,14,74,Team-B,BATCH-000415
416,20240413,3,6,10,1,422,388,10,7,13,88,Team-C,BATCH-000416
417,20240414,2,4,20,3,221,221,6,4,13,91,Team-A,BATCH-000417
418,20240414,1,2,2,1,306,295,6,5,14,238,Team-C,BATCH-000418
419,20240414,1,1,12,1,158,140,3,2,19,244,Team-C,BATCH-000419
420,20240414,3,5,4,2,344,304,11,6,14,298,Team-C,BATCH-000420
421,20240415,2,4,8,3,412,369,-10,7,14,233,Team-B,BATCH-000421
422,20240415,4,7,15,1,317,294,10,5,18,175,Team-B,BATCH-000422
423,20240415,4,7,6,1,338,337,10,6,11,202,Team-A,BATCH-000423
424,20240415,2,4,13,3,455,394,16,7,18,236,Team-C,BATCH-000424
425,20240416,3,6,20,2,456,402,15,8,11,194,Team-C,BATCH-000425
426,20240416,2,4,3,3,104,104,3,2,18,246,Team-B,BATCH-000426
427,20240416,3,6,8,3,203,177,6,3,17,211,Team-A,BATCH-000427
428,20240416,4,8,16,3,375,375,13,7,18,90,Team-B,BATCH-000428
429,20240417,3,5,3,3,242,221,6,4,20,216,Team-A,BATCH-000429
430,20240417,3,6,11,2,403,345,10,6,9,143,Team-A,BATCH-000430
431,20240417,4,8,15,3,454,423,17,8,13,54,Team-A,BATCH-000431
432,20240417,1,1,19,3,173,166,4,3,15,168,Team-B,BATCH-000432
433,20240418,2,3,5,3,414,390,9,7,28,79,Team-B,BATCH-000433
434,20240418,1,2,20,2,113,106,2,2,17,84,Team-B,BATCH-000434
435,20240418,2,4,11,1,232,226,5,4,20,211,Team-B,BATCH-000435
436,20240418,2,3,1,3,359,335,8,6,22,243,team_B,BATCH-000436
437,20240419,3,5,14,2,211,187,4,3,14,147,Team-B,BATCH-000437
438,20240419,2,3,13,1,421,405,9,8,24,55,Team-C,BATCH-000438
439,20240419,4,8,8,3,249,216,8,4,11,238,Team-C,BATCH-000439
440,20240419,4,8,11,3,144,141,5,2,13,244,Team-C,BATCH-000440
441,20240420,1,1,19,1,333,322,11,6,16,236,Team-C,BATCH-000441
442,20240420,1,2,14,3,408,408,15,8,19,40,Team-B,BATCH-000442
443,20240420,2,3,12,2,389,367,8,7,19,245,Team-B,BATCH-000443
444,20240420,4,8,15,1,183,182,7,3,20,265,Team-C,BATCH-000444
445,20240421,4,7,14,1,449,449,9,8,13,154,Team-A,BATCH-000445
446,20240421,4,8,5,2,185,185,6,3,9,159,team_C,BATCH-000446
447,20240421,3,5,14,2,291,276,9,5,10,141,Team-B,BATCH-000447
448,20240421,3,5,1,3,322,322,8,6,9,213,Team-B,BATCH-000448
449,20240422,1,2,13,1,275,275,8,5,16,135,Team-C,BATCH-000449
450,20240422,3,5,7,1,436,436,15,8,9,111,Team-A,BATCH-000450
451,20240422,4,7,12,2,310,271,10,5,18,225,Team-C,BATCH-000451
452,20240422,1,2,8,1,464,412,17,8,15,217,team-b,BATCH-000452
453,20240423,2,3,4,3,171,158,3,3,33,220,Team-B,BATCH-000453
454,20240423,4,8,3,3,336,336,9,6,16,229,Team-C,BATCH-000454
455,20240423,4,8,6,2,131,121,4,2,10,206,Team-C,BATCH-000455
456,20240423,3,5,5,2,407,365,13,7,11,279,Team-C,BATCH-000456
457,20240424,3,6,4,1,144,144,5,2,16,234,team-a,BATCH-000457
458,20240424,2,4,1,1,498,453,12,9,11,248,Team-A,BATCH-000458
459,20240424,3,6,8,3,210,198,7,3,14,218,Team-C,BATCH-000459
460,20240424,2,4,18,3,385,385,15,7,13,123,Team-B,BATCH-000460
461,20240425,1,1,16,3,436,423,13,8,19,231,Team-C,BATCH-000461
462,20240425,1,1,20,2,412,412,11,8,10,256,Team-C,BATCH-000462
463,20240425,2,4,9,3,239,209,8,4,16,101,Team-C,BATCH-000463
464,20240425,2,4,1,3,331,286,8,5,15,250,Team-A,BATCH-000464
465,20240426,1,2,6,2,201,201,4,4,15,262,Team-A,BATCH-000465
466,20240426,3,5,11,1,248,243,9,4,20,185,Team-C,BATCH-000466
467,20240426,1,2,19,2,127,127,4,2,19,97,Team-B,BATCH-000467
468,20240426,2,3,11,2,368,315,8,6,35,134,Team-C,BATCH-000468
469,20240427,4,8,19,2,351,305,9,6,14,239,Team-A,BATCH-000469
470,20240427,3,6,8,2,487,431,11,8,11,213,team-c,BATCH-000470
471,20240427,4,7,14,1,124,110,4,2,9,147,Team B,BATCH-000471
472,20240427,1,2,20,2,310,310,11,6,18,142,Team-C,BATCH-000472
473,20240428,3,6,9,1,143,133,4,2,19,169, Team-C,BATCH-000473
474,20240428,4,7,16,3,467,416,12,8,11,178,Team-A,BATCH-000474
475,20240428,4,7,20,2,471,446,12,8,12,54,Team-A,BATCH-000475
476,20240428,4,7,5,2,212,190,4,3,9,120,Team-B,BATCH-000476
477,20240429,1,2,3,2,459,459,15,9,13,209,Team-A,BATCH-000477
3587,20260615,1,1,2,1,259,226,8,4,12,161,Team-A,BATCH-003587
478,20240429,4,7,11,1,291,280,6,5,14,85,Team-C,BATCH-000478
479,20240429,1,2,5,1,158,157,5,3,9,59,Team-C,BATCH-000479
480,20240429,4,8,12,3,189,188,6,3,15,249,Team-B,BATCH-000480
481,20240430,2,3,7,3,285,267,6,5,26,276,Team-C,BATCH-000481
482,20240430,4,7,12,1,377,366,9,7,12,220,Team-B,BATCH-000482
483,20240430,2,4,15,1,121,111,3,2,13,204,Team-A,BATCH-000483
484,20240430,1,2,13,1,265,250,7,5,19,43,Team-C,BATCH-000484
485,20240501,4,7,15,2,382,346,13,6,11,89,Team-B,BATCH-000485
486,20240501,1,2,17,3,316,316,10,6,12,227,Team-C,BATCH-000486
487,20240501,4,8,18,1,348,302,11,6,14,48,Team-C,BATCH-000487
488,20240501,3,5,12,3,436,391,14,7,17,151,Team-A,BATCH-000488
489,20240502,1,1,7,3,149,137,3,2,13,157,Team-B,BATCH-000489
490,20240502,1,2,15,3,423,364,-13,7,19,266,Team-B,BATCH-000490
491,20240502,3,5,8,3,270,246,6,4,19,100,Team-C,BATCH-000491
492,20240502,3,6,16,3,385,368,13,7,17,250,Team-C,BATCH-000492
493,20240503,4,8,11,2,272,232,8,4,20,137,Team-A,BATCH-000493
494,20240503,3,6,10,2,370,352,10,7,12,241,Team-B,BATCH-000494
495,20240503,4,8,3,2,238,234,8,4,12,243,Team-B,BATCH-000495
496,20240503,3,6,1,2,467,439,15,8,18,105,Team-C,BATCH-000496
497,20240504,2,3,18,1,350,350,8,7,22,112,Team-A,BATCH-000497
498,20240504,3,5,15,3,129,113,4,2,15,54,Team-B,BATCH-000498
499,20240504,2,4,14,2,193,165,4,3,16,145,Team-B,BATCH-000499
500,20240504,2,3,11,3,184,184,4,3,41,238,Team-B,BATCH-000500
501,20240505,4,8,12,1,397,355,14,7,14,272,Team-B,BATCH-000501
502,20240505,3,5,16,2,463,417,12,8,17,217,Team-A,BATCH-000502
503,20240505,4,7,2,2,414,398,12,7,18,220,Team-C,BATCH-000503
504,20240505,3,6,8,1,353,316,8,6,12,37,Team-A,BATCH-000504
505,20240506,2,4,4,2,448,407,14,8,12,299,Team-B,BATCH-000505
506,20240506,3,5,20,1,392,371,13,7,17,135,Team-A,BATCH-000506
507,20240506,4,7,20,1,247,227,8,4,13,253,Team-B,BATCH-000507
508,20240506,1,2,4,2,144,144,3,2,11,250,Team-B,BATCH-000508
509,20240507,4,8,15,1,330,322,7,6,19,177,Team-A,BATCH-000509
510,20240507,4,8,18,2,104,103,2,2,13,106,Team-B,BATCH-000510
511,20240507,1,2,7,3,258,248,8,4,19,124,Team-A,BATCH-000511
512,20240507,4,8,20,2,229,224,7,4,15,45,Team-B,BATCH-000512
513,20240508,3,5,11,1,494,494,15,9,9,124,Team-A,BATCH-000513
514,20240508,1,1,1,3,280,252,9,5,19,137,Team-C,BATCH-000514
515,20240508,2,3,8,2,270,270,6,5,21,224,Team-B,BATCH-000515
516,20240508,3,5,2,1,243,207,5,4,13,125,Team-A,BATCH-000516
517,20240509,2,4,10,1,432,422,14,8,12,275,Team-A,BATCH-000517
518,20240509,2,3,20,2,462,404,10,8,41,189,Team-B,BATCH-000518
519,20240509,1,2,12,1,175,170,3,3,18,205,Team-C,BATCH-000519
520,20240509,4,8,1,3,223,211,7,4,16,86,Team-B,BATCH-000520
521,20240510,2,3,15,1,255,226,6,4,18,139,Team-B,BATCH-000521
522,20240510,1,2,14,2,227,200,8,4,19,202,Team-B,BATCH-000522
523,20240510,2,3,16,1,455,441,10,8,25,193,Team-B,BATCH-000523
524,20240510,2,3,13,3,499,447,11,8,33,133,Team-C,BATCH-000524
525,20240511,2,3,14,2,495,453,11,9,33,171,Team-A,BATCH-000525
234,20240228,4,8,10,2,109,109,3,2,16,95,Team-A,BATCH-000234
526,20240511,3,6,15,1,268,254,7,5,12,133,Team-C,BATCH-000526
527,20240511,2,3,11,1,344,340,8,6,26,112,Team-B,BATCH-000527
528,20240511,2,4,8,1,350,350,12,7,15,124,Team-B,BATCH-000528
529,20240512,2,3,5,3,188,174,4,3,29,125,Team-C,BATCH-000529
530,20240512,3,5,11,1,153,153,5,3,15,222,Team-C,BATCH-000530
531,20240512,2,3,15,1,436,413,10,8,38,37,Team-A,BATCH-000531
532,20240512,4,7,1,3,287,276,6,5,17,138,Team-A,BATCH-000532
533,20240513,3,6,19,2,374,363,12,7,11,217,Team-A,BATCH-000533
534,20240513,2,4,20,3,464,414,16,8,10,269,Team-C,BATCH-000534
535,20240513,2,3,11,1,236,205,5,4,19,68,Team-C,BATCH-000535
536,20240513,4,7,14,3,253,253,6,5,15,259,Team-A,BATCH-000536
537,20240514,2,4,1,3,331,291,10,5,19,292,Team-C,BATCH-000537
538,20240514,3,5,4,1,495,475,16,9,13,146,Team-A,BATCH-000538
539,20240514,2,3,16,1,368,368,8,7,34,145,Team-B,BATCH-000539
540,20240514,4,7,17,3,465,430,12,8,15,57,Team-C,BATCH-000540
541,20240515,3,5,19,1,263,227,6,4,14,237,Team-B,BATCH-000541
542,20240515,2,4,13,3,209,195,7,3,13,76,Team-A,BATCH-000542
543,20240515,4,8,20,2,419,419,14,8,16,239,Team-A,BATCH-000543
544,20240515,1,2,10,1,490,429,14,8,19,190,Team-A,BATCH-000544
545,20240516,4,7,2,1,231,200,5,4,15,207,Team-A,BATCH-000545
546,20240516,1,1,8,1,391,340,12,6,15,175,Team-A,BATCH-000546
547,20240516,4,7,15,3,286,277,7,5,15,68,Team-A,BATCH-000547
548,20240516,4,8,11,2,207,191,7,3,12,284,Team-C,BATCH-000548
549,20240517,1,1,13,2,169,169,5,3,14,124,Team-B,BATCH-000549
550,20240517,1,2,10,1,328,318,11,6,13,275,Team-A,BATCH-000550
551,20240517,4,7,1,3,289,280,7,5,9,201,Team-B,BATCH-000551
552,20240517,2,3,7,3,309,286,7,5,23,124,Team-B,BATCH-000552
553,20240518,3,6,18,1,197,189,6,3,18,163,Team-B,BATCH-000553
554,20240518,1,1,16,3,497,464,11,9,9,294,Team-B,BATCH-000554
555,20240518,1,2,5,3,296,282,10,5,11,152,Team-C,BATCH-000555
556,20240518,3,5,10,1,134,124,2,2,15,176,Team-C,BATCH-000556
557,20240519,4,8,20,3,487,418,10,8,15,45,Team-A,BATCH-000557
558,20240519,3,6,9,2,432,432,9,8,18,255,Team-A,BATCH-000558
559,20240519,2,4,17,1,100,96,2,1,14,41,Team-A,BATCH-000559
560,20240519,1,2,14,2,476,469,10,9,17,54,Team-B,BATCH-000560
561,20240520,2,3,11,2,383,333,9,6,18,121,Team-C,BATCH-000561
562,20240520,4,7,15,1,331,319,10,6,9,278,Team-B,BATCH-000562
563,20240520,4,7,8,2,379,352,10,7,11,54,Team-B,BATCH-000563
564,20240520,2,3,18,2,400,378,9,7,40,143,Team-C,BATCH-000564
565,20240521,1,1,11,3,134,132,3,2,20,74,Team-A,BATCH-000565
566,20240521,1,1,11,3,313,313,7,6,13,249,Team-C,BATCH-000566
567,20240521,1,1,20,1,225,221,4,4,10,197,Team-B,BATCH-000567
568,20240521,1,2,16,3,272,240,6,4,20,114,Team-B,BATCH-000568
569,20240522,4,7,9,1,233,228,6,4,14,187,Team-A,BATCH-000569
570,20240522,3,6,15,1,412,376,10,7,11,117,Team-C,BATCH-000570
571,20240522,3,6,19,2,234,225,8,4,12,166,Team-A,BATCH-000571
572,20240522,1,1,8,1,176,161,5,3,19,121,Team-A,BATCH-000572
573,20240523,4,7,2,1,157,149,3,2,12,67,Team-B,BATCH-000573
574,20240523,1,1,14,2,267,257,6,5,9,48,Team-B,BATCH-000574
575,20240523,4,7,20,1,443,443,13,8,11,155,Team-C,BATCH-000575
576,20240523,2,3,16,2,320,320,7,6,28,45,Team-B,BATCH-000576
577,20240524,3,5,1,2,435,392,10,7,12,74,Team-B,BATCH-000577
578,20240524,1,2,6,1,147,145,3,2,18,273,Team-B,BATCH-000578
579,20240524,4,8,20,1,428,397,13,7,19,138,Team-A,BATCH-000579
580,20240524,2,4,17,3,198,195,6,3,16,108,Team-B,BATCH-000580
581,20240525,3,6,13,2,208,189,7,3,19,220,Team-B,BATCH-000581
582,20240525,4,7,11,3,397,377,14,7,17,103,Team-A,BATCH-000582
583,20240525,4,7,2,2,411,399,15,7,18,180,Team-A,BATCH-000583
584,20240525,2,4,19,1,322,322,10,6,13,238,Team-A,BATCH-000584
585,20240526,2,3,13,2,458,446,11,8,35,224,Team-B,BATCH-000585
586,20240526,3,6,11,2,439,394,15,7,13,173,Team-A,BATCH-000586
587,20240526,4,7,12,3,134,119,4,2,20,36,Team-B,BATCH-000587
588,20240526,3,5,16,3,331,288,11,5,16,112,Team-B,BATCH-000588
589,20240527,1,1,13,1,106,106,3,2,10,244,Team-B,BATCH-000589
590,20240527,1,2,17,2,251,226,6,4,12,104,Team-B,BATCH-000590
591,20240527,1,2,19,2,275,269,7,5,18,208,Team-B,BATCH-000591
592,20240527,3,5,9,1,484,421,15,8,16,64,Team-C,BATCH-000592
593,20240528,3,6,13,3,382,342,14,6,10,116,Team-A,BATCH-000593
594,20240528,3,5,10,1,277,267,7,5,12,238,Team-C,BATCH-000594
595,20240528,4,7,16,3,471,438,17,8,14,282,Team-A,BATCH-000595
596,20240528,3,5,17,3,437,437,12,8,9,99,Team-C,BATCH-000596
597,20240529,3,6,4,3,363,353,12,7,19,218,Team-B,BATCH-000597
598,20240529,4,7,13,1,133,122,3,2,13,127,Team-B,BATCH-000598
599,20240529,2,3,6,2,491,456,11,9,29,118,Team-B,BATCH-000599
600,20240529,1,2,3,1,371,364,13,7,10,159,Team-A,BATCH-000600
601,20240530,3,6,6,1,424,362,10,7,13,194,Team-A,BATCH-000601
602,20240530,1,2,2,1,462,462,17,9,17,186,Team-B,BATCH-000602
603,20240530,3,6,1,2,426,399,16,7,10,289,Team-A,BATCH-000603
604,20240530,2,3,11,3,131,129,3,2,23,257,Team-B,BATCH-000604
605,20240531,2,4,2,3,469,404,11,8,13,47,Team-B,BATCH-000605
606,20240531,1,1,5,3,394,394,14,7,18,211,Team-C,BATCH-000606
607,20240531,2,4,2,2,295,279,11,5,20,99,Team B,BATCH-000607
608,20240531,2,3,4,2,404,404,9,8,20,38,Team-C,BATCH-000608
609,20240601,3,6,10,3,283,260,10,5,18,94,Team-B,BATCH-000609
610,20240601,1,1,15,3,182,157,5,3,11,91,Team-B,BATCH-000610
611,20240601,1,2,11,2,141,141,3,2,9,276,Team-B,BATCH-000611
612,20240601,1,2,14,3,306,268,10,5,16,86,Team-B,BATCH-000612
613,20240602,3,6,1,1,297,297,6,5,11,45,Team-C,BATCH-000613
614,20240602,1,2,8,2,435,435,10,8,15,216,Team-C,BATCH-000614
615,20240602,3,6,7,3,261,242,7,4,15,125,Team-C,BATCH-000615
616,20240602,2,4,18,1,180,180,5,3,17,158,Team-B,BATCH-000616
617,20240603,3,5,6,3,489,421,13,8,12,73,Team-C,BATCH-000617
618,20240603,2,3,15,1,154,143,3,2,40,159,Team-C,BATCH-000618
619,20240603,2,3,16,3,393,364,9,7,36,183,Team-C,BATCH-000619
620,20240603,3,5,2,1,268,267,8,5,18,111,Team-C,BATCH-000620
621,20240604,3,5,1,1,369,369,12,7,16,119,Team-B,BATCH-000621
622,20240604,2,4,17,1,173,169,6,3,15,233,Team-A,BATCH-000622
623,20240604,4,7,17,2,286,254,10,5,10,228,Team-A,BATCH-000623
624,20240604,3,5,1,3,173,159,5,3,10,70,Team-A,BATCH-000624
625,20240605,4,8,14,1,244,244,6,4,13,166,Team-A,BATCH-000625
626,20240605,1,1,18,2,267,240,9,4,14,181,Team-B,BATCH-000626
627,20240605,1,1,18,2,311,285,11,5,13,186,Team-C,BATCH-000627
628,20240605,4,8,20,3,206,188,4,3,14,276,Team-C,BATCH-000628
629,20240606,2,4,14,1,437,389,15,7,20,105,Team-A,BATCH-000629
630,20240606,4,7,3,3,148,136,5,2,18,147,Team-C,BATCH-000630
631,20240606,2,4,4,1,409,353,11,7,13,173,Team-B,BATCH-000631
632,20240606,4,7,7,2,499,489,14,9,11,183,Team-B,BATCH-000632
633,20240607,2,3,1,2,220,208,5,4,23,97,Team-A,BATCH-000633
634,20240607,2,3,2,2,207,195,5,3,39,73,Team-A,BATCH-000634
635,20240607,1,2,2,2,248,212,6,4,9,116,Team-C,BATCH-000635
636,20240607,1,1,17,2,403,356,12,7,17,212,Team-B,BATCH-000636
637,20240608,4,8,14,3,261,248,9,4,14,47,Team-C,BATCH-000637
638,20240608,2,4,19,3,147,131,4,2,19,164,Team-C,BATCH-000638
639,20240608,1,1,15,3,477,477,16,9,10,122,Team-B,BATCH-000639
640,20240608,1,2,8,1,476,476,14,9,17,64,Team-C,BATCH-000640
641,20240609,2,3,14,2,239,213,5,4,20,63,Team-A,BATCH-000641
642,20240609,2,4,17,1,322,309,9,6,16,135,Team-A,BATCH-000642
643,20240609,2,3,4,2,296,260,7,5,20,291,Team-A,BATCH-000643
644,20240609,3,5,12,1,101,92,3,1,15,39,Team-A,BATCH-000644
645,20240610,4,8,8,1,461,451,-13,9,14,178,Team-B,BATCH-000645
646,20240610,2,3,20,3,234,212,5,4,35,275,Team-A,BATCH-000646
647,20240610,4,8,12,2,474,409,10,8,16,80,Team-B,BATCH-000647
648,20240610,4,8,6,1,156,147,3,2,14,249,Team-A,BATCH-000648
649,20240611,4,8,12,2,382,382,9,7,13,263,Team-B,BATCH-000649
650,20240611,1,1,2,1,279,258,7,5,17,261,Team-A,BATCH-000650
651,20240611,1,2,18,3,328,308,7,6,15,275,Team-B,BATCH-000651
220,20240224,4,8,1,2,341,341,7,6,14,232,Team-C,BATCH-000220
652,20240611,2,4,8,1,129,112,3,2,18,168,Team-B,BATCH-000652
653,20240612,2,4,4,1,112,101,3,2,16,258,Team-B,BATCH-000653
654,20240612,3,6,16,1,239,206,8,4,14,86,Team-A,BATCH-000654
655,20240612,2,4,13,3,384,365,9,7,10,284,Team-B,BATCH-000655
656,20240612,3,6,18,1,357,331,7,6,19,233,Team-C,BATCH-000656
657,20240613,4,8,9,3,496,496,16,9,16,210,Team-B,BATCH-000657
658,20240613,2,3,10,3,362,361,9,7,34,284,Team-C,BATCH-000658
659,20240613,4,8,6,1,487,473,12,9,9,250,Team-A,BATCH-000659
660,20240613,4,7,13,1,318,284,11,5,20,218,Team-C,BATCH-000660
661,20240614,4,8,16,3,408,349,10,6,13,285,Team-A,BATCH-000661
662,20240614,4,7,12,1,343,343,9,6,10,255,Team-A,BATCH-000662
663,20240614,3,6,13,2,177,165,4,3,16,100,Team-A,BATCH-000663
664,20240614,4,7,19,2,270,268,9,5,9,112,Team-B,BATCH-000664
665,20240615,3,6,12,2,103,88,3,1,13,244,Team-B,BATCH-000665
666,20240615,4,7,3,1,160,159,5,3,15,150,Team-C,BATCH-000666
667,20240615,2,3,14,1,354,332,8,6,35,199,team-a,BATCH-000667
668,20240615,2,4,1,3,451,419,12,8,9,203,Team-B,BATCH-000668
1591,20250201,2,3,14,2,221,217,8,4,20,67,Team-B,BATCH-001591
669,20240616,2,3,17,2,393,393,9,7,19,88,Team-A,BATCH-000669
670,20240616,4,7,2,1,331,285,10,5,13,197,Team-C,BATCH-000670
671,20240616,3,6,17,2,179,177,5,3,14,224,Team-B,BATCH-000671
672,20240616,1,2,18,1,341,296,10,5,15,225,Team-C,BATCH-000672
673,20240617,4,7,20,3,250,238,9,4,12,66,Team-A,BATCH-000673
674,20240617,3,6,13,2,305,278,7,5,18,36,Team-A,BATCH-000674
675,20240617,4,7,4,3,133,113,4,2,14,260,Team-A,BATCH-000675
676,20240617,2,4,10,2,227,198,4,3,17,260,Team-B,BATCH-000676
677,20240618,1,2,17,1,244,214,8,4,14,195,Team-C,BATCH-000677
678,20240618,3,5,4,2,260,252,5,5,15,72,team-a,BATCH-000678
679,20240618,4,8,12,2,194,194,7,3,13,50,Team-C,BATCH-000679
680,20240618,4,8,14,3,471,427,13,8,20,149,Team-A,BATCH-000680
681,20240619,2,3,6,1,192,192,4,3,35,266,Team-C,BATCH-000681
682,20240619,2,3,3,1,139,122,3,2,28,84,Team-A,BATCH-000682
683,20240619,2,3,16,3,297,272,7,5,31,116,Team-A,BATCH-000683
684,20240619,1,1,2,3,310,298,10,5,16,46,Team-C,BATCH-000684
685,20240620,3,6,4,3,116,116,2,2,20,110,Team-C,BATCH-000685
686,20240620,4,8,13,2,296,296,6,5,9,225,Team-C,BATCH-000686
687,20240620,4,8,5,2,156,137,5,2,19,232,Team-C,BATCH-000687
2028,20250521,1,2,14,3,244,244,5,4,17,153,Team-B,BATCH-002028
688,20240620,3,5,1,3,387,387,11,7,14,243,Team-C,BATCH-000688
689,20240621,3,5,12,1,312,296,7,5,12,125,Team-B,BATCH-000689
690,20240621,3,6,18,2,126,123,4,2,19,111,Team-B,BATCH-000690
691,20240621,3,6,2,3,137,132,3,2,17,229,Team-C,BATCH-000691
692,20240621,3,5,18,1,497,497,13,9,20,233,Team-B,BATCH-000692
693,20240622,3,6,16,1,265,265,6,5,10,164,TEAM-A ,BATCH-000693
694,20240622,3,6,10,1,207,189,5,3,20,175,Team-B,BATCH-000694
695,20240622,2,3,12,2,116,104,2,2,34,281,Team-C,BATCH-000695
696,20240622,3,5,2,2,144,128,4,2,19,107,Team-B,BATCH-000696
697,20240623,2,3,18,3,102,89,2,1,40,96,Team-A,BATCH-000697
698,20240623,4,7,16,1,106,106,2,2,10,117,Team-A,BATCH-000698
699,20240623,4,8,19,1,492,454,12,9,13,33,Team-C,BATCH-000699
700,20240623,3,5,4,1,456,417,10,8,12,137,Team-A,BATCH-000700
701,20240624,4,7,4,2,433,423,9,8,11,270,Team-C,BATCH-000701
702,20240624,1,1,2,1,176,161,4,3,17,51,Team-C,BATCH-000702
703,20240624,3,5,3,3,495,488,16,9,20,210,Team-A,BATCH-000703
704,20240624,4,7,10,1,156,150,5,3,12,288,Team-A,BATCH-000704
705,20240625,2,3,7,1,283,271,7,5,35,96,Team-C,BATCH-000705
706,20240625,3,5,7,1,165,144,6,2,16,255,Team-B,BATCH-000706
707,20240625,4,7,12,3,138,138,5,2,17,120,Team-B,BATCH-000707
708,20240625,2,4,2,2,439,429,10,8,19,194,Team-A,BATCH-000708
709,20240626,4,7,18,3,232,226,5,4,9,272,Team-C,BATCH-000709
710,20240626,4,8,15,2,222,222,7,4,10,192,Team-B,BATCH-000710
711,20240626,4,8,13,1,414,388,15,7,10,177,Team-A,BATCH-000711
712,20240626,3,6,13,3,227,227,6,4,10,255,Team-A,BATCH-000712
713,20240627,3,6,16,3,246,223,8,4,16,208,Team-C,BATCH-000713
714,20240627,4,8,3,1,471,471,15,9,9,50,Team-C,BATCH-000714
715,20240627,3,6,14,2,190,187,4,3,19,128,Team-C,BATCH-000715
716,20240627,3,6,7,1,380,367,13,7,11,239,Team-B,BATCH-000716
717,20240628,4,7,10,1,364,343,10,6,20,39,Team-B,BATCH-000717
718,20240628,4,8,17,3,425,425,15,8,16,247,Team-A,BATCH-000718
719,20240628,1,1,6,3,335,308,7,6,17,173,Team-A,BATCH-000719
720,20240628,4,7,3,3,450,450,17,9,14,184,Team-B,BATCH-000720
721,20240629,2,4,6,2,316,284,11,5,15,50,Team-C,BATCH-000721
722,20240629,2,3,20,2,401,376,10,7,26,294,Team-C,BATCH-000722
723,20240629,2,4,10,1,179,159,6,3,13,261,Team-A,BATCH-000723
724,20240629,4,8,16,2,258,236,9,4,13,120,Team-A,BATCH-000724
725,20240630,2,3,19,1,319,316,8,6,34,71,team_C,BATCH-000725
726,20240630,2,4,9,3,157,154,3,3,19,158,Team-C,BATCH-000726
727,20240630,2,4,20,1,281,272,7,5,12,82,Team-B,BATCH-000727
728,20240630,2,4,18,3,101,100,2,2,19,241,Team-A,BATCH-000728
729,20240701,1,1,1,1,215,192,8,3,18,245,Team-B,BATCH-000729
730,20240701,4,8,13,2,432,381,10,7,18,57,Team-C,BATCH-000730
731,20240701,1,1,15,3,348,348,9,6,14,97,Team-C,BATCH-000731
732,20240701,1,1,13,2,174,158,4,3,13,244,Team-C,BATCH-000732
733,20240702,3,5,3,3,148,129,5,2,16,161,Team-B,BATCH-000733
734,20240702,1,2,13,1,287,261,6,5,10,246,Team-B,BATCH-000734
735,20240702,3,5,5,3,121,120,3,2,19,193,Team-A,BATCH-000735
736,20240702,2,4,16,1,121,108,3,2,9,76,Team-C,BATCH-000736
737,20240703,1,2,17,3,342,342,12,6,10,273,Team-B,BATCH-000737
738,20240703,2,3,1,3,458,403,11,8,39,31,Team-C,BATCH-000738
739,20240703,1,1,5,2,243,230,7,4,11,41,Team-C,BATCH-000739
740,20240703,1,1,10,2,270,270,6,5,17,129,Team-B,BATCH-000740
741,20240704,1,2,18,2,242,242,6,4,17,289,Team-B,BATCH-000741
742,20240704,2,3,17,3,307,307,8,6,41,143,Team-B,BATCH-000742
743,20240704,2,4,6,1,461,417,17,8,18,225,Team-C,BATCH-000743
744,20240704,2,3,20,1,107,101,2,2,37,98,Team-C,BATCH-000744
745,20240705,1,1,10,1,225,201,6,4,18,214,Team-A,BATCH-000745
746,20240705,2,3,2,2,102,99,2,1,27,170,Team-C,BATCH-000746
747,20240705,4,7,9,2,345,302,7,6,15,159,Team-B,BATCH-000747
748,20240705,1,2,5,2,205,203,6,4,11,191,Team-A,BATCH-000748
749,20240706,2,3,6,2,154,140,4,2,18,155,Team-A,BATCH-000749
750,20240706,2,3,17,2,303,282,7,5,32,175,Team-A,BATCH-000750
751,20240706,4,8,20,2,143,128,5,2,11,284,Team-A,BATCH-000751
752,20240706,4,8,8,2,412,367,15,7,17,290,Team-C,BATCH-000752
753,20240707,3,6,8,3,314,306,11,6,14,112,Team-B,BATCH-000753
754,20240707,2,3,7,1,388,364,10,7,35,45,Team-C,BATCH-000754
755,20240707,3,6,12,1,205,205,6,4,13,51,Team-C,BATCH-000755
756,20240707,1,2,1,3,378,373,8,7,9,173,Team-A,BATCH-000756
757,20240708,3,5,16,1,340,340,10,6,18,195,team_B,BATCH-000757
758,20240708,4,8,9,2,372,335,10,6,19,179,Team-B,BATCH-000758
759,20240708,2,4,7,3,497,437,15,8,13,118,Team-A,BATCH-000759
760,20240708,1,1,10,1,282,249,7,4,13,298,Team-B,BATCH-000760
761,20240709,3,6,2,3,329,283,9,5,19,276,Team-A,BATCH-000761
762,20240709,3,5,18,3,428,418,10,8,11,123,Team-A,BATCH-000762
763,20240709,1,1,18,1,396,357,10,7,20,128,team_B,BATCH-000763
764,20240709,4,7,14,1,242,217,6,4,9,221,Team-C,BATCH-000764
765,20240710,2,4,2,2,130,114,4,2,10,285,Team-A,BATCH-000765
766,20240710,4,7,3,2,445,433,16,8,10,227,Team-C,BATCH-000766
767,20240710,4,8,4,1,116,101,4,2,20,105,Team-C,BATCH-000767
768,20240710,4,8,14,2,314,285,11,5,20,128,Team-C,BATCH-000768
769,20240711,1,2,1,3,193,193,5,3,15,40,Team-C,BATCH-000769
770,20240711,1,2,8,1,126,123,4,2,18,209,Team-A,BATCH-000770
771,20240711,1,1,20,3,416,409,9,8,15,55,Team-B,BATCH-000771
772,20240711,1,1,3,1,100,100,2,2,16,123,Team-A,BATCH-000772
773,20240712,2,4,7,1,284,284,10,5,20,98,Team-B,BATCH-000773
774,20240712,1,2,18,2,471,471,13,9,19,285,Team-B,BATCH-000774
775,20240712,4,8,15,1,483,483,15,9,19,44,Team-A,BATCH-000775
776,20240712,3,5,16,1,429,377,15,7,19,119,Team-A,BATCH-000776
777,20240713,4,7,16,3,128,112,4,2,15,182,Team-A,BATCH-000777
778,20240713,1,1,11,1,285,265,8,5,19,106,Team-B,BATCH-000778
779,20240713,3,6,14,1,330,319,10,6,20,46,Team-C,BATCH-000779
780,20240713,3,6,3,1,133,116,3,2,11,40,Team-C,BATCH-000780
781,20240714,4,8,17,3,371,337,13,6,9,270,Team-A,BATCH-000781
782,20240714,2,3,4,1,387,348,10,6,28,182,Team-B,BATCH-000782
783,20240714,1,2,6,3,202,194,5,3,11,255,Team-C,BATCH-000783
784,20240714,3,5,14,2,281,281,6,5,14,135,Team-A,BATCH-000784
785,20240715,2,4,4,2,123,123,4,2,13,145,Team-B,BATCH-000785
786,20240715,2,4,5,2,236,236,7,4,12,115,Team-C,BATCH-000786
787,20240715,2,3,3,3,366,366,9,7,36,129,Team-B,BATCH-000787
788,20240715,3,5,12,3,200,200,4,4,11,159,Team-C,BATCH-000788
789,20240716,4,8,18,2,378,361,13,7,14,223,Team-C,BATCH-000789
790,20240716,4,7,11,1,373,355,8,7,14,220,Team-C,BATCH-000790
791,20240716,1,1,14,3,394,392,9,7,20,77,Team-B,BATCH-000791
792,20240716,1,2,20,2,250,225,6,4,14,38,Team-A,BATCH-000792
793,20240717,3,5,5,1,245,238,5,4,9,72,Team-C,BATCH-000793
794,20240717,2,4,14,3,495,441,11,8,12,164,Team-B,BATCH-000794
795,20240717,4,8,12,2,425,374,11,7,10,258,Team-B,BATCH-000795
796,20240717,2,4,15,3,302,266,9,5,20,185,Team-C,BATCH-000796
797,20240718,3,5,2,3,333,333,7,6,12,239,Team-B,BATCH-000797
798,20240718,2,4,8,2,217,202,5,4,13,290,Team-A,BATCH-000798
799,20240718,1,2,8,3,162,143,4,2,18,156,Team-C,BATCH-000799
800,20240718,2,3,14,1,341,341,9,6,19,141,Team-A,BATCH-000800
801,20240719,3,6,5,3,463,429,11,8,19,269,Team-C,BATCH-000801
802,20240719,4,7,7,3,288,258,7,5,17,38,Team-C,BATCH-000802
803,20240719,2,3,16,1,333,285,8,5,20,68,Team-C,BATCH-000803
804,20240719,3,6,8,2,290,250,8,5,20,152,Team-C,BATCH-000804
805,20240720,2,3,16,2,438,438,11,8,21,134,Team-B,BATCH-000805
806,20240720,3,6,2,2,361,329,8,6,16,251,Team-B,BATCH-000806
807,20240720,1,1,2,1,324,324,11,6,18,275,Team-A,BATCH-000807
808,20240720,3,6,12,3,203,193,7,3,9,69,Team-A,BATCH-000808
809,20240721,1,2,8,1,397,350,11,7,13,228,Team-C,BATCH-000809
810,20240721,1,2,20,2,380,373,9,7,17,168,Team-C,BATCH-000810
811,20240721,3,5,17,2,137,130,4,2,9,63,Team-C,BATCH-000811
1233,20241104,1,2,3,1,399,381,12,7,9,238,Team-A,BATCH-001233
812,20240721,4,7,17,1,274,272,8,5,12,142,Team-A,BATCH-000812
813,20240722,1,1,5,2,361,343,11,6,15,268,Team-B,BATCH-000813
814,20240722,4,8,9,1,332,313,9,6,9,206,Team-A,BATCH-000814
815,20240722,3,6,4,3,152,151,3,3,11,85,Team-B,BATCH-000815
816,20240722,4,7,12,3,432,421,14,8,18,109,Team-C,BATCH-000816
817,20240723,2,3,11,1,157,155,4,3,18,36,Team-C,BATCH-000817
818,20240723,3,5,10,2,339,339,9,6,20,181,team-a,BATCH-000818
819,20240723,2,3,18,3,242,214,6,4,30,199,Team-A,BATCH-000819
820,20240723,1,1,8,2,446,442,13,8,15,258,Team-B,BATCH-000820
821,20240724,3,6,5,1,255,249,8,4,19,96,Team-B,BATCH-000821
822,20240724,1,1,5,3,185,172,4,3,18,233,Team-B,BATCH-000822
823,20240724,2,3,16,3,461,432,12,8,31,283,Team-A,BATCH-000823
824,20240724,2,4,16,1,307,281,11,5,12,210,Team-A,BATCH-000824
825,20240725,1,2,12,3,178,166,4,3,13,132,Team-B,BATCH-000825
826,20240725,3,6,6,2,335,290,9,5,12,211,Team-A,BATCH-000826
827,20240725,2,3,18,1,195,184,5,3,22,213,Team-A,BATCH-000827
828,20240725,4,7,6,3,232,232,6,4,19,75,Team-B,BATCH-000828
829,20240726,4,8,20,3,433,414,13,8,20,133,Team-A,BATCH-000829
830,20240726,3,5,12,2,341,319,13,6,12,75,Team-C,BATCH-000830
831,20240726,2,3,3,3,311,286,8,5,24,187,Team-A,BATCH-000831
832,20240726,3,6,3,2,144,125,4,2,20,257,Team-C,BATCH-000832
833,20240727,3,6,10,3,457,438,16,8,16,174,Team-B,BATCH-000833
834,20240727,4,7,8,3,422,410,12,8,9,291,Team-B,BATCH-000834
835,20240727,4,8,11,3,276,239,7,4,17,158,Team-A,BATCH-000835
836,20240727,4,7,5,3,124,118,2,2,20,254,Team-C,BATCH-000836
837,20240728,2,4,11,1,111,100,3,2,15,170,Team-C,BATCH-000837
838,20240728,3,6,5,3,443,443,15,8,18,188,Team-A,BATCH-000838
839,20240728,4,8,13,3,485,464,12,9,17,225,Team-C,BATCH-000839
840,20240728,1,2,16,3,176,174,6,3,17,131,Team-A,BATCH-000840
841,20240729,1,2,9,2,302,258,11,5,9,132,Team-C,BATCH-000841
842,20240729,2,3,11,3,293,284,8,5,22,142,Team-A,BATCH-000842
843,20240729,1,1,7,1,252,247,8,4,11,39,Team-C,BATCH-000843
844,20240729,1,1,13,1,439,396,11,7,9,122,Team-A,BATCH-000844
845,20240730,2,3,17,2,252,234,6,4,34,289,Team-B,BATCH-000845
846,20240730,4,7,13,2,188,180,6,3,14,85,Team-A,BATCH-000846
847,20240730,1,2,16,2,371,343,8,6,20,95,Team-C,BATCH-000847
848,20240730,2,4,10,2,249,235,7,4,9,247,Team-A,BATCH-000848
849,20240731,3,5,14,3,338,320,10,6,13,220,team_B,BATCH-000849
850,20240731,4,8,12,1,395,382,12,7,13,232,Team-A,BATCH-000850
851,20240731,1,2,10,2,462,462,16,9,18,52,Team-C,BATCH-000851
852,20240731,2,3,13,1,233,229,6,4,30,117,Team-A,BATCH-000852
853,20240801,1,1,8,3,315,293,7,5,14,135,Team-A,BATCH-000853
854,20240801,4,8,4,2,303,278,6,5,17,168,Team-C,BATCH-000854
855,20240801,1,1,18,1,413,388,9,7,16,282,Team-A,BATCH-000855
856,20240801,2,4,2,2,370,351,13,7,19,232,Team-C,BATCH-000856
2552,20250929,2,4,5,2,466,435,17,8,16,40,Team-C,BATCH-002552
857,20240802,1,2,10,2,402,376,14,7,11,111,Team-A,BATCH-000857
858,20240802,4,8,8,2,142,130,3,2,10,94,Team-B,BATCH-000858
859,20240802,4,7,19,2,312,312,10,6,18,111,Team-A,BATCH-000859
860,20240802,2,4,1,2,391,339,9,6,10,237,Team-A,BATCH-000860
861,20240803,4,8,2,2,337,336,12,6,9,58,Team-A,BATCH-000861
862,20240803,1,2,7,2,384,333,11,6,18,233,Team-C,BATCH-000862
863,20240803,2,4,10,2,470,456,12,9,13,187,Team-C,BATCH-000863
864,20240803,3,6,9,2,389,389,14,7,12,197,Team-A,BATCH-000864
865,20240804,4,7,9,2,245,245,8,4,13,240,Team-B,BATCH-000865
866,20240804,3,5,16,1,371,322,12,6,18,194,Team-A,BATCH-000866
867,20240804,1,2,8,1,480,480,18,9,14,111,Team-C,BATCH-000867
868,20240804,1,2,4,1,231,205,7,4,19,223,Team-A,BATCH-000868
869,20240805,2,3,9,3,224,222,6,4,39,217,Team-C,BATCH-000869
870,20240805,3,5,5,1,419,365,11,7,9,134,Team-B,BATCH-000870
871,20240805,3,6,9,1,404,391,12,7,9,198,Team-B,BATCH-000871
872,20240805,1,2,14,1,434,394,11,7,15,225,Team-B,BATCH-000872
873,20240806,4,8,12,3,203,174,4,3,12,39,Team-B,BATCH-000873
874,20240806,3,6,1,3,376,344,11,6,17,167,Team-C,BATCH-000874
875,20240806,1,2,14,1,453,415,12,8,10,30,Team-A,BATCH-000875
876,20240806,4,7,17,3,122,106,3,2,15,168,Team-B,BATCH-000876
877,20240807,4,7,17,3,109,104,3,2,11,227,Team-B,BATCH-000877
878,20240807,3,5,11,1,229,206,5,4,20,294,Team-B,BATCH-000878
879,20240807,3,6,10,2,142,141,4,2,11,223,Team-B,BATCH-000879
880,20240807,4,8,1,1,171,149,6,2,15,37,Team-B,BATCH-000880
881,20240808,2,3,18,3,265,257,7,5,21,207,Team-B,BATCH-000881
882,20240808,2,4,9,2,214,195,7,3,15,225,Team-B,BATCH-000882
883,20240808,3,6,7,1,374,321,13,6,12,182,Team-C,BATCH-000883
884,20240808,4,7,19,3,125,111,3,2,17,246,Team-B,BATCH-000884
885,20240809,2,4,9,1,268,260,6,5,13,141,Team-B,BATCH-000885
886,20240809,2,4,8,2,255,218,5,4,9,161,Team-C,BATCH-000886
887,20240809,2,4,15,3,369,340,9,6,10,282,Team-A,BATCH-000887
888,20240809,3,5,18,3,369,369,11,7,18,199,Team-B,BATCH-000888
889,20240810,4,8,19,3,102,88,2,1,11,171,Team-C,BATCH-000889
890,20240810,1,2,12,1,238,232,8,4,13,165,Team-C,BATCH-000890
891,20240810,4,8,6,3,193,166,7,3,11,168,Team-A,BATCH-000891
892,20240810,1,1,4,1,176,176,5,3,16,68,Team-B,BATCH-000892
893,20240811,3,6,19,1,176,169,3,3,13,234,Team-B,BATCH-000893
894,20240811,1,1,14,1,467,449,10,8,18,187,Team-B,BATCH-000894
895,20240811,1,2,15,2,308,289,9,5,9,297,Team-B,BATCH-000895
896,20240811,4,7,17,3,148,137,4,2,20,44,Team-B,BATCH-000896
897,20240812,3,6,14,2,324,302,11,6,10,263,Team-B,BATCH-000897
898,20240812,4,8,14,1,345,305,9,6,13,81,Team-B,BATCH-000898
899,20240812,4,7,19,2,249,249,7,4,19,162,Team-C,BATCH-000899
900,20240812,1,1,8,2,275,275,10,5,13,160,Team-B,BATCH-000900
901,20240813,2,4,4,2,460,454,13,9,18,248,Team-A,BATCH-000901
902,20240813,3,5,17,1,170,157,5,3,13,140,Team-A,BATCH-000902
903,20240813,3,6,20,1,230,203,4,4,16,52,Team-C,BATCH-000903
904,20240813,3,5,16,1,112,103,2,2,17,67,Team-A,BATCH-000904
905,20240814,2,3,19,1,240,232,6,4,29,139,Team-A,BATCH-000905
906,20240814,4,8,19,1,109,106,2,2,14,169,Team-B,BATCH-000906
907,20240814,2,4,12,1,162,162,5,3,13,230,Team-B,BATCH-000907
908,20240814,2,4,3,1,113,107,2,2,19,134,Team-C,BATCH-000908
909,20240815,3,5,9,2,193,193,4,3,11,286,Team-B,BATCH-000909
910,20240815,2,3,16,3,445,404,12,8,28,250,Team-C,BATCH-000910
911,20240815,3,5,19,2,485,431,11,8,13,52,Team-B,BATCH-000911
912,20240815,3,5,10,1,420,420,9,8,19,132,Team-C,BATCH-000912
913,20240816,4,8,20,3,368,359,10,7,9,117,Team-C,BATCH-000913
914,20240816,3,6,15,2,396,374,15,7,18,94,Team-A,BATCH-000914
915,20240816,3,6,10,3,328,283,11,5,11,270,Team-B,BATCH-000915
916,20240816,4,8,14,3,429,392,10,7,14,134,Team-B,BATCH-000916
917,20240817,2,4,7,2,136,126,5,2,11,130,Team-C,BATCH-000917
918,20240817,1,1,10,1,191,191,4,3,14,247,Team-B,BATCH-000918
919,20240817,1,2,17,1,161,160,3,3,19,101,Team-B,BATCH-000919
920,20240817,2,3,10,3,412,367,11,7,41,298,Team-B,BATCH-000920
921,20240818,3,5,1,1,419,361,13,7,16,125,Team-B,BATCH-000921
922,20240818,2,3,1,3,324,291,9,5,24,221,Team-C,BATCH-000922
923,20240818,2,3,11,2,370,367,10,7,24,55,Team-B,BATCH-000923
924,20240818,4,7,19,1,222,195,7,3,18,215,Team-A,BATCH-000924
925,20240819,1,1,12,3,374,345,13,6,10,202,Team-B,BATCH-000925
926,20240819,4,8,12,2,372,327,14,6,12,225,Team-B,BATCH-000926
927,20240819,1,1,3,3,357,339,9,6,16,128,Team-C,BATCH-000927
928,20240819,1,2,1,1,339,324,12,6,10,37,Team-B,BATCH-000928
929,20240820,2,3,15,2,458,436,13,8,20,198,Team-C,BATCH-000929
930,20240820,2,3,7,3,386,360,11,7,40,52,Team-A,BATCH-000930
931,20240820,4,8,6,1,455,398,10,7,10,76,Team-A,BATCH-000931
932,20240820,3,6,13,3,479,479,12,9,20,102,Team-B,BATCH-000932
933,20240821,4,7,14,2,142,133,3,2,9,216,Team-C,BATCH-000933
934,20240821,4,8,3,2,369,345,12,6,18,228,Team-B,BATCH-000934
935,20240821,4,7,5,2,321,321,10,6,10,33,Team-A,BATCH-000935
936,20240821,1,1,11,2,465,425,17,8,15,193,Team-C,BATCH-000936
937,20240822,2,4,13,1,238,238,6,4,13,243,Team-C,BATCH-000937
938,20240822,2,3,15,3,469,440,13,8,28,255,Team-C,BATCH-000938
939,20240822,2,4,10,2,436,380,11,7,18,268,Team-A,BATCH-000939
940,20240822,2,3,13,3,456,407,13,8,30,77,Team-A,BATCH-000940
941,20240823,3,6,1,1,315,275,7,5,14,189,Team-B,BATCH-000941
942,20240823,2,3,17,3,415,382,11,7,41,174,Team-B,BATCH-000942
943,20240823,4,7,17,1,431,389,9,7,17,79,Team-A,BATCH-000943
944,20240823,2,3,14,2,370,370,10,7,24,177,Team-B,BATCH-000944
945,20240824,4,7,16,2,325,325,9,6,11,118,Team-A,BATCH-000945
946,20240824,3,6,19,3,313,311,7,6,11,61,Team-A,BATCH-000946
947,20240824,3,5,3,1,416,374,11,7,9,276,Team-A,BATCH-000947
948,20240824,3,5,16,2,409,382,11,7,10,256,Team-A,BATCH-000948
949,20240825,2,4,11,3,382,329,10,6,14,257,Team-C,BATCH-000949
950,20240825,2,3,13,2,249,246,7,4,23,185,Team-A,BATCH-000950
951,20240825,4,8,11,1,421,389,12,7,14,218,Team-C,BATCH-000951
952,20240825,2,4,12,3,225,197,7,3,9,224,Team-B,BATCH-000952
953,20240826,4,7,19,3,492,467,16,9,18,90,Team-C,BATCH-000953
954,20240826,2,4,18,3,130,130,2,2,12,205,Team-B,BATCH-000954
955,20240826,2,3,14,1,206,206,5,4,21,163,Team-C,BATCH-000955
956,20240826,1,1,18,1,194,183,4,3,15,264,Team-C,BATCH-000956
957,20240827,4,7,17,3,189,174,5,3,15,50,Team-B,BATCH-000957
958,20240827,3,6,3,1,212,210,4,4,11,97,Team-B,BATCH-000958
959,20240827,4,7,20,3,280,244,7,4,12,204,Team-B,BATCH-000959
960,20240827,4,7,18,1,390,365,9,7,18,30,Team-C,BATCH-000960
961,20240828,3,5,19,1,188,165,4,3,16,270,Team-B,BATCH-000961
962,20240828,2,3,1,2,275,272,7,5,31,180,Team-A,BATCH-000962
963,20240828,1,1,9,2,326,309,10,6,10,276,Team-C,BATCH-000963
964,20240828,1,2,19,2,377,377,10,7,13,173,Team-A,BATCH-000964
965,20240829,1,2,17,3,406,372,13,7,18,227,Team-C,BATCH-000965
966,20240829,4,7,16,2,452,443,13,8,9,106,Team-C,BATCH-000966
967,20240829,3,6,20,2,186,167,6,3,19,277,Team-A,BATCH-000967
968,20240829,4,7,7,3,288,261,6,5,11,292,Team-A,BATCH-000968
969,20240830,1,1,8,3,231,202,8,4,10,151,Team-B,BATCH-000969
970,20240830,1,2,7,2,260,260,9,5,20,277,Team-C,BATCH-000970
971,20240830,2,3,18,2,386,350,11,7,23,263,Team-A,BATCH-000971
972,20240830,3,6,19,2,236,236,7,4,20,255,Team-A,BATCH-000972
973,20240831,2,4,9,1,485,422,12,8,10,232,Team-A,BATCH-000973
974,20240831,4,8,7,2,108,108,2,2,18,49,Team-B,BATCH-000974
975,20240831,1,2,6,1,479,479,12,9,16,116,Team-C,BATCH-000975
976,20240831,2,4,4,1,322,316,8,6,15,33,Team-B,BATCH-000976
977,20240901,4,8,14,3,136,134,3,2,15,297,Team-C,BATCH-000977
978,20240901,4,8,6,2,118,114,4,2,17,109,Team-B,BATCH-000978
979,20240901,4,7,11,3,196,182,6,3,9,37,Team-B,BATCH-000979
980,20240901,1,1,1,1,303,303,7,6,17,206,Team-B,BATCH-000980
981,20240902,1,1,8,3,124,113,4,2,11,207,Team-A,BATCH-000981
982,20240902,3,5,15,2,480,427,15,8,16,67,Team-A,BATCH-000982
983,20240902,3,6,11,1,418,418,15,8,14,58,Team-A,BATCH-000983
984,20240902,1,2,13,1,367,361,8,7,15,79,Team-A,BATCH-000984
985,20240903,1,2,18,1,138,119,4,2,15,75,Team-C,BATCH-000985
986,20240903,1,2,3,3,193,169,4,3,15,167,Team-A,BATCH-000986
987,20240903,1,2,9,2,282,249,7,4,17,244,Team-B,BATCH-000987
988,20240903,4,7,9,2,475,475,10,9,15,165,Team-C,BATCH-000988
989,20240904,1,1,12,1,194,189,5,3,9,245,Team-C,BATCH-000989
990,20240904,1,1,17,2,172,148,5,2,17,295,Team-A,BATCH-000990
991,20240904,3,5,13,1,146,139,5,2,15,183,Team-B,BATCH-000991
992,20240904,3,5,5,1,356,356,7,7,15,192,Team-C,BATCH-000992
993,20240905,4,7,7,2,430,418,10,8,17,249,Team-A,BATCH-000993
994,20240905,3,5,3,3,242,228,5,4,19,237,Team-A,BATCH-000994
995,20240905,4,7,1,1,177,163,5,3,9,204,Team-B,BATCH-000995
996,20240905,4,8,19,3,322,295,7,5,14,141,Team-C,BATCH-000996
997,20240906,1,1,6,2,464,401,15,8,13,286,Team B,BATCH-000997
998,20240906,4,7,2,2,147,145,4,2,14,217,Team-B,BATCH-000998
999,20240906,4,7,8,1,445,445,12,8,15,119,Team-C,BATCH-000999
1000,20240906,3,6,8,2,123,108,3,2,17,149,Team-C,BATCH-001000
1001,20240907,4,8,9,2,380,325,8,6,20,278,Team-A,BATCH-001001
1002,20240907,4,7,6,1,269,243,9,4,19,99,Team-B,BATCH-001002
1003,20240907,4,8,15,1,218,218,8,4,20,84,Team-C,BATCH-001003
1004,20240907,1,1,15,3,417,417,12,8,12,34,Team B,BATCH-001004
1005,20240908,3,5,10,3,200,200,7,4,15,95,Team-B,BATCH-001005
1006,20240908,4,8,12,3,139,129,3,2,19,282,Team-A,BATCH-001006
1007,20240908,1,1,19,1,132,129,3,2,17,256,Team-B,BATCH-001007
1008,20240908,2,3,12,3,353,319,10,6,37,263,Team-A,BATCH-001008
1009,20240909,3,6,5,1,258,258,8,5,12,260,Team-A,BATCH-001009
1010,20240909,3,6,18,1,316,301,7,6,12,264,Team-C,BATCH-001010
1011,20240909,3,6,18,1,325,322,9,6,14,105,Team-C,BATCH-001011
1012,20240909,3,5,12,1,423,377,9,7,13,195,Team-A,BATCH-001012
1013,20240910,3,5,1,3,328,328,12,6,14,134,Team-B,BATCH-001013
1014,20240910,3,6,13,3,142,142,4,2,16,173,Team-B,BATCH-001014
1015,20240910,3,5,4,1,397,397,13,7,12,264,Team-A,BATCH-001015
1016,20240910,2,4,16,3,432,432,14,8,13,252,Team-B,BATCH-001016
1017,20240911,1,2,12,1,233,207,6,4,14,156,Team-A,BATCH-001017
1018,20240911,3,6,8,3,234,234,8,4,15,139,Team-A,BATCH-001018
1019,20240911,2,4,20,2,103,96,2,1,17,46,Team-C,BATCH-001019
1020,20240911,3,5,3,3,206,194,7,3,15,270,Team-A,BATCH-001020
1021,20240912,3,5,3,1,134,132,4,2,14,50,Team-C,BATCH-001021
1022,20240912,2,3,19,3,154,153,4,3,29,222,Team-C,BATCH-001022
1023,20240912,1,2,16,1,314,314,7,6,17,168,Team-C,BATCH-001023
1024,20240912,3,5,7,1,148,145,3,2,10,264,Team-A,BATCH-001024
1025,20240913,4,8,1,3,495,426,19,8,12,110,Team-C,BATCH-001025
1026,20240913,1,2,15,1,241,220,8,4,20,108,Team-B,BATCH-001026
1027,20240913,1,1,19,3,304,280,9,5,14,180,Team-B,BATCH-001027
1028,20240913,2,3,9,1,335,335,10,6,41,186,Team-B,BATCH-001028
1029,20240914,4,7,7,2,466,466,10,9,15,124,Team-C,BATCH-001029
1030,20240914,2,3,7,1,123,108,3,2,29,122,Team-A,BATCH-001030
1031,20240914,3,5,19,2,392,382,15,7,10,280,Team-B,BATCH-001031
1032,20240914,3,5,17,1,428,425,14,8,17,156,Team-A,BATCH-001032
1033,20240915,1,1,8,2,368,346,12,6,18,124,Team-A,BATCH-001033
1034,20240915,2,4,12,3,101,101,3,2,16,225,Team-C,BATCH-001034
1035,20240915,1,2,20,1,257,236,6,4,20,278,Team-C,BATCH-001035
1036,20240915,4,8,16,1,101,87,3,1,19,289,Team-A,BATCH-001036
1037,20240916,1,2,3,2,227,214,7,4,16,167,Team-A,BATCH-001037
1038,20240916,2,4,3,2,128,127,3,2,11,90,Team-A,BATCH-001038
1039,20240916,4,7,6,3,463,417,15,8,10,50,Team-B,BATCH-001039
1040,20240916,3,6,15,2,109,94,3,1,14,279,Team-B,BATCH-001040
1041,20240917,2,3,19,1,161,161,4,3,24,222,Team-C,BATCH-001041
1042,20240917,2,3,19,1,156,156,4,3,34,121,Team-A,BATCH-001042
1043,20240917,3,6,8,1,185,180,5,3,12,155,Team-C,BATCH-001043
1044,20240917,3,5,5,1,165,151,4,3,14,279,Team-C,BATCH-001044
1045,20240918,2,3,2,1,381,330,11,6,25,70,Team-B,BATCH-001045
1046,20240918,2,4,15,2,370,370,13,7,13,294,Team-B,BATCH-001046
1047,20240918,4,7,16,3,196,196,5,3,11,275,Team-B,BATCH-001047
1048,20240918,1,2,20,2,320,305,12,6,19,103,Team-A,BATCH-001048
1049,20240919,4,8,1,3,349,324,12,6,20,185,Team-C,BATCH-001049
1050,20240919,2,3,4,2,445,445,13,8,29,45,Team-B,BATCH-001050
1051,20240919,3,6,17,2,377,375,10,7,12,141,Team-B,BATCH-001051
1052,20240919,3,5,11,3,204,187,4,3,10,152,Team-B,BATCH-001052
1053,20240920,1,1,4,3,453,439,15,8,20,226,Team-B,BATCH-001053
1054,20240920,1,1,4,1,364,339,12,6,19,154,Team-B,BATCH-001054
1055,20240920,1,1,10,2,417,358,15,7,12,216,Team-C,BATCH-001055
1056,20240920,3,5,19,2,231,231,5,4,18,209,Team-C,BATCH-001056
1057,20240921,2,4,4,2,270,260,8,5,14,124,Team-A,BATCH-001057
1058,20240921,1,1,15,2,202,202,4,4,10,97,Team-B,BATCH-001058
1059,20240921,2,4,19,3,218,198,7,3,11,80,Team-C,BATCH-001059
1060,20240921,1,2,15,3,291,252,6,5,20,297,Team-A,BATCH-001060
1061,20240922,4,7,17,1,221,189,5,3,10,239,Team-B,BATCH-001061
1062,20240922,2,3,16,1,315,303,9,6,34,64,Team-A,BATCH-001062
1063,20240922,2,3,13,2,328,328,10,6,28,30,Team-C,BATCH-001063
1064,20240922,1,2,7,2,227,226,5,4,9,281,Team-A,BATCH-001064
1065,20240923,4,8,16,3,477,473,18,9,20,63,Team-C,BATCH-001065
1066,20240923,1,1,15,1,326,326,10,6,18,280,Team-B,BATCH-001066
1067,20240923,4,7,7,1,352,307,11,6,15,88,Team-B,BATCH-001067
1068,20240923,1,2,4,2,373,342,7,6,16,83,Team-C,BATCH-001068
1069,20240924,1,1,5,1,486,486,18,9,20,251,Team-B,BATCH-001069
1070,20240924,2,4,4,1,253,224,5,4,10,37,Team-A,BATCH-001070
1071,20240924,4,8,12,3,207,200,5,4,16,262,Team-C,BATCH-001071
1072,20240924,4,8,14,3,128,122,4,2,17,240,TEAM-C ,BATCH-001072
1073,20240925,1,1,13,1,364,361,7,7,18,168,Team-A,BATCH-001073
1074,20240925,4,7,10,1,495,495,14,9,17,121,Team-A,BATCH-001074
1075,20240925,1,1,12,2,454,448,17,8,11,135,Team-A,BATCH-001075
1076,20240925,2,4,15,1,356,316,8,6,13,144,Team-C,BATCH-001076
1077,20240926,3,6,18,2,240,240,8,4,20,118,Team-C,BATCH-001077
1078,20240926,2,4,20,3,481,460,13,9,17,181,Team-A,BATCH-001078
1079,20240926,4,8,7,3,161,150,3,3,10,199,Team-B,BATCH-001079
1080,20240926,1,1,4,3,116,116,3,2,18,202,Team-C,BATCH-001080
1081,20240927,4,7,1,3,467,402,16,8,14,137,Team-A,BATCH-001081
1082,20240927,2,4,11,1,173,154,5,3,12,264,Team-A,BATCH-001082
1083,20240927,1,1,6,3,444,444,17,8,13,109,Team-B,BATCH-001083
1084,20240927,1,1,4,2,447,447,12,8,16,243,Team-C,BATCH-001084
1085,20240928,1,1,20,3,385,368,12,7,14,127,Team-B,BATCH-001085
1086,20240928,3,5,3,3,171,156,4,3,16,169,Team-A,BATCH-001086
1087,20240928,2,3,12,1,380,358,11,7,40,48,Team-C,BATCH-001087
1088,20240928,4,7,9,3,263,247,8,4,19,220,Team-A,BATCH-001088
1089,20240929,1,2,10,3,144,132,5,2,18,163,Team-C,BATCH-001089
1090,20240929,1,1,18,3,137,126,4,2,20,64,Team-C,BATCH-001090
1091,20240929,3,6,20,3,351,311,9,6,17,253,Team-A,BATCH-001091
1092,20240929,4,8,15,2,222,201,7,4,17,106,Team-A,BATCH-001092
1093,20240930,1,1,11,1,107,101,2,2,14,257,Team-C,BATCH-001093
1094,20240930,3,6,15,3,417,360,14,7,15,263,Team-A,BATCH-001094
1095,20240930,4,8,1,2,241,211,8,4,18,164,Team-C,BATCH-001095
1096,20240930,4,7,19,3,240,211,9,4,16,117,Team-A,BATCH-001096
1097,20241001,4,8,13,3,139,139,3,2,20,260,Team-C,BATCH-001097
1098,20241001,3,5,16,3,489,420,11,8,9,221,Team-C,BATCH-001098
1099,20241001,1,2,1,2,402,381,11,7,10,53,Team-C,BATCH-001099
1100,20241001,4,7,12,1,426,365,14,7,20,193,Team-A,BATCH-001100
1101,20241002,4,7,8,1,481,481,11,9,20,190,Team-C,BATCH-001101
1102,20241002,1,1,3,3,434,434,13,8,16,152,Team-C,BATCH-001102
1103,20241002,2,3,17,1,159,159,4,3,24,80,Team-B,BATCH-001103
1104,20241002,3,6,7,2,138,124,3,2,20,128,Team-C,BATCH-001104
1105,20241003,1,1,19,2,218,204,5,4,15,37,Team-A,BATCH-001105
1106,20241003,3,6,8,1,242,232,5,4,18,214,Team-B,BATCH-001106
1107,20241003,3,6,14,1,183,179,6,3,18,117,Team-C,BATCH-001107
1108,20241003,4,7,4,2,151,151,5,3,10,269,team-c,BATCH-001108
1109,20241004,1,1,11,2,148,137,4,2,17,44,Team-B,BATCH-001109
1110,20241004,3,6,9,1,151,147,5,2,19,72,Team-C,BATCH-001110
1111,20241004,1,2,4,1,232,210,6,4,13,284,Team-B,BATCH-001111
1112,20241004,2,3,18,1,297,292,9,5,22,241,Team-B,BATCH-001112
1113,20241005,2,3,3,1,199,178,6,3,29,92,Team-C,BATCH-001113
1114,20241005,3,6,9,1,424,387,13,7,10,131,Team-C,BATCH-001114
1115,20241005,1,1,13,3,430,396,13,7,15,210,Team-C,BATCH-001115
1116,20241005,2,3,10,1,419,408,13,8,19,213,Team-A,BATCH-001116
1117,20241006,2,4,9,3,186,186,6,3,10,101,Team-B,BATCH-001117
1118,20241006,4,8,15,2,352,312,13,6,15,175,Team-B,BATCH-001118
1119,20241006,4,7,7,3,345,309,11,6,9,157,Team-A,BATCH-001119
1120,20241006,2,3,11,3,438,412,13,8,32,140,Team-B,BATCH-001120
1121,20241007,3,6,13,1,231,221,5,4,14,228,Team-A,BATCH-001121
1122,20241007,4,8,12,1,494,494,17,9,14,255,Team-B,BATCH-001122
1123,20241007,1,1,4,3,243,230,9,4,20,216,Team-A,BATCH-001123
1124,20241007,4,7,8,2,109,96,2,1,16,239,Team-B,BATCH-001124
1125,20241008,3,6,10,3,103,88,3,1,11,60,Team-B,BATCH-001125
1126,20241008,3,6,17,3,186,186,3,3,11,57,Team-C,BATCH-001126
1127,20241008,4,8,5,3,389,334,11,6,18,159,Team-C,BATCH-001127
1128,20241008,4,8,17,2,166,166,3,3,13,262,Team-B,BATCH-001128
1129,20241009,2,4,6,1,313,313,10,6,19,115,Team-B,BATCH-001129
1130,20241009,3,6,5,2,463,454,12,9,14,62,Team-A,BATCH-001130
1131,20241009,4,7,16,1,391,390,10,7,11,254,Team-B,BATCH-001131
1132,20241009,4,8,12,3,220,197,7,3,16,42,Team-C,BATCH-001132
1133,20241010,4,8,8,1,170,159,5,3,10,42,Team-A,BATCH-001133
1134,20241010,3,6,3,3,401,346,11,6,15,96,Team-A,BATCH-001134
1135,20241010,3,5,2,1,433,399,15,7,11,131,Team-C,BATCH-001135
1136,20241010,1,2,16,3,146,146,3,2,12,264,Team-B,BATCH-001136
1137,20241011,1,1,5,1,184,163,5,3,12,88,Team-B,BATCH-001137
1138,20241011,2,4,6,1,243,218,9,4,18,251,Team-B,BATCH-001138
1139,20241011,1,1,19,3,491,430,10,8,11,256,Team-B,BATCH-001139
1140,20241011,1,2,17,2,349,327,11,6,13,223,Team-C,BATCH-001140
1141,20241012,2,3,19,2,463,408,14,8,31,117,Team-B,BATCH-001141
1142,20241012,2,3,9,2,479,470,15,9,32,100,Team-C,BATCH-001142
1143,20241012,2,4,12,1,132,127,4,2,13,189,Team-C,BATCH-001143
1144,20241012,3,5,6,3,153,142,3,2,13,227,Team-A,BATCH-001144
1145,20241013,1,2,19,3,265,265,8,5,9,133,Team-B,BATCH-001145
1146,20241013,1,1,9,1,455,455,11,9,9,34,Team-C,BATCH-001146
1147,20241013,2,4,10,1,276,237,8,4,17,75,Team-C,BATCH-001147
1148,20241013,1,1,14,1,193,193,5,3,19,75,Team-C,BATCH-001148
1149,20241014,2,3,8,3,127,124,4,2,26,204,Team-B,BATCH-001149
1150,20241014,1,1,11,2,158,158,3,3,19,170,Team-B,BATCH-001150
1151,20241014,1,1,10,1,388,372,14,7,13,259,Team-B,BATCH-001151
1152,20241014,4,7,15,2,194,176,7,3,16,220,Team-A,BATCH-001152
1153,20241015,4,8,1,3,120,110,4,2,19,280,Team-B,BATCH-001153
1154,20241015,3,6,14,2,384,368,12,7,20,287,Team-C,BATCH-001154
1155,20241015,4,8,14,2,333,333,7,6,10,90,Team-A,BATCH-001155
1156,20241015,1,1,12,1,194,189,7,3,15,279,Team-C,BATCH-001156
1157,20241016,2,4,11,1,455,398,15,7,11,283,Team-A,BATCH-001157
1158,20241016,4,8,1,2,335,311,9,6,19,51,Team-C,BATCH-001158
1159,20241016,4,7,19,2,232,209,8,4,15,292,Team-B,BATCH-001159
1160,20241016,1,1,4,2,269,240,8,4,13,281,Team-C,BATCH-001160
1161,20241017,3,5,9,3,349,349,13,6,18,166,Team-C,BATCH-001161
1162,20241017,4,8,11,3,167,151,5,3,9,49,Team-A,BATCH-001162
1163,20241017,1,2,4,2,176,161,5,3,18,246,Team-B,BATCH-001163
1164,20241017,3,5,12,3,177,174,6,3,15,208,Team-A,BATCH-001164
1165,20241018,4,7,16,3,431,431,16,8,13,209,Team-B,BATCH-001165
1166,20241018,4,7,18,3,160,160,5,3,15,49,Team-A,BATCH-001166
1167,20241018,3,5,1,2,475,413,13,8,9,298,Team-B,BATCH-001167
1168,20241018,3,6,6,1,449,440,9,8,12,80,Team-C,BATCH-001168
1169,20241019,4,8,19,2,318,305,8,6,10,292,Team-A,BATCH-001169
1170,20241019,3,6,20,2,345,296,10,5,15,275,Team-A,BATCH-001170
1171,20241019,2,3,12,2,420,370,13,7,25,223,Team A,BATCH-001171
1172,20241019,3,6,4,2,133,121,5,2,10,83,Team-B,BATCH-001172
1173,20241020,4,7,15,1,344,309,12,6,11,116,Team-C,BATCH-001173
1174,20241020,3,5,16,3,425,404,10,8,9,294,Team-C,BATCH-001174
1175,20241020,2,3,5,3,441,432,14,8,38,297,Team C,BATCH-001175
1176,20241020,3,5,1,1,240,226,6,4,12,222,Team-C,BATCH-001176
1177,20241021,2,3,5,1,217,217,7,4,23,50,Team-B,BATCH-001177
1178,20241021,1,2,10,3,215,187,5,3,20,191,Team-B,BATCH-001178
1179,20241021,4,7,3,3,397,365,9,7,20,94,Team-B,BATCH-001179
1180,20241021,1,1,13,3,192,172,6,3,9,91,Team-C,BATCH-001180
1181,20241022,3,6,12,3,357,334,10,6,19,189,Team-A,BATCH-001181
1182,20241022,2,3,11,2,467,452,15,9,35,238, Team-A,BATCH-001182
1183,20241022,4,7,14,2,273,273,8,5,14,56,Team-B,BATCH-001183
1184,20241022,4,8,10,2,461,438,17,8,17,124,Team-B,BATCH-001184
1185,20241023,1,1,2,2,468,456,11,9,18,97,Team-A,BATCH-001185
1186,20241023,4,7,10,3,360,324,9,6,15,235,Team-A,BATCH-001186
1187,20241023,4,7,10,1,478,433,11,8,12,164,Team-B,BATCH-001187
1188,20241023,1,2,11,1,328,314,10,6,16,165,Team-A,BATCH-001188
1189,20241024,4,7,1,1,460,452,10,9,17,149,team-c,BATCH-001189
1190,20241024,1,1,9,1,356,356,12,7,9,209,Team-B,BATCH-001190
1191,20241024,4,7,6,3,347,347,11,6,17,103,Team-C,BATCH-001191
1192,20241024,3,5,4,2,211,196,6,3,10,96,Team-B,BATCH-001192
1193,20241025,2,3,3,2,424,407,13,8,37,141,Team-B,BATCH-001193
1194,20241025,4,7,19,2,267,260,9,5,15,225,Team-A,BATCH-001194
1195,20241025,1,2,4,2,246,234,7,4,14,248,Team-A,BATCH-001195
1196,20241025,1,2,3,3,183,172,6,3,17,136,Team-B,BATCH-001196
1197,20241026,4,7,12,2,112,106,4,2,10,175,Team-C,BATCH-001197
1198,20241026,4,7,14,1,376,376,11,7,13,140,Team-A,BATCH-001198
1199,20241026,3,6,19,2,311,311,8,6,12,244,Team-A,BATCH-001199
1200,20241026,3,5,3,2,219,189,7,3,12,162,Team-A,BATCH-001200
1201,20241027,4,8,14,2,171,167,5,3,13,85,Team-A,BATCH-001201
1202,20241027,4,8,16,1,210,210,8,4,15,269,Team-B,BATCH-001202
1203,20241027,1,2,10,1,135,131,4,2,14,284,Team-B,BATCH-001203
1204,20241027,1,1,14,3,376,369,10,7,16,259,Team-C,BATCH-001204
1205,20241028,4,8,4,1,135,122,4,2,13,277,Team-A,BATCH-001205
1206,20241028,2,4,2,2,116,105,3,2,13,125,Team-C,BATCH-001206
1207,20241028,1,1,10,1,334,309,11,6,16,56,Team-B,BATCH-001207
1208,20241028,3,6,16,2,104,92,2,1,20,99,Team-C,BATCH-001208
1209,20241029,3,6,14,2,306,306,10,6,14,157,Team-A,BATCH-001209
1210,20241029,1,1,6,2,169,166,4,3,15,118, Team-A,BATCH-001210
1211,20241029,4,7,16,3,199,182,7,3,13,80,Team-C,BATCH-001211
1212,20241029,2,4,1,2,255,242,8,4,16,179,TEAM-B ,BATCH-001212
1213,20241030,1,2,7,3,124,110,3,2,12,95,Team-B,BATCH-001213
1214,20241030,1,2,10,3,267,232,9,4,18,72,Team-C,BATCH-001214
1215,20241030,2,3,18,1,455,391,14,7,22,166,Team-C,BATCH-001215
1216,20241030,3,5,7,2,170,170,6,3,12,167,Team-B,BATCH-001216
1217,20241031,3,5,5,3,186,181,4,3,12,155,Team-C,BATCH-001217
1218,20241031,2,3,4,3,275,255,9,5,22,288,Team-C,BATCH-001218
1219,20241031,1,1,10,1,449,429,11,8,11,259,Team-A,BATCH-001219
1220,20241031,2,3,20,1,148,129,4,2,29,298,Team-C,BATCH-001220
1221,20241101,2,4,6,2,400,358,8,7,16,61,Team-A,BATCH-001221
1222,20241101,1,2,16,2,375,375,13,7,11,86,Team-A,BATCH-001222
1223,20241101,3,6,17,1,441,396,15,7,9,141,Team-B,BATCH-001223
1224,20241101,2,4,14,3,481,415,14,8,20,183,Team-B,BATCH-001224
1225,20241102,1,2,20,1,391,355,14,7,14,149,Team-A,BATCH-001225
1226,20241102,4,8,17,1,130,127,2,2,14,161,Team-B,BATCH-001226
1227,20241102,4,7,9,2,214,194,7,3,19,45,Team-B,BATCH-001227
1228,20241102,1,2,16,2,329,321,10,6,13,94,Team-A,BATCH-001228
1229,20241103,2,3,15,3,251,222,8,4,18,192,Team-B,BATCH-001229
1230,20241103,3,5,17,2,298,283,8,5,16,268,Team-A,BATCH-001230
1231,20241103,1,2,5,1,394,342,9,6,14,197,Team-A,BATCH-001231
1232,20241103,3,6,16,2,111,111,3,2,11,107,Team-B,BATCH-001232
1233,20241104,1,2,3,1,399,381,12,7,9,238,Team-A,BATCH-001233
1234,20241104,1,1,20,2,128,122,4,2,13,298,Team-C,BATCH-001234
1235,20241104,3,6,13,2,456,453,12,9,20,209,Team-A,BATCH-001235
1236,20241104,1,1,11,1,470,461,14,9,16,96,Team-A,BATCH-001236
1237,20241105,3,6,7,3,319,292,9,5,10,244,Team-C,BATCH-001237
1238,20241105,2,4,10,3,146,134,4,2,12,95,Team-A,BATCH-001238
1239,20241105,1,1,10,2,205,198,6,3,18,37,Team-A,BATCH-001239
1240,20241105,3,6,12,2,388,388,11,7,14,143,Team-A,BATCH-001240
1241,20241106,3,5,2,1,271,249,7,4,17,238,Team-B,BATCH-001241
1242,20241106,2,3,16,2,422,372,14,7,21,47,Team-B,BATCH-001242
1243,20241106,2,4,4,2,139,130,4,2,11,266,Team-C,BATCH-001243
1244,20241106,2,4,10,3,240,228,8,4,18,147,Team-B,BATCH-001244
1245,20241107,3,5,9,1,434,411,15,8,11,37,Team-A,BATCH-001245
1246,20241107,1,2,11,3,292,288,10,5,12,150,Team-C,BATCH-001246
1247,20241107,4,7,15,3,275,255,10,5,15,205,Team-B,BATCH-001247
1248,20241107,1,1,4,1,374,368,13,7,12,74,Team-C,BATCH-001248
1249,20241108,2,3,5,3,304,294,10,5,37,46,Team-B,BATCH-001249
1250,20241108,2,4,6,2,248,248,7,4,20,250,Team-A,BATCH-001250
1251,20241108,1,1,1,2,275,262,6,5,15,263,Team-A,BATCH-001251
1252,20241108,4,7,3,2,105,94,3,1,12,262,Team-B,BATCH-001252
1253,20241109,1,2,10,1,143,141,3,2,18,112,Team-A,BATCH-001253
1254,20241109,3,6,4,2,274,264,8,5,14,124,Team-C,BATCH-001254
1255,20241109,1,1,4,1,497,477,17,9,14,253,Team-B,BATCH-001255
1256,20241109,3,5,1,2,340,333,7,6,12,242,Team-B,BATCH-001256
1257,20241110,3,5,8,3,334,298,9,5,11,145,Team-C,BATCH-001257
1258,20241110,3,5,14,2,145,145,5,2,14,47,Team-B,BATCH-001258
1259,20241110,1,1,6,2,496,425,14,8,17,43,Team-A,BATCH-001259
1260,20241110,1,2,18,1,209,192,5,3,15,55,Team-B,BATCH-001260
2927,20260101,1,1,17,2,442,417,14,8,16,180,Team-A,BATCH-002927
1261,20241111,4,8,4,3,102,93,3,1,19,47,Team-C,BATCH-001261
1262,20241111,3,5,9,3,486,416,15,8,9,201,Team-C,BATCH-001262
1263,20241111,1,1,16,3,397,389,10,7,16,228,Team-A,BATCH-001263
1264,20241111,2,4,2,3,221,198,7,3,12,286,Team-A,BATCH-001264
1265,20241112,4,7,9,3,474,464,16,9,17,296,Team-C,BATCH-001265
1266,20241112,4,8,20,3,454,454,13,9,12,146,Team-C,BATCH-001266
1267,20241112,4,7,7,3,309,309,9,6,13,238,Team-A,BATCH-001267
1268,20241112,4,7,20,1,476,476,14,9,10,56,Team-A,BATCH-001268
1269,20241113,1,1,9,1,421,398,9,7,17,30,Team-A,BATCH-001269
1270,20241113,1,1,3,1,433,433,15,8,14,246,Team-A,BATCH-001270
1271,20241113,2,3,7,2,240,240,8,4,30,171,Team B,BATCH-001271
1272,20241113,4,8,10,1,314,269,10,5,15,257,Team-C,BATCH-001272
1273,20241114,4,7,10,1,481,481,14,9,20,47,Team-B,BATCH-001273
1274,20241114,4,7,16,1,339,305,7,6,17,34,Team-B,BATCH-001274
1275,20241114,2,3,4,2,368,368,12,7,23,115,Team-C,BATCH-001275
1276,20241114,3,6,14,2,162,151,3,3,19,157,Team-C,BATCH-001276
1277,20241115,3,5,18,3,441,438,13,8,19,108,Team-B,BATCH-001277
1278,20241115,1,2,2,3,464,432,11,8,13,291,Team-B,BATCH-001278
1279,20241115,2,3,9,1,241,221,8,4,18,136,Team-B,BATCH-001279
1280,20241115,2,3,19,2,387,343,13,6,24,244,Team-A,BATCH-001280
1281,20241116,4,8,11,1,443,414,13,8,15,156,Team-B,BATCH-001281
1282,20241116,1,2,8,3,179,162,4,3,11,77,Team-C,BATCH-001282
1283,20241116,4,7,12,2,373,371,13,7,18,106,team-b,BATCH-001283
1284,20241116,1,1,9,1,263,248,7,4,13,151,Team-A,BATCH-001284
1285,20241117,4,8,3,2,156,138,3,2,9,85,Team-C,BATCH-001285
1286,20241117,1,2,6,3,257,257,7,5,10,281,Team-C,BATCH-001286
1287,20241117,3,6,16,1,212,205,6,4,15,256,Team-B,BATCH-001287
1288,20241117,3,5,9,3,207,207,6,4,19,284,Team-C,BATCH-001288
1289,20241118,3,6,13,3,339,339,11,6,9,145,Team-A,BATCH-001289
1290,20241118,4,8,15,1,167,159,4,3,14,140,Team-B,BATCH-001290
1291,20241118,2,3,15,2,439,439,14,8,28,104,Team-B,BATCH-001291
1292,20241118,2,3,5,1,407,407,13,8,36,163,Team-B,BATCH-001292
1293,20241119,2,4,6,1,469,467,10,9,10,104,Team-B,BATCH-001293
1294,20241119,3,5,2,3,330,330,11,6,14,191,Team-A,BATCH-001294
1295,20241119,2,3,19,3,447,419,15,8,40,205,Team-C,BATCH-001295
1296,20241119,4,7,14,3,355,308,9,6,16,174,Team-B,BATCH-001296
1297,20241120,3,5,6,1,113,113,4,2,13,212,Team-B,BATCH-001297
1298,20241120,1,2,14,3,222,203,8,4,20,112,Team-A,BATCH-001298
1299,20241120,3,6,4,1,401,381,10,7,9,275,Team-B,BATCH-001299
1300,20241120,1,1,14,2,493,424,11,8,19,280,Team-C,BATCH-001300
1301,20241121,4,7,13,3,303,297,9,5,9,270,Team-C,BATCH-001301
1302,20241121,4,8,13,1,381,381,10,7,12,266,Team-B,BATCH-001302
1303,20241121,1,1,12,1,166,161,4,3,14,229,Team-A,BATCH-001303
1304,20241121,3,5,19,1,435,429,16,8,14,181,Team-B,BATCH-001304
1305,20241122,2,3,16,2,488,441,16,8,18,101,Team-C,BATCH-001305
1306,20241122,3,5,13,2,368,368,12,7,18,194,Team-B,BATCH-001306
1307,20241122,2,4,14,2,342,305,8,6,14,160,Team-C,BATCH-001307
1308,20241122,1,2,10,1,415,394,13,7,9,235,Team-B,BATCH-001308
1309,20241123,2,3,18,3,307,275,10,5,21,153,Team-A,BATCH-001309
1310,20241123,3,6,20,1,290,287,9,5,11,239,Team-C,BATCH-001310
1311,20241123,2,4,13,3,412,390,10,7,13,52,Team-A,BATCH-001311
1312,20241123,3,5,2,1,145,124,3,2,17,150,Team-B,BATCH-001312
1313,20241124,2,3,17,2,355,344,12,6,20,56,Team-B,BATCH-001313
1314,20241124,1,2,7,2,411,411,8,8,10,223,Team-B,BATCH-001314
1315,20241124,4,8,9,3,309,300,7,6,14,289,Team-A,BATCH-001315
1316,20241124,2,4,20,2,258,222,7,4,14,212,Team-A,BATCH-001316
1317,20241125,4,7,20,2,277,277,8,5,13,47,Team-C,BATCH-001317
1318,20241125,3,5,6,1,499,448,12,8,19,278,Team-C,BATCH-001318
1319,20241125,4,7,7,2,239,227,6,4,9,206,Team-C,BATCH-001319
1320,20241125,1,2,8,2,124,109,3,2,15,227,Team-B,BATCH-001320
1321,20241126,3,5,15,2,477,447,14,8,14,68,Team-B,BATCH-001321
1322,20241126,4,7,7,2,331,292,8,5,10,124,Team-A,BATCH-001322
1323,20241126,1,1,18,1,467,459,14,9,10,72,Team-A,BATCH-001323
1324,20241126,1,1,19,3,214,207,7,4,11,80,Team-B,BATCH-001324
1325,20241127,4,7,20,1,171,151,6,3,9,78,Team-B,BATCH-001325
1326,20241127,3,6,7,2,321,321,11,6,16,258,Team-A,BATCH-001326
1327,20241127,1,2,15,3,205,205,6,4,12,31,Team-A,BATCH-001327
1328,20241127,1,1,18,1,420,400,10,8,12,204,Team-C,BATCH-001328
1329,20241128,3,6,13,3,352,352,9,7,12,135,Team-A,BATCH-001329
1330,20241128,3,6,11,3,361,317,10,6,18,184,Team-A,BATCH-001330
1331,20241128,1,2,2,2,184,158,4,3,13,38,Team-B,BATCH-001331
1332,20241128,3,6,14,3,346,340,7,6,17,74,Team-A,BATCH-001332
1333,20241129,3,6,20,3,335,311,9,6,12,123,Team-C,BATCH-001333
1334,20241129,2,3,5,2,232,220,8,4,18,145,Team-A,BATCH-001334
1335,20241129,2,3,1,2,447,431,15,8,41,212,Team-A,BATCH-001335
1336,20241129,2,4,13,1,316,280,10,5,20,235,Team-B,BATCH-001336
1337,20241130,3,5,6,3,432,398,13,7,18,276,Team-A,BATCH-001337
1338,20241130,4,8,6,3,370,370,13,7,10,279,Team-B,BATCH-001338
1339,20241130,1,2,9,2,406,406,10,8,12,111,Team-A,BATCH-001339
1340,20241130,1,1,16,1,408,390,13,7,14,137,Team-A,BATCH-001340
1341,20241201,3,5,13,2,408,408,10,8,9,151,Team-C,BATCH-001341
1342,20241201,2,4,1,1,343,339,12,6,15,140,Team-C,BATCH-001342
1343,20241201,1,2,14,2,175,175,4,3,10,123,Team-A,BATCH-001343
1344,20241201,2,3,4,1,197,197,6,3,23,101,Team-B,BATCH-001344
1345,20241202,3,6,16,1,154,154,4,3,14,54,Team-C,BATCH-001345
1346,20241202,1,2,8,2,362,362,13,7,20,190,Team-A,BATCH-001346
1347,20241202,2,4,10,1,127,123,3,2,16,121,Team-C,BATCH-001347
1348,20241202,1,2,9,3,370,357,8,7,16,223,Team-A,BATCH-001348
1349,20241203,4,8,19,2,244,239,8,4,14,200,Team-A,BATCH-001349
1350,20241203,3,5,16,2,440,440,16,8,19,34,Team-C,BATCH-001350
1351,20241203,1,1,18,1,171,171,6,3,12,278,Team-A,BATCH-001351
1352,20241203,2,4,19,3,340,300,13,6,12,115,Team-C,BATCH-001352
1353,20241204,2,4,15,1,274,274,8,5,9,257,Team-A,BATCH-001353
1354,20241204,2,4,15,3,489,459,11,9,16,283,Team-B,BATCH-001354
1355,20241204,1,2,11,3,213,194,5,3,19,182,Team-B,BATCH-001355
1356,20241204,3,5,2,2,497,461,16,9,14,218,Team-B,BATCH-001356
1357,20241205,2,3,6,2,411,372,14,7,35,149,Team-B,BATCH-001357
1358,20241205,1,1,18,3,208,190,7,3,12,131,Team-A,BATCH-001358
1359,20241205,1,1,13,1,241,206,5,4,15,288,Team-C,BATCH-001359
1360,20241205,4,7,8,1,451,430,15,8,15,204,Team-B,BATCH-001360
1361,20241206,4,7,19,2,406,406,11,8,12,278,Team-C,BATCH-001361
1362,20241206,1,1,7,1,270,261,6,5,10,199,Team-B,BATCH-001362
1363,20241206,1,2,18,2,150,134,3,2,10,283,team_C,BATCH-001363
1364,20241206,3,6,2,1,249,214,6,4,9,272,Team-B,BATCH-001364
1365,20241207,1,1,15,1,315,315,10,6,16,92,Team-C,BATCH-001365
1366,20241207,3,5,17,3,172,157,6,3,12,38,Team-B,BATCH-001366
1367,20241207,4,7,8,3,233,203,9,4,10,59,Team-B,BATCH-001367
1368,20241207,3,5,12,3,129,128,2,2,18,172,team_B,BATCH-001368
1369,20241208,4,7,16,2,120,104,3,2,15,195,Team-C,BATCH-001369
1370,20241208,4,8,17,1,484,474,12,9,16,275,Team-C,BATCH-001370
1371,20241208,1,1,14,3,417,407,9,8,9,56,Team-B,BATCH-001371
1372,20241208,2,3,18,3,450,392,15,7,23,70,Team-A,BATCH-001372
1373,20241209,4,7,15,1,483,436,12,8,13,280,team-b,BATCH-001373
1374,20241209,2,4,4,1,411,411,15,8,19,77,Team-B,BATCH-001374
1375,20241209,4,7,1,3,107,102,3,2,15,67,Team-C,BATCH-001375
1376,20241209,4,7,7,2,361,349,11,6,16,230,Team-B,BATCH-001376
1377,20241210,1,1,20,2,157,140,4,2,11,222,team-a,BATCH-001377
1378,20241210,2,3,2,3,480,480,17,9,18,299,Team-C,BATCH-001378
1379,20241210,1,1,19,3,492,457,13,9,15,245,Team-B,BATCH-001379
1380,20241210,1,1,4,2,266,256,6,5,9,292,Team-B,BATCH-001380
1381,20241211,1,2,12,2,411,409,12,8,11,226,Team-B,BATCH-001381
1382,20241211,4,8,9,2,254,254,8,5,11,250,Team-A,BATCH-001382
1383,20241211,4,7,16,2,127,125,3,2,14,207,Team-C,BATCH-001383
1384,20241211,1,1,2,3,222,222,5,4,14,140,Team-C,BATCH-001384
1385,20241212,2,4,14,2,477,477,10,9,14,234,Team-C,BATCH-001385
1386,20241212,1,1,16,2,347,323,7,6,14,102,Team-C,BATCH-001386
1387,20241212,4,7,17,3,142,133,4,2,17,164,Team-B,BATCH-001387
1388,20241212,1,1,13,3,441,385,16,7,13,293,Team-A,BATCH-001388
1389,20241213,1,2,10,2,293,293,7,5,19,297,Team-C,BATCH-001389
1390,20241213,4,8,4,2,135,119,3,2,20,77,Team-B,BATCH-001390
1391,20241213,1,1,7,2,261,227,8,4,16,259,Team-B,BATCH-001391
1392,20241213,2,3,14,2,305,305,10,6,31,111,Team-B,BATCH-001392
1393,20241214,2,3,10,1,375,375,13,7,34,69,Team-A,BATCH-001393
1394,20241214,3,5,4,3,236,228,5,4,10,298,Team-C,BATCH-001394
1395,20241214,4,7,17,1,112,112,2,2,11,293,Team-A,BATCH-001395
1396,20241214,4,7,6,3,467,400,13,8,14,231,Team-B,BATCH-001396
1397,20241215,4,7,16,1,385,349,8,6,14,114,Team-A,BATCH-001397
1398,20241215,2,4,9,1,276,269,9,5,16,183,Team-B,BATCH-001398
1399,20241215,3,6,16,2,488,435,14,8,11,291,Team-C,BATCH-001399
1400,20241215,3,5,16,1,399,399,9,7,15,160,Team-A,BATCH-001400
1401,20241216,3,5,10,2,273,,6,5,19,186,Team-C,BATCH-001401
1402,20241216,1,1,5,3,228,209,5,4,13,132,Team-B,BATCH-001402
1403,20241216,1,1,6,3,237,232,7,4,9,272,Team-B,BATCH-001403
1404,20241216,3,6,20,1,494,433,17,8,18,232,Team-C,BATCH-001404
1405,20241217,3,5,8,2,103,103,2,2,10,109,Team-B,BATCH-001405
1406,20241217,2,3,4,1,158,140,5,2,20,299,Team-C,BATCH-001406
1407,20241217,1,1,3,1,472,472,14,9,9,292,Team-B,BATCH-001407
1408,20241217,2,3,15,2,459,433,16,8,38,144,Team-A,BATCH-001408
1409,20241218,2,4,20,3,234,234,8,4,9,79,Team-A,BATCH-001409
1410,20241218,1,2,5,3,331,301,9,6,10,65,Team-C,BATCH-001410
1411,20241218,3,6,2,1,303,288,6,5,10,239,Team-C,BATCH-001411
1412,20241218,2,3,14,2,157,155,5,3,41,164,Team-B,BATCH-001412
1413,20241219,2,3,3,3,208,199,7,3,20,161,Team-A,BATCH-001413
1414,20241219,3,6,3,2,247,243,7,4,9,254,Team-B,BATCH-001414
1415,20241219,1,2,13,2,197,181,7,3,16,62,Team-A,BATCH-001415
1416,20241219,1,2,18,3,170,161,4,3,16,209,Team-B,BATCH-001416
1417,20241220,4,7,9,3,459,405,17,8,11,42,Team-B,BATCH-001417
1418,20241220,4,8,18,3,335,317,7,6,16,171,Team-C,BATCH-001418
1419,20241220,4,8,18,3,335,312,9,6,10,52,Team-B,BATCH-001419
1420,20241220,1,2,3,3,199,184,7,3,11,157,Team-A,BATCH-001420
1421,20241221,3,6,6,2,135,131,2,2,16,116,Team-B,BATCH-001421
1422,20241221,3,5,2,3,110,110,2,2,11,60,Team-B,BATCH-001422
1423,20241221,4,8,20,1,430,430,16,8,10,71,Team-B,BATCH-001423
1424,20241221,2,4,2,2,432,409,13,8,13,91,Team-B,BATCH-001424
1425,20241222,4,8,18,2,265,236,8,4,13,51,Team-C,BATCH-001425
1426,20241222,3,5,4,2,349,347,13,6,14,166,Team-A,BATCH-001426
1427,20241222,4,8,8,3,254,229,7,4,18,144,Team-C,BATCH-001427
1428,20241222,4,7,15,1,204,203,7,4,18,194,Team-C,BATCH-001428
1429,20241223,3,6,19,1,191,181,5,3,11,39,Team-C,BATCH-001429
1430,20241223,3,5,3,2,252,226,5,4,19,295,Team-A,BATCH-001430
1431,20241223,3,6,20,1,451,388,16,7,19,244,Team-C,BATCH-001431
1432,20241223,4,8,17,3,440,440,9,8,14,126,Team-B,BATCH-001432
1433,20241224,3,5,12,3,164,153,3,3,17,249,Team-B,BATCH-001433
1434,20241224,2,4,12,3,265,261,8,5,20,149,Team-A,BATCH-001434
1435,20241224,2,3,9,1,463,439,16,8,36,189,Team-A,BATCH-001435
1436,20241224,2,3,1,1,309,271,11,5,32,193,Team-A,BATCH-001436
1437,20241225,3,6,5,2,379,342,8,6,12,154,Team-B,BATCH-001437
1438,20241225,3,5,15,2,252,229,5,4,11,142,Team-A,BATCH-001438
1439,20241225,4,8,19,2,317,317,9,6,9,294,Team-C,BATCH-001439
1440,20241225,2,3,12,3,496,465,18,9,30,275,Team A,BATCH-001440
1441,20241226,4,7,2,3,122,122,3,2,18,282,Team-B,BATCH-001441
1442,20241226,2,3,3,3,406,406,14,8,32,98,Team-B,BATCH-001442
1443,20241226,3,5,4,2,499,499,18,9,13,35,Team-C,BATCH-001443
1444,20241226,3,5,3,3,486,486,10,9,15,169,Team-A,BATCH-001444
1445,20241227,4,7,12,1,451,451,17,9,10,178,Team-C,BATCH-001445
1446,20241227,4,7,19,1,462,462,15,9,13,215,Team-B,BATCH-001446
1447,20241227,2,3,2,3,358,358,13,7,40,220,Team-A,BATCH-001447
1448,20241227,2,4,10,3,349,306,8,6,11,107,Team-A,BATCH-001448
1449,20241228,3,6,17,2,204,204,5,4,19,178,Team-C,BATCH-001449
1450,20241228,4,7,18,3,403,358,12,7,18,271,Team-A,BATCH-001450
1451,20241228,4,7,4,3,370,317,13,6,14,131,Team-B,BATCH-001451
1452,20241228,2,3,17,1,150,142,5,2,20,94,Team-C,BATCH-001452
1453,20241229,3,6,10,2,333,308,10,6,12,173,Team-A,BATCH-001453
1454,20241229,1,1,14,3,345,316,9,6,11,187,Team-B,BATCH-001454
1455,20241229,2,3,9,2,207,190,7,3,19,227,Team-C,BATCH-001455
1456,20241229,4,7,11,1,277,263,7,5,16,290,Team-B,BATCH-001456
1457,20241230,1,2,18,2,168,168,6,3,11,45,Team-B,BATCH-001457
1458,20241230,1,2,20,2,261,261,6,5,12,142,Team-A,BATCH-001458
1459,20241230,4,7,18,2,322,301,8,6,10,291,Team-C,BATCH-001459
1460,20241230,2,4,13,3,201,188,5,3,18,206,Team-A,BATCH-001460
1461,20241231,3,5,13,3,406,387,12,7,19,111,Team-C,BATCH-001461
1462,20241231,2,3,5,1,127,116,4,2,34,234,Team-A,BATCH-001462
1463,20241231,2,3,14,2,265,254,9,5,35,274,Team-A,BATCH-001463
1464,20241231,4,7,7,3,257,237,8,4,18,98,Team B,BATCH-001464
1465,20250101,3,6,17,3,414,411,11,8,19,184,Team-A,BATCH-001465
1466,20250101,2,3,16,2,138,121,5,2,20,201,Team-C,BATCH-001466
1467,20250101,4,7,13,1,474,427,10,8,18,271,Team-B,BATCH-001467
1468,20250101,2,3,14,2,288,288,10,5,22,79,Team-C,BATCH-001468
1469,20250102,4,8,19,2,152,145,4,2,17,180,Team-A,BATCH-001469
1470,20250102,4,7,9,1,468,436,12,8,13,61,Team-B,BATCH-001470
1471,20250102,4,8,19,2,247,247,6,4,20,178,Team-C,BATCH-001471
1472,20250102,4,8,5,2,382,382,14,7,16,82,Team-C,BATCH-001472
1473,20250103,1,2,2,1,341,335,7,6,9,127,Team-B,BATCH-001473
1474,20250103,3,5,3,1,177,177,3,3,12,141,Team-A,BATCH-001474
1475,20250103,4,7,1,1,255,233,7,4,11,184,Team-B,BATCH-001475
1476,20250103,2,4,12,2,115,106,4,2,20,224,Team-B,BATCH-001476
1477,20250104,1,1,5,1,404,376,15,7,16,244,Team-C,BATCH-001477
1478,20250104,3,5,7,3,413,386,14,7,18,128,Team-C,BATCH-001478
1479,20250104,2,3,14,1,216,190,8,3,23,183,Team-A,BATCH-001479
1480,20250104,2,4,3,1,367,327,9,6,14,112,Team-B,BATCH-001480
1481,20250105,1,1,4,1,353,329,13,6,9,124,Team-A,BATCH-001481
1482,20250105,1,2,20,3,498,451,17,9,14,69,Team-A,BATCH-001482
1483,20250105,3,6,8,2,268,268,7,5,16,290,Team-C,BATCH-001483
1484,20250105,2,3,7,1,109,95,4,1,28,53,Team-B,BATCH-001484
1485,20250106,1,1,17,1,379,365,12,7,16,297,Team-A,BATCH-001485
1486,20250106,3,5,10,1,401,395,11,7,9,197,TEAM-A ,BATCH-001486
1487,20250106,1,2,4,1,328,301,9,6,18,266,Team-B,BATCH-001487
1488,20250106,1,1,1,2,434,398,12,7,19,93,Team-C,BATCH-001488
1489,20250107,2,3,5,2,138,129,5,2,29,181,Team-C,BATCH-001489
1490,20250107,1,1,3,3,384,348,9,6,15,273,Team-B,BATCH-001490
1491,20250107,4,8,20,2,325,286,10,5,15,221,Team-A,BATCH-001491
1492,20250107,4,7,17,1,432,386,14,7,19,145,Team-C,BATCH-001492
1493,20250108,4,7,9,3,415,369,13,7,16,100,Team-B,BATCH-001493
1494,20250108,1,2,17,3,391,375,10,7,15,161,Team-C,BATCH-001494
1495,20250108,2,4,10,2,272,269,10,5,17,214,Team-B,BATCH-001495
1496,20250108,1,2,11,2,332,287,10,5,13,107,Team-B,BATCH-001496
1497,20250109,4,7,1,1,462,440,12,8,19,243,Team-B,BATCH-001497
1498,20250109,2,4,1,2,350,302,9,6,16,195,Team-C,BATCH-001498
1499,20250109,3,5,20,2,479,479,13,9,18,142,Team-B,BATCH-001499
1500,20250109,4,7,13,3,261,241,8,4,13,213,Team-C,BATCH-001500
1501,20250110,4,7,17,2,119,119,2,2,13,208,Team-B,BATCH-001501
1502,20250110,2,4,12,2,123,123,4,2,10,215,Team-C,BATCH-001502
1503,20250110,4,7,20,2,307,269,6,5,19,132,Team-C,BATCH-001503
1504,20250110,3,5,13,2,211,203,6,4,19,146,Team-C,BATCH-001504
1505,20250111,1,1,9,3,320,299,11,5,18,71,Team-C,BATCH-001505
1506,20250111,1,2,15,3,184,175,6,3,17,240,Team-C,BATCH-001506
1507,20250111,4,7,3,2,151,143,4,2,15,119,Team-C,BATCH-001507
1508,20250111,3,5,5,3,341,318,11,6,9,120,Team-A,BATCH-001508
1509,20250112,1,1,8,3,468,467,16,9,12,270,Team-B,BATCH-001509
1510,20250112,3,6,16,3,459,397,12,7,17,184,Team-A,BATCH-001510
1511,20250112,1,1,3,2,248,248,8,4,18,219,Team-A,BATCH-001511
1512,20250112,4,7,7,2,469,427,15,8,18,54,Team-C,BATCH-001512
1513,20250113,2,3,14,1,237,236,8,4,29,193,Team-B,BATCH-001513
1514,20250113,4,8,16,3,347,317,12,6,13,74,Team-B,BATCH-001514
1515,20250113,1,1,8,2,395,392,11,7,12,140,Team-C,BATCH-001515
1516,20250113,3,6,4,1,351,316,9,6,13,202,Team-C,BATCH-001516
1517,20250114,4,8,4,1,149,132,3,2,14,262,Team-C,BATCH-001517
1518,20250114,4,8,9,2,400,365,8,7,17,238,Team-C,BATCH-001518
1519,20250114,3,5,14,1,304,273,7,5,19,207,Team-B,BATCH-001519
1520,20250114,2,4,17,3,453,394,12,7,19,38,team-b,BATCH-001520
1521,20250115,4,7,6,2,271,248,9,4,16,66,Team-A,BATCH-001521
1522,20250115,4,8,20,1,458,401,11,8,11,192,Team-A,BATCH-001522
1523,20250115,3,6,10,3,186,181,4,3,20,126,Team-B,BATCH-001523
1524,20250115,2,4,3,1,255,237,8,4,11,126,Team-A,BATCH-001524
1525,20250116,3,6,2,1,192,170,6,3,18,113,Team-B,BATCH-001525
1526,20250116,4,8,10,1,361,342,8,6,13,242,Team-A,BATCH-001526
1527,20250116,2,3,19,1,215,210,8,4,35,283,Team-C,BATCH-001527
1528,20250116,3,6,19,1,420,420,11,8,9,50,Team-B,BATCH-001528
1529,20250117,3,6,7,3,404,404,12,8,17,230,Team-A,BATCH-001529
1530,20250117,4,8,15,2,165,162,4,3,10,266,Team-C,BATCH-001530
1531,20250117,3,6,7,1,179,177,5,3,19,172,Team-B,BATCH-001531
1532,20250117,2,4,16,3,491,438,17,8,9,243,Team-C,BATCH-001532
1533,20250118,2,3,9,1,375,370,14,7,35,258,Team-A,BATCH-001533
1534,20250118,4,8,16,2,463,463,13,9,17,100,Team-C,BATCH-001534
1535,20250118,3,5,12,3,110,96,3,1,13,249,Team-B,BATCH-001535
1536,20250118,4,7,14,1,359,342,11,6,10,99,Team-C,BATCH-001536
1537,20250119,3,5,14,3,271,244,6,4,15,278,Team-A,BATCH-001537
1538,20250119,3,6,16,1,211,203,6,4,19,212,Team-A,BATCH-001538
1539,20250119,1,1,15,2,337,290,8,5,14,135,Team-B,BATCH-001539
1540,20250119,2,4,7,2,253,246,9,4,19,182,Team-B,BATCH-001540
1541,20250120,4,7,6,3,434,400,13,8,16,44,Team-C,BATCH-001541
1542,20250120,2,4,8,3,227,227,8,4,18,111,Team-A,BATCH-001542
1543,20250120,4,8,14,3,169,164,4,3,18,61,Team-A,BATCH-001543
1544,20250120,1,2,4,3,384,374,12,7,20,96,team_A,BATCH-001544
1545,20250121,1,2,8,1,378,378,14,7,14,238,Team-B,BATCH-001545
1546,20250121,1,2,4,1,234,234,5,4,20,135,Team-B,BATCH-001546
1547,20250121,3,5,15,3,291,291,6,5,11,170,Team-C,BATCH-001547
1548,20250121,4,8,11,3,125,122,4,2,15,154,Team-B,BATCH-001548
1549,20250122,3,5,19,3,175,157,5,3,10,233,Team-A,BATCH-001549
1550,20250122,1,1,5,2,157,137,3,2,9,297,Team-C,BATCH-001550
1551,20250122,2,4,6,3,280,280,6,5,12,78,Team-B,BATCH-001551
1552,20250122,4,7,8,3,373,358,12,7,9,36,Team-A,BATCH-001552
1553,20250123,2,3,16,1,455,433,17,8,34,231,Team-B,BATCH-001553
1554,20250123,2,4,12,3,224,224,8,4,18,216,Team-A,BATCH-001554
1555,20250123,2,4,8,1,403,348,9,6,17,32,Team-B,BATCH-001555
1556,20250123,1,2,20,1,451,389,12,7,10,184,Team-C,BATCH-001556
1557,20250124,1,2,12,3,207,187,4,3,18,143,Team-B,BATCH-001557
1558,20250124,3,5,4,3,494,460,14,9,9,113,Team-A,BATCH-001558
1559,20250124,1,1,8,3,375,349,11,6,14,288,Team-A,BATCH-001559
1560,20250124,1,1,4,3,232,232,7,4,17,147,TEAM-C ,BATCH-001560
1561,20250125,4,8,7,2,129,123,2,2,19,222,Team-C,BATCH-001561
1562,20250125,2,3,8,1,338,,13,6,30,124,Team-C,BATCH-001562
1563,20250125,1,1,1,2,161,161,5,3,11,264,Team-A,BATCH-001563
1564,20250125,4,7,11,1,229,213,5,4,15,156,Team-A,BATCH-001564
1565,20250126,1,2,11,2,358,307,11,6,13,224,Team-B,BATCH-001565
1566,20250126,3,5,1,3,136,130,5,2,11,96,Team-B,BATCH-001566
1567,20250126,4,7,2,3,389,366,12,7,18,235,Team-C,BATCH-001567
1568,20250126,2,4,11,1,358,316,12,6,12,219,Team-B,BATCH-001568
1569,20250127,4,7,14,3,430,386,12,7,9,55,Team-B,BATCH-001569
1570,20250127,1,1,2,3,172,148,4,2,17,32,Team-B,BATCH-001570
1571,20250127,4,8,7,1,489,456,14,9,10,294,Team-C,BATCH-001571
1572,20250127,3,6,20,2,341,335,9,6,9,238,Team-C,BATCH-001572
1573,20250128,1,1,18,2,191,183,6,3,16,74,Team-A,BATCH-001573
1574,20250128,2,4,19,1,333,323,12,6,11,54,Team-C,BATCH-001574
1575,20250128,2,3,4,2,322,296,12,5,20,286,Team-B,BATCH-001575
1576,20250128,4,8,19,3,391,366,14,7,20,241,Team-B,BATCH-001576
1577,20250129,3,6,7,2,362,325,13,6,13,101,Team-C,BATCH-001577
1578,20250129,2,4,14,3,343,322,9,6,16,132,Team-B,BATCH-001578
1579,20250129,3,6,11,1,182,171,6,3,16,97,Team-A,BATCH-001579
1580,20250129,2,4,8,1,222,199,8,3,9,96, Team-A,BATCH-001580
1581,20250130,1,2,10,2,157,148,3,2,16,279,Team-A,BATCH-001581
1582,20250130,4,7,9,2,212,212,6,4,9,275,Team-C,BATCH-001582
1583,20250130,4,7,15,2,146,129,4,2,13,160,Team-B,BATCH-001583
1584,20250130,4,8,4,1,371,370,13,7,15,67,Team-C,BATCH-001584
1585,20250131,4,7,16,1,158,136,5,2,16,84,Team-A,BATCH-001585
1586,20250131,4,7,4,1,313,292,9,5,9,158,Team-A,BATCH-001586
1587,20250131,3,5,20,1,250,222,9,4,12,51,Team-A,BATCH-001587
1588,20250131,1,2,4,2,427,378,15,7,12,247,Team-C,BATCH-001588
1589,20250201,4,8,1,1,192,192,6,3,19,166,Team-B,BATCH-001589
1590,20250201,3,6,19,1,130,126,3,2,15,85,Team-A,BATCH-001590
1591,20250201,2,3,14,2,221,217,8,4,20,67,Team-B,BATCH-001591
1592,20250201,3,5,6,2,289,267,7,5,14,238,Team-A,BATCH-001592
1593,20250202,2,3,12,1,214,187,8,3,23,168,Team-B,BATCH-001593
1594,20250202,2,4,17,2,391,338,8,6,19,33,Team-A,BATCH-001594
1595,20250202,3,6,6,1,484,484,10,9,16,132,Team-A,BATCH-001595
1596,20250202,1,2,1,2,281,268,8,5,18,238,Team-A,BATCH-001596
1597,20250203,3,6,3,3,192,165,5,3,13,115,Team-B,BATCH-001597
1598,20250203,2,3,20,3,206,179,8,3,39,100,Team-A,BATCH-001598
1599,20250203,3,6,16,3,485,434,18,8,14,196,Team-B,BATCH-001599
1600,20250203,2,3,14,3,340,318,13,6,27,146,Team-B,BATCH-001600
1601,20250204,2,3,15,1,318,308,-12,6,20,181,Team-C,BATCH-001601
1602,20250204,4,8,15,3,478,478,14,9,19,221,Team-A,BATCH-001602
1603,20250204,4,8,5,1,477,469,15,9,13,59,Team-B,BATCH-001603
1604,20250204,1,2,15,1,166,156,4,3,19,111,Team-A,BATCH-001604
1605,20250205,4,7,2,2,427,370,13,7,12,48,Team-C,BATCH-001605
1606,20250205,2,4,1,3,437,388,9,7,17,30,Team-C,BATCH-001606
1607,20250205,4,7,2,3,118,115,2,2,12,240,Team-A,BATCH-001607
1608,20250205,1,1,18,1,259,221,5,4,9,271,Team-C,BATCH-001608
1609,20250206,3,5,19,2,156,149,4,2,11,167,Team-A,BATCH-001609
1610,20250206,4,8,11,1,226,214,5,4,10,134,Team-A,BATCH-001610
1611,20250206,1,1,8,3,376,376,13,7,15,219,Team-C,BATCH-001611
1612,20250206,2,3,16,3,138,137,5,2,20,291,Team-B,BATCH-001612
1613,20250207,4,8,17,1,420,420,12,8,12,247,Team-C,BATCH-001613
1614,20250207,3,5,10,1,298,287,8,5,17,299,Team-B,BATCH-001614
1615,20250207,4,7,17,3,218,197,6,3,20,281,Team-C,BATCH-001615
1616,20250207,3,6,5,3,206,180,4,3,15,233,Team-B,BATCH-001616
1617,20250208,3,6,18,1,406,406,8,8,17,175,Team-A,BATCH-001617
70,20240118,3,6,5,2,138,123,3,2,12,54,Team-A,BATCH-000070
1618,20250208,1,1,13,1,123,121,3,2,18,194,Team-A,BATCH-001618
1619,20250208,3,6,11,3,213,199,4,3,9,269,Team-C,BATCH-001619
1620,20250208,3,6,8,2,289,289,7,5,16,298,Team-A,BATCH-001620
1621,20250209,3,6,9,2,319,319,9,6,17,207,Team-B,BATCH-001621
1622,20250209,4,7,6,2,207,188,7,3,10,126,Team-C,BATCH-001622
1623,20250209,2,4,14,3,192,191,4,3,20,147,Team-C,BATCH-001623
1624,20250209,2,4,1,3,362,351,11,7,17,216,Team-A,BATCH-001624
1625,20250210,1,1,18,1,246,229,7,4,14,211,Team-C,BATCH-001625
1626,20250210,3,6,7,2,179,168,3,3,9,84,Team-B,BATCH-001626
1627,20250210,3,6,5,2,342,337,10,6,10,85,Team-C,BATCH-001627
1628,20250210,4,8,20,1,152,144,5,2,17,233,Team-A,BATCH-001628
1629,20250211,3,6,16,3,449,449,14,8,11,187,Team-A,BATCH-001629
1630,20250211,1,1,7,3,177,153,6,3,19,212,Team-A,BATCH-001630
1631,20250211,2,3,15,2,438,438,17,8,24,201,Team-C,BATCH-001631
1632,20250211,3,6,15,2,154,154,4,3,12,248,Team-B,BATCH-001632
1633,20250212,1,2,13,1,459,414,15,8,10,212,Team-C,BATCH-001633
1634,20250212,1,2,6,2,381,369,8,7,17,252,team-c,BATCH-001634
1635,20250212,4,8,9,1,214,214,4,4,12,199,Team-C,BATCH-001635
1636,20250212,1,1,11,3,449,416,15,8,13,185,Team-B,BATCH-001636
1637,20250213,4,8,5,1,242,237,5,4,15,37,team_C,BATCH-001637
1638,20250213,4,7,9,3,400,385,9,7,10,208,Team-A,BATCH-001638
1639,20250213,4,7,20,2,358,349,7,6,17,298,Team-C,BATCH-001639
1640,20250213,1,2,19,2,258,241,7,4,9,86,Team-C,BATCH-001640
1641,20250214,4,8,16,3,475,431,14,8,14,33,Team-B,BATCH-001641
1642,20250214,1,2,19,1,196,196,7,3,10,160,Team-B,BATCH-001642
1643,20250214,4,8,10,1,345,332,12,6,19,294,Team-C,BATCH-001643
1644,20250214,4,8,4,2,172,166,5,3,9,240,Team-B,BATCH-001644
1645,20250215,3,6,13,3,335,,8,5,19,245,Team-C,BATCH-001645
1646,20250215,1,1,9,2,141,141,4,2,20,142,Team-A,BATCH-001646
1647,20250215,3,5,18,2,419,389,15,7,11,190,Team-C,BATCH-001647
1648,20250215,2,3,12,3,188,161,7,3,30,63,Team-C,BATCH-001648
1649,20250216,3,6,7,1,323,323,9,6,10,72,Team-A,BATCH-001649
1650,20250216,1,2,17,3,280,269,8,5,13,283,Team-B,BATCH-001650
1651,20250216,4,7,6,2,427,385,14,7,17,77,Team-C,BATCH-001651
1652,20250216,3,5,13,2,338,338,9,6,16,184,Team-B,BATCH-001652
1653,20250217,3,6,12,3,319,306,12,6,17,257,Team-A,BATCH-001653
1654,20250217,3,6,13,2,319,302,7,6,12,165,Team-A,BATCH-001654
1655,20250217,2,4,18,3,142,142,3,2,14,93,Team-B,BATCH-001655
1656,20250217,3,6,7,2,306,268,9,5,10,80,Team-A,BATCH-001656
1657,20250218,1,2,15,2,303,263,9,5,19,269,Team-A,BATCH-001657
1658,20250218,1,1,3,1,294,263,6,5,12,232,Team-C,BATCH-001658
1659,20250218,3,6,2,1,374,360,14,7,17,114,Team-C,BATCH-001659
1660,20250218,1,1,7,2,480,443,16,8,15,229,Team-B,BATCH-001660
1661,20250219,3,6,4,1,434,382,9,7,11,148,Team-A,BATCH-001661
1662,20250219,1,2,17,1,407,399,13,7,15,286,Team-A,BATCH-001662
1663,20250219,4,7,5,1,168,167,5,3,15,41,Team-A,BATCH-001663
1664,20250219,3,5,2,3,170,165,5,3,18,275,Team-B,BATCH-001664
1665,20250220,1,2,15,1,375,321,7,6,13,46,Team-C,BATCH-001665
1666,20250220,3,6,19,2,223,223,6,4,10,147,Team-A,BATCH-001666
1667,20250220,3,5,13,3,473,447,16,8,17,126,Team-A,BATCH-001667
1668,20250220,1,2,5,2,283,273,6,5,19,152,Team-B,BATCH-001668
1669,20250221,3,6,8,1,213,198,4,3,15,224,Team-C,BATCH-001669
1670,20250221,1,2,15,1,105,92,3,1,15,174,Team-B,BATCH-001670
1671,20250221,4,8,9,3,271,239,7,4,18,225,Team-C,BATCH-001671
1672,20250221,2,3,12,1,217,211,8,4,28,96,Team-C,BATCH-001672
1673,20250222,2,4,19,1,159,143,4,2,19,225,Team-C,BATCH-001673
1674,20250222,3,6,8,1,344,344,13,6,10,59,Team-A,BATCH-001674
1675,20250222,3,5,7,1,358,329,9,6,15,228,Team-C,BATCH-001675
1676,20250222,2,3,17,3,245,225,9,4,41,55,Team-C,BATCH-001676
1677,20250223,3,6,20,1,398,398,12,7,14,56,Team-A,BATCH-001677
1678,20250223,1,1,1,2,399,383,12,7,19,172,Team-B,BATCH-001678
1679,20250223,2,4,4,2,465,440,14,8,10,156,Team-B,BATCH-001679
1680,20250223,1,1,2,2,118,113,2,2,13,259,Team-C,BATCH-001680
1681,20250224,2,4,18,1,479,439,13,8,13,44,Team-C,BATCH-001681
1682,20250224,2,3,10,1,399,362,16,7,39,263,Team-A,BATCH-001682
1683,20250224,2,4,8,2,279,279,8,5,20,39,Team-A,BATCH-001683
1684,20250224,2,4,3,3,159,152,4,3,20,250,Team-C,BATCH-001684
1685,20250225,1,2,5,2,152,142,5,2,13,176,Team-C,BATCH-001685
1686,20250225,3,6,17,1,273,261,9,5,13,85,Team-C,BATCH-001686
1687,20250225,1,2,12,2,480,474,17,9,18,131,Team-C,BATCH-001687
1688,20250225,4,7,19,1,133,133,3,2,10,257,Team-B,BATCH-001688
1689,20250226,2,4,12,1,350,307,8,6,17,131,Team-A,BATCH-001689
1690,20250226,3,6,8,1,245,215,8,4,16,220,Team-C,BATCH-001690
1691,20250226,2,3,7,3,276,262,11,5,40,249,Team-A,BATCH-001691
1692,20250226,1,2,6,2,164,141,5,2,12,240,Team-C,BATCH-001692
1693,20250227,2,3,8,2,370,370,15,7,40,108,Team-C,BATCH-001693
1694,20250227,2,4,14,3,132,132,3,2,17,289,Team-A,BATCH-001694
1695,20250227,2,4,9,3,307,307,6,6,13,279,Team-B,BATCH-001695
1696,20250227,2,4,16,3,430,430,13,8,17,61,Team-A,BATCH-001696
1697,20250228,3,6,13,1,140,140,4,2,15,92,Team-A,BATCH-001697
1698,20250228,2,3,10,2,206,198,8,3,33,168,Team-B,BATCH-001698
1699,20250228,3,6,18,2,442,403,11,8,13,260,Team-A,BATCH-001699
1700,20250228,1,1,7,1,454,426,13,8,16,62,Team-C,BATCH-001700
1701,20250301,3,6,9,2,491,491,12,9,11,118,Team-B,BATCH-001701
1702,20250301,2,4,14,1,125,120,4,2,12,55,Team-C,BATCH-001702
1679,20250223,2,4,4,2,465,440,14,8,10,156,Team-B,BATCH-001679
1703,20250301,4,8,15,3,222,201,7,4,18,220,Team-A,BATCH-001703
1704,20250301,4,8,9,2,245,213,8,4,13,165,Team-A,BATCH-001704
1705,20250302,1,1,17,2,327,327,8,6,12,224,Team-B,BATCH-001705
1706,20250302,4,8,7,2,246,246,8,4,12,154,Team-C,BATCH-001706
1707,20250302,2,3,18,1,479,472,19,9,27,249,Team-B,BATCH-001707
1708,20250302,2,4,13,3,454,454,16,9,10,197,Team-A,BATCH-001708
1709,20250303,3,5,4,2,293,293,10,5,13,199,Team-A,BATCH-001709
1710,20250303,3,6,3,3,298,256,11,5,9,160,Team-B,BATCH-001710
1711,20250303,4,7,16,2,368,328,11,6,16,128,Team-C,BATCH-001711
1712,20250303,3,5,10,3,165,156,6,3,13,175,Team-C,BATCH-001712
1713,20250304,2,4,12,3,120,106,3,2,16,159,Team-A,BATCH-001713
1714,20250304,3,5,4,2,483,455,12,9,14,163,Team-C,BATCH-001714
1715,20250304,4,8,15,2,349,345,11,6,18,201,Team-A,BATCH-001715
1716,20250304,1,1,6,2,409,363,9,7,10,81,TEAM-C ,BATCH-001716
1717,20250305,4,7,16,2,283,253,9,5,15,215,Team-C,BATCH-001717
1718,20250305,2,4,10,1,245,229,7,4,13,181,Team-A,BATCH-001718
1719,20250305,2,3,5,3,374,359,15,7,41,235,Team-B,BATCH-001719
1720,20250305,2,4,9,1,253,232,9,4,9,206,Team-C,BATCH-001720
1721,20250306,4,8,14,3,497,459,17,9,9,201,Team-A,BATCH-001721
1722,20250306,2,3,16,3,325,287,13,5,35,238,Team-C,BATCH-001722
1723,20250306,1,1,20,2,290,275,10,5,19,81,Team-B,BATCH-001723
1724,20250306,2,3,14,1,439,431,18,8,22,70,Team-B,BATCH-001724
1725,20250307,2,4,2,3,279,279,6,5,18,185,Team-A,BATCH-001725
1726,20250307,4,8,10,2,493,457,10,9,12,213,Team-C,BATCH-001726
1727,20250307,2,4,18,3,183,171,3,3,18,38,team_C,BATCH-001727
1728,20250307,2,4,8,1,244,244,8,4,20,218,Team-C,BATCH-001728
1729,20250308,2,4,17,2,459,430,12,8,16,110,Team-B,BATCH-001729
1730,20250308,3,5,20,3,451,451,12,9,19,44,Team-C,BATCH-001730
1731,20250308,2,4,20,1,363,323,10,6,11,60,Team-B,BATCH-001731
1732,20250308,3,5,19,3,384,384,11,7,14,245,Team-A,BATCH-001732
1733,20250309,3,6,3,3,173,152,5,3,19,150,Team-B,BATCH-001733
1734,20250309,4,7,20,2,464,464,17,9,13,272,Team-A,BATCH-001734
1735,20250309,2,4,18,3,331,323,11,6,9,149, Team-B,BATCH-001735
1736,20250309,1,2,6,2,212,206,7,4,16,33,Team-B,BATCH-001736
1737,20250310,2,3,11,2,312,284,13,5,29,141,Team-A,BATCH-001737
1738,20250310,4,7,19,2,236,236,6,4,15,71,Team-A,BATCH-001738
1739,20250310,3,5,4,2,390,351,12,7,16,108,Team-A,BATCH-001739
1740,20250310,3,5,8,2,292,290,8,5,19,199,Team-B,BATCH-001740
1741,20250311,1,2,11,1,329,329,7,6,20,224,Team-A,BATCH-001741
1742,20250311,3,6,17,2,257,257,7,5,19,188,Team-C,BATCH-001742
1743,20250311,1,2,20,1,234,226,8,4,11,57,Team-B,BATCH-001743
1744,20250311,2,4,4,1,123,123,2,2,18,250,Team-B,BATCH-001744
1745,20250312,4,8,9,2,276,265,8,5,19,223,Team-B,BATCH-001745
1746,20250312,1,1,5,1,163,159,4,3,9,280,Team-A,BATCH-001746
1747,20250312,3,5,20,2,419,363,10,7,12,190,Team-A,BATCH-001747
1748,20250312,4,7,9,2,149,148,4,2,13,44,Team-C,BATCH-001748
1749,20250313,1,2,12,1,197,197,6,3,11,126,Team-A,BATCH-001749
1750,20250313,2,4,4,1,196,196,4,3,14,274,Team-C,BATCH-001750
1751,20250313,3,5,9,3,274,272,7,5,12,88,Team-C,BATCH-001751
1752,20250313,2,3,10,1,335,335,14,6,24,167,Team-B,BATCH-001752
1753,20250314,4,7,15,1,235,218,7,4,20,120,Team-B,BATCH-001753
1754,20250314,2,4,9,1,134,119,4,2,13,61,Team-C,BATCH-001754
1755,20250314,1,2,14,3,333,325,11,6,9,189,Team-A,BATCH-001755
1756,20250314,3,6,7,2,218,208,6,4,12,272,Team-C,BATCH-001756
1757,20250315,1,2,3,3,433,398,11,7,11,169,Team-A,BATCH-001757
1758,20250315,2,4,14,3,304,282,11,5,13,94,Team-A,BATCH-001758
1759,20250315,1,1,4,2,105,105,2,2,9,107,Team-C,BATCH-001759
1760,20250315,4,7,12,2,354,318,9,6,14,100,Team-B,BATCH-001760
1761,20250316,1,2,9,1,106,98,3,1,20,111,Team-A,BATCH-001761
1762,20250316,3,6,3,2,283,250,9,5,9,223,Team-B,BATCH-001762
1763,20250316,1,2,2,2,382,349,12,6,11,65,Team-C,BATCH-001763
1764,20250316,3,5,20,1,321,282,9,5,20,55,Team-C,BATCH-001764
1765,20250317,4,7,10,2,275,264,10,5,19,257,Team-C,BATCH-001765
1766,20250317,4,8,19,2,240,211,6,4,20,110,Team-B,BATCH-001766
1767,20250317,3,5,7,2,220,190,5,3,20,214,Team-B,BATCH-001767
1768,20250317,2,3,20,1,147,141,6,2,38,85,Team-A,BATCH-001768
1769,20250318,1,2,18,1,178,153,6,3,10,185,Team-B,BATCH-001769
1770,20250318,4,7,14,2,216,201,6,4,14,292,Team-B,BATCH-001770
1771,20250318,3,6,16,3,382,374,9,7,16,280,Team-C,BATCH-001771
1772,20250318,2,4,6,1,209,209,5,4,12,198,Team-C,BATCH-001772
1773,20250319,3,5,6,3,417,361,16,7,10,147,Team B,BATCH-001773
1774,20250319,3,5,4,1,350,341,7,6,15,278,Team-B,BATCH-001774
1775,20250319,1,1,1,3,336,330,9,6,11,198,Team-C,BATCH-001775
1776,20250319,4,8,13,3,414,414,16,8,15,241,Team-A,BATCH-001776
1777,20250320,1,2,20,2,332,332,7,6,16,164,Team-B,BATCH-001777
1778,20250320,2,4,8,3,235,206,5,4,10,225,Team-A,BATCH-001778
1779,20250320,3,6,10,3,317,311,7,6,10,99,Team-C,BATCH-001779
1780,20250320,3,6,2,2,101,95,2,1,17,57,Team-A,BATCH-001780
1781,20250321,2,3,13,1,455,437,19,8,35,36,Team-A,BATCH-001781
1782,20250321,2,3,4,2,333,314,14,6,39,37,Team-A,BATCH-001782
1783,20250321,2,3,7,1,358,358,15,7,37,115,Team-B,BATCH-001783
1784,20250321,2,4,13,2,108,102,3,2,17,176,Team-C,BATCH-001784
1785,20250322,2,3,5,2,122,113,5,2,18,141,Team-C,BATCH-001785
1786,20250322,4,8,15,1,356,355,7,7,11,135,Team-B,BATCH-001786
1787,20250322,3,5,6,2,276,256,7,5,18,226,Team-A,BATCH-001787
1788,20250322,3,5,6,3,395,379,9,7,11,102,Team-C,BATCH-001788
1789,20250323,4,8,16,3,337,308,12,6,12,88,Team-B,BATCH-001789
1790,20250323,4,8,20,2,446,420,10,8,17,77,Team-A,BATCH-001790
1791,20250323,2,4,4,1,401,359,11,7,17,150,Team-A,BATCH-001791
1792,20250323,1,2,19,2,262,230,6,4,14,232,Team-C,BATCH-001792
1793,20250324,3,6,2,3,378,370,8,7,16,253,Team-C,BATCH-001793
1794,20250324,2,4,20,1,315,288,7,5,15,259,Team-A,BATCH-001794
1795,20250324,3,6,10,3,353,308,7,6,14,154,Team-A,BATCH-001795
1796,20250324,3,5,9,2,244,221,6,4,19,261,Team-B,BATCH-001796
1797,20250325,1,2,7,1,112,112,3,2,12,94,Team-C,BATCH-001797
1798,20250325,3,6,13,1,299,299,9,5,17,263,Team-B,BATCH-001798
1799,20250325,2,4,14,3,132,132,4,2,20,270,Team-B,BATCH-001799
1800,20250325,3,6,20,1,421,409,9,8,11,281,Team-B,BATCH-001800
1801,20250326,2,4,2,2,456,456,9,9,14,155,Team-A,BATCH-001801
1802,20250326,2,3,14,1,152,142,6,2,30,205,Team-C,BATCH-001802
1803,20250326,2,4,19,2,204,184,6,3,12,167,Team-C,BATCH-001803
1804,20250326,1,2,15,2,108,108,3,2,11,216,Team-B,BATCH-001804
1805,20250327,3,6,4,2,130,128,3,2,20,78,Team-A,BATCH-001805
1806,20250327,2,3,16,3,187,186,8,3,21,256,Team-C,BATCH-001806
1807,20250327,1,2,7,3,170,167,3,3,14,77,Team-C,BATCH-001807
1808,20250327,1,1,7,1,314,293,7,5,16,70,Team-A,BATCH-001808
1809,20250328,4,7,8,3,133,124,4,2,12,220,TEAM-A ,BATCH-001809
1810,20250328,4,8,8,1,320,289,11,5,16,216,Team-A,BATCH-001810
1811,20250328,2,4,15,1,228,217,7,4,11,81,Team-A,BATCH-001811
1812,20250328,3,6,11,2,342,334,10,6,10,34,Team-B,BATCH-001812
1813,20250329,2,4,12,1,364,358,8,7,18,54,TEAM-B ,BATCH-001813
1814,20250329,4,7,3,3,494,494,11,9,10,250,Team-C,BATCH-001814
1815,20250329,2,3,8,3,357,340,15,6,34,287,Team-C,BATCH-001815
1816,20250329,1,2,13,3,355,335,13,6,17,155,Team-A,BATCH-001816
1817,20250330,1,1,16,3,339,311,7,6,17,167,Team-B,BATCH-001817
1818,20250330,4,7,16,3,392,390,8,7,9,244,Team-A,BATCH-001818
1819,20250330,3,6,6,1,202,185,7,3,16,129,Team-A,BATCH-001819
1820,20250330,2,3,5,3,453,395,19,7,23,226,Team-B,BATCH-001820
1821,20250331,2,3,7,2,471,471,20,9,41,184,Team-A,BATCH-001821
1822,20250331,1,1,8,1,225,209,5,4,16,71,Team-C,BATCH-001822
1823,20250331,3,5,20,1,189,189,4,3,17,225,Team-C,BATCH-001823
1824,20250331,3,6,5,1,319,293,11,5,17,175,Team-A,BATCH-001824
1825,20250401,3,6,10,2,466,399,12,7,11,245,team-a,BATCH-001825
1826,20250401,4,8,2,3,234,212,4,4,10,106,Team-C,BATCH-001826
1827,20250401,1,2,6,3,498,498,13,9,14,271,Team-B,BATCH-001827
1828,20250401,1,2,8,2,349,341,7,6,14,126,Team-B,BATCH-001828
1829,20250402,3,6,13,1,303,303,11,6,19,158,Team-A,BATCH-001829
1830,20250402,2,3,10,3,236,227,10,4,31,188,Team-B,BATCH-001830
1831,20250402,2,4,14,2,168,162,4,3,15,90,Team-B,BATCH-001831
1832,20250402,3,6,17,2,422,400,13,8,14,199,Team-B,BATCH-001832
1833,20250403,2,3,16,1,457,442,20,8,38,135,Team-B,BATCH-001833
1834,20250403,1,1,10,1,252,252,9,5,10,33,Team-A,BATCH-001834
1835,20250403,2,4,17,3,466,432,15,8,17,62,Team-C,BATCH-001835
1836,20250403,3,6,5,2,114,111,3,2,10,164,Team-B,BATCH-001836
1837,20250404,2,4,19,3,272,272,10,5,12,211,Team-A,BATCH-001837
1838,20250404,4,7,2,3,248,248,5,4,12,166,Team-C,BATCH-001838
1839,20250404,4,7,18,2,164,164,5,3,11,135,Team-B,BATCH-001839
1840,20250404,1,1,4,1,452,452,9,9,15,132,Team-B,BATCH-001840
1841,20250405,3,5,12,1,419,392,16,7,13,269,Team-B,BATCH-001841
1842,20250405,4,8,16,2,230,197,7,3,12,200,Team-C,BATCH-001842
1843,20250405,2,3,11,1,379,363,16,7,24,74,Team-B,BATCH-001843
1844,20250405,2,3,11,1,393,338,17,6,33,141,Team-C,BATCH-001844
1845,20250406,1,1,15,3,317,284,9,5,14,238,Team-B,BATCH-001845
1846,20250406,1,2,14,1,427,374,14,7,13,123,Team-B,BATCH-001846
1847,20250406,2,4,4,3,233,224,7,4,11,104,Team-B,BATCH-001847
1848,20250406,2,4,19,3,242,214,5,4,16,208,Team-B,BATCH-001848
1849,20250407,1,1,4,2,172,166,6,3,19,48,Team-A,BATCH-001849
1850,20250407,3,6,2,3,244,224,9,4,20,205,Team-A,BATCH-001850
1851,20250407,4,7,12,3,154,154,5,3,11,173,Team-A,BATCH-001851
1852,20250407,1,2,7,1,154,140,3,2,19,167,Team-B,BATCH-001852
1853,20250408,3,5,4,3,464,398,16,7,10,119,Team-B,BATCH-001853
1854,20250408,4,7,3,3,454,441,14,8,11,202,Team A,BATCH-001854
1855,20250408,4,7,17,2,377,377,13,7,16,97,Team-C,BATCH-001855
1856,20250408,2,3,13,1,410,410,18,8,19,262,Team-C,BATCH-001856
1857,20250409,2,3,11,2,337,324,14,6,33,213,Team-A,BATCH-001857
1858,20250409,1,2,17,3,262,262,8,5,16,63,Team-B,BATCH-001858
1859,20250409,1,1,6,3,386,386,9,7,20,295,Team-C,BATCH-001859
1860,20250409,4,8,13,3,490,490,12,9,19,229,Team-C,BATCH-001860
1861,20250410,4,8,13,3,161,161,4,3,10,156,Team-B,BATCH-001861
1862,20250410,1,1,12,3,466,424,17,8,20,228,Team-C,BATCH-001862
1863,20250410,4,7,4,1,403,357,10,7,19,106,Team-C,BATCH-001863
1864,20250410,1,2,13,1,367,327,10,6,11,280,Team-C,BATCH-001864
1865,20250411,4,7,9,1,214,188,4,3,15,127,Team-C,BATCH-001865
1866,20250411,2,3,17,1,170,168,7,3,37,180,Team-B,BATCH-001866
1867,20250411,3,5,1,2,323,323,11,6,9,79,Team-B,BATCH-001867
1868,20250411,1,1,19,2,156,138,3,2,14,109,Team-C,BATCH-001868
1869,20250412,4,8,10,3,324,324,10,6,15,47,Team-B,BATCH-001869
1870,20250412,4,8,11,2,439,434,16,8,9,298,Team-A,BATCH-001870
1871,20250412,4,8,2,1,263,263,9,5,10,181,Team B,BATCH-001871
1872,20250412,3,5,18,1,463,417,10,8,12,35,Team-B,BATCH-001872
1873,20250413,3,6,1,2,107,98,3,1,11,257,Team-B,BATCH-001873
1874,20250413,4,8,2,3,416,365,11,7,14,277,Team-A,BATCH-001874
1875,20250413,3,5,18,1,222,222,8,4,18,141,Team-B,BATCH-001875
1876,20250413,2,3,19,3,322,322,14,6,36,125,Team-C,BATCH-001876
1877,20250414,4,7,7,2,285,285,10,5,17,66,Team-A,BATCH-001877
1878,20250414,2,3,19,3,267,243,11,4,21,205,Team-A,BATCH-001878
1879,20250414,3,5,9,1,396,396,13,7,18,77,Team-C,BATCH-001879
1880,20250414,4,7,20,1,208,208,6,4,9,141,Team-C,BATCH-001880
1881,20250415,4,7,12,1,164,158,6,3,11,200,Team-B,BATCH-001881
1882,20250415,4,7,7,2,435,431,12,8,10,58,Team C,BATCH-001882
1883,20250415,1,2,19,1,400,400,12,8,11,118,Team-B,BATCH-001883
1884,20250415,3,5,10,2,189,189,5,3,17,195,Team-A,BATCH-001884
1885,20250416,4,8,2,2,303,295,8,5,9,264,Team-C,BATCH-001885
1886,20250416,3,5,18,3,252,252,8,5,11,199,Team-A,BATCH-001886
1887,20250416,2,3,3,2,331,331,14,6,22,61,Team-A,BATCH-001887
1888,20250416,1,1,6,3,250,239,9,4,13,162,Team-A,BATCH-001888
1889,20250417,4,8,18,1,418,418,16,8,11,154,Team-B,BATCH-001889
1890,20250417,3,6,5,3,256,247,9,4,11,112,Team-C,BATCH-001890
1891,20250417,4,8,6,2,358,358,10,7,20,172,Team-A,BATCH-001891
1892,20250417,4,7,2,2,466,404,13,8,13,258,Team-A,BATCH-001892
1893,20250418,1,1,14,1,139,128,3,2,11,48,team-c,BATCH-001893
1894,20250418,1,1,5,1,257,256,8,5,18,47,Team-A,BATCH-001894
1895,20250418,3,5,3,3,380,380,12,7,20,165,Team-C,BATCH-001895
1896,20250418,1,1,15,1,276,241,9,4,11,223,Team-B,BATCH-001896
1897,20250419,4,7,11,3,360,308,13,6,17,281,Team-C,BATCH-001897
1898,20250419,4,8,9,1,176,163,4,3,13,275,Team-C,BATCH-001898
1899,20250419,3,5,20,1,490,478,11,9,18,234,Team-A,BATCH-001899
1900,20250419,2,3,13,1,385,353,17,7,25,164,Team-B,BATCH-001900
1901,20250420,2,4,6,2,307,302,9,6,18,165,Team-C,BATCH-001901
1902,20250420,4,8,1,2,208,208,6,4,15,73,Team-B,BATCH-001902
1903,20250420,2,4,6,1,251,217,8,4,14,251,Team-B,BATCH-001903
1904,20250420,2,4,3,3,459,426,13,8,18,141,Team-A,BATCH-001904
1905,20250421,2,3,8,3,496,436,22,8,22,168,Team-C,BATCH-001905
1906,20250421,2,3,4,1,278,278,12,5,22,163,Team-B,BATCH-001906
1907,20250421,1,2,11,1,331,317,11,6,14,37,Team-B,BATCH-001907
1908,20250421,3,5,1,1,257,234,5,4,19,102,Team-C,BATCH-001908
1909,20250422,1,1,16,3,297,286,11,5,15,135,Team-B,BATCH-001909
1910,20250422,3,6,12,1,239,239,5,4,12,192,Team-A,BATCH-001910
1911,20250422,3,5,12,3,416,360,11,7,18,206,Team-A,BATCH-001911
1912,20250422,4,8,15,3,443,429,14,8,11,68,Team-C,BATCH-001912
1913,20250423,2,4,11,2,244,244,7,4,18,141,Team-B,BATCH-001913
1914,20250423,2,4,8,1,106,106,3,2,15,230,Team B,BATCH-001914
1915,20250423,4,7,12,1,392,336,8,6,15,44,Team-B,BATCH-001915
1916,20250423,1,1,3,1,218,208,5,4,10,291,Team-C,BATCH-001916
1917,20250424,3,6,18,2,127,123,3,2,9,204,Team-B,BATCH-001917
1918,20250424,4,8,1,3,314,269,9,5,17,231,Team-B,BATCH-001918
1919,20250424,2,3,11,2,415,408,18,8,36,208,Team-B,BATCH-001919
1920,20250424,3,6,7,3,466,422,15,8,12,292,Team-B,BATCH-001920
1921,20250425,2,4,8,2,175,167,3,3,15,98,Team-A,BATCH-001921
1922,20250425,1,1,20,1,302,261,7,5,13,154,Team-A,BATCH-001922
1923,20250425,3,6,10,2,443,443,10,8,19,127,Team-C,BATCH-001923
1924,20250425,1,1,16,2,325,325,8,6,19,182,Team-B,BATCH-001924
1925,20250426,3,6,3,2,469,412,18,8,10,214,Team-C,BATCH-001925
1926,20250426,3,6,5,3,473,436,17,8,19,266,Team-A,BATCH-001926
1927,20250426,2,4,4,3,235,235,8,4,20,93,Team-C,BATCH-001927
1928,20250426,1,2,17,3,498,439,11,8,18,204,Team-A,BATCH-001928
1929,20250427,1,2,20,2,182,171,4,3,20,223,Team-B,BATCH-001929
1930,20250427,4,7,5,2,300,285,8,5,19,75,Team-A,BATCH-001930
1931,20250427,4,8,17,3,487,487,18,9,16,134,Team-C,BATCH-001931
1932,20250427,2,3,12,2,237,226,10,4,30,88,Team-A,BATCH-001932
1933,20250428,1,2,20,3,129,129,3,2,12,164,Team-C,BATCH-001933
1934,20250428,2,3,5,2,470,470,21,9,21,175,Team-A,BATCH-001934
1935,20250428,1,2,7,1,185,167,7,3,14,191,Team-A,BATCH-001935
1936,20250428,3,6,8,2,470,446,11,8,18,169,Team-A,BATCH-001936
1937,20250429,2,3,4,2,439,415,20,8,29,179,Team-A,BATCH-001937
1938,20250429,1,1,17,2,101,91,3,1,13,104,Team-C,BATCH-001938
1939,20250429,2,3,2,3,283,277,12,5,33,292,Team-A,BATCH-001939
1940,20250429,2,3,13,1,294,284,13,5,27,264,Team A,BATCH-001940
1941,20250430,3,6,18,1,140,133,5,2,16,107,Team-C,BATCH-001941
1942,20250430,1,2,17,3,267,234,8,4,17,175,Team-C,BATCH-001942
1943,20250430,4,8,18,1,170,170,4,3,9,238,Team-A,BATCH-001943
1944,20250430,2,3,7,1,395,383,18,7,18,149,Team-A,BATCH-001944
1945,20250501,4,7,4,1,242,242,6,4,14,189,Team-C,BATCH-001945
1946,20250501,4,7,9,2,112,106,2,2,19,231,Team-B,BATCH-001946
1947,20250501,2,3,6,1,313,272,14,5,22,197,Team-B,BATCH-001947
1948,20250501,2,4,1,2,257,225,7,4,20,100,Team-C,BATCH-001948
1949,20250502,2,3,2,3,196,196,9,3,26,214,Team-A,BATCH-001949
1950,20250502,4,8,15,1,490,466,15,9,12,231,Team-B,BATCH-001950
1951,20250502,2,4,16,3,256,246,7,4,13,224,team-b,BATCH-001951
1952,20250502,2,4,4,1,408,407,11,8,14,93,Team-A,BATCH-001952
1953,20250503,4,7,16,2,119,102,4,2,14,215,Team-C,BATCH-001953
1954,20250503,1,2,4,2,348,342,10,6,14,53,Team-C,BATCH-001954
1955,20250503,1,1,19,2,177,169,4,3,13,198,Team-A,BATCH-001955
1956,20250503,1,2,3,1,260,252,7,5,20,140,Team-A,BATCH-001956
1957,20250504,1,2,2,2,496,458,18,9,10,219,Team-C,BATCH-001957
1958,20250230,2,3,11,1,466,438,21,8,37,258,Team-C,BATCH-001958
1959,20250504,4,7,1,3,459,409,14,8,15,274,Team-C,BATCH-001959
1960,20250504,2,3,10,2,153,142,7,2,21,45,Team-A,BATCH-001960
1961,20250505,4,8,11,3,177,159,5,3,17,62,Team-C,BATCH-001961
1962,20250505,3,6,19,2,479,412,10,8,17,104,Team-A,BATCH-001962
1963,20250505,3,5,9,2,338,300,9,6,20,291,Team-A,BATCH-001963
1964,20250505,3,6,4,2,334,311,12,6,17,248,Team-B,BATCH-001964
1965,20250506,3,5,6,1,260,260,9,5,12,256,Team-A,BATCH-001965
1966,20250506,2,3,3,2,390,376,18,7,21,286,Team-C,BATCH-001966
1967,20250506,4,7,6,3,455,396,15,7,19,293,Team-B,BATCH-001967
1968,20250506,4,7,16,3,298,279,7,5,9,144,Team-C,BATCH-001968
1969,20250507,4,7,18,2,259,251,5,5,10,225,Team-C,BATCH-001969
1970,20250507,1,2,12,2,237,204,7,4,13,45,Team-A,BATCH-001970
1971,20250507,1,1,8,2,439,421,10,8,10,47,Team-C,BATCH-001971
1972,20250507,3,6,15,3,131,131,5,2,19,184,Team-C,BATCH-001972
1973,20250508,3,5,3,2,122,122,4,2,9,185,Team-C,BATCH-001973
1974,20250508,4,7,6,3,473,473,16,9,9,115,Team-A,BATCH-001974
1975,20250508,4,8,5,2,472,419,12,8,13,232,Team-B,BATCH-001975
1976,20250508,2,4,17,2,461,461,13,9,13,212,Team-A,BATCH-001976
1977,20250509,4,8,14,2,491,480,13,9,16,140,Team-C,BATCH-001977
1978,20250509,2,4,11,2,288,285,11,5,14,120,Team-A,BATCH-001978
1979,20250509,1,2,6,3,245,213,6,4,16,199,Team-A,BATCH-001979
1980,20250509,1,2,19,1,241,233,6,4,12,147,team-a,BATCH-001980
1981,20250510,3,6,8,2,176,154,4,3,14,234,Team-C,BATCH-001981
1982,20250510,4,7,18,1,265,265,7,5,14,68,Team-C,BATCH-001982
1983,20250510,4,7,16,3,403,387,14,7,15,54,Team-A,BATCH-001983
1984,20250510,4,7,7,2,332,289,8,5,10,175,Team-C,BATCH-001984
1985,20250511,1,1,3,3,376,341,8,6,11,118,Team-C,BATCH-001985
1986,20250511,2,4,13,3,217,185,4,3,9,188,Team-A,BATCH-001986
1987,20250511,3,6,13,1,172,152,6,3,15,105,Team-A,BATCH-001987
1988,20250511,3,6,20,3,340,324,7,6,15,60,Team-C,BATCH-001988
1989,20250512,4,8,20,1,143,143,5,2,20,53,Team-B,BATCH-001989
1990,20250512,2,4,19,3,390,374,11,7,13,261,Team-B,BATCH-001990
1991,20250512,3,6,13,1,169,145,4,2,20,291,Team-C,BATCH-001991
1992,20250512,1,1,15,2,266,266,6,5,12,136,Team-C,BATCH-001992
1993,20250513,4,8,3,2,408,407,10,8,16,248,Team-C,BATCH-001993
1994,20250513,3,6,9,2,358,340,8,6,16,162,Team-B,BATCH-001994
1995,20250513,4,7,12,1,369,331,11,6,9,49,Team-C,BATCH-001995
1996,20250513,2,3,11,2,197,182,9,3,29,185,Team-B,BATCH-001996
1997,20250514,3,6,9,2,248,248,9,4,20,215,Team-B,BATCH-001997
1998,20250514,1,2,1,1,417,417,12,8,13,33,Team-A,BATCH-001998
1999,20250514,3,6,15,1,279,271,6,5,13,182,Team-A,BATCH-001999
2000,20250514,1,1,5,1,339,339,12,6,9,186,Team-A,BATCH-002000
2001,20250515,4,7,15,2,462,420,12,8,17,118,Team-A,BATCH-002001
2002,20250515,2,4,11,1,106,98,3,1,11,240,Team-B,BATCH-002002
2003,20250515,1,2,7,2,239,226,9,4,9,62,Team-C,BATCH-002003
2004,20250515,1,2,2,2,236,213,5,4,14,212,Team-B,BATCH-002004
2005,20250516,2,3,4,3,241,241,11,4,18,228,Team-B,BATCH-002005
2006,20250516,3,5,2,3,292,286,6,5,10,181,Team-B,BATCH-002006
2007,20250516,2,4,1,3,250,228,7,4,19,284,Team-B,BATCH-002007
2008,20250516,1,2,3,2,133,119,4,2,18,133,Team-A,BATCH-002008
2009,20250517,3,6,8,2,434,424,15,8,13,193,Team-C,BATCH-002009
2010,20250517,1,1,16,1,302,302,11,6,17,179,Team-A,BATCH-002010
2011,20250517,1,1,17,1,152,145,3,2,12,103,Team-A,BATCH-002011
2012,20250517,1,1,3,1,357,318,12,6,20,190,Team-B,BATCH-002012
2013,20250518,3,5,11,2,126,110,3,2,9,108,Team-B,BATCH-002013
2014,20250518,2,4,19,3,154,,3,2,10,141,Team-B,BATCH-002014
2015,20250518,2,3,17,2,129,127,6,2,40,255,Team-C,BATCH-002015
2016,20250518,4,8,4,2,403,347,11,6,19,101,Team-A,BATCH-002016
2017,20250519,4,8,19,1,465,411,16,8,15,113,Team-A,BATCH-002017
2018,20250519,4,7,9,2,473,473,18,9,9,184,Team-B,BATCH-002018
2019,20250519,4,7,1,2,373,320,13,6,17,33,Team-A,BATCH-002019
2020,20250519,4,7,12,3,402,402,13,8,13,222,Team-A,BATCH-002020
2021,20250520,4,7,5,1,365,357,8,7,15,255,Team-C,BATCH-002021
2022,20250520,4,8,13,1,111,99,3,1,16,86,Team-B,BATCH-002022
2023,20250520,2,4,10,3,236,225,6,4,20,160,Team-A,BATCH-002023
2024,20250520,1,1,20,2,218,194,6,3,12,202,Team-A,BATCH-002024
2025,20250521,1,1,17,3,156,150,3,3,19,122,Team-B,BATCH-002025
2026,20250521,4,7,11,1,217,217,5,4,19,294,Team-C,BATCH-002026
2027,20250521,1,2,8,2,316,287,11,5,20,262,Team-C,BATCH-002027
2028,20250521,1,2,14,3,244,244,5,4,17,153,Team-B,BATCH-002028
2029,20250522,2,3,7,1,375,327,17,6,24,93,Team-C,BATCH-002029
2030,20250522,2,4,10,2,267,230,7,4,17,186,Team-A,BATCH-002030
2031,20250522,1,2,2,2,425,425,11,8,20,231,Team-A,BATCH-002031
2032,20250522,4,8,11,1,116,116,4,2,19,217,Team-B,BATCH-002032
2033,20250523,2,3,7,2,153,148,7,2,20,224,Team-A,BATCH-002033
2034,20250523,3,5,14,1,265,255,9,5,19,42,Team-B,BATCH-002034
2035,20250523,4,7,12,3,364,345,7,6,12,190,Team-A,BATCH-002035
2036,20250523,2,3,13,2,314,285,15,5,22,129,Team-A,BATCH-002036
2037,20250524,2,3,12,3,485,470,23,9,35,198,Team-B,BATCH-002037
2038,20241331,3,6,11,1,100,97,3,1,14,167,Team-C,BATCH-002038
2039,20250524,2,4,13,2,411,361,13,7,16,86,Team-B,BATCH-002039
2040,20250524,2,3,6,2,148,141,7,2,28,231,Team-B,BATCH-002040
2041,20250525,3,5,4,2,326,298,9,5,16,85,Team-A,BATCH-002041
2042,20250525,4,8,5,3,392,392,9,7,12,240,Team-B,BATCH-002042
2043,20250525,1,1,16,1,287,258,7,5,20,68,Team-A,BATCH-002043
2044,20250525,2,4,19,1,380,342,8,6,18,140,Team-C,BATCH-002044
2045,20250526,2,4,9,1,346,311,13,6,13,202,Team-A,BATCH-002045
2046,20250526,3,6,8,2,275,262,10,5,10,238,Team B,BATCH-002046
2047,20250526,3,5,10,3,343,306,11,6,18,38,Team-A,BATCH-002047
2048,20250526,4,7,11,1,209,191,7,3,18,112,Team-C,BATCH-002048
2049,20250527,3,5,6,2,259,250,7,5,10,277,Team-A,BATCH-002049
2050,20250527,4,7,6,1,436,416,14,8,9,40,Team-C,BATCH-002050
2051,20250527,4,8,18,3,153,145,4,2,12,149,Team-A,BATCH-002051
2052,20250527,2,3,16,2,245,229,11,4,28,48,Team-B,BATCH-002052
2053,20250528,3,5,8,1,172,172,3,3,16,245,Team-A,BATCH-002053
2054,20250528,1,2,20,2,261,258,8,5,11,136,Team-A,BATCH-002054
2055,20250528,3,5,20,1,358,320,10,6,18,235,Team-C,BATCH-002055
2056,20250528,3,6,18,3,456,454,11,9,13,91,Team-B,BATCH-002056
2057,20250529,2,4,4,3,203,197,6,3,10,38,Team-C,BATCH-002057
2058,20250529,2,3,17,1,243,243,11,4,25,96,team_C,BATCH-002058
2059,20250529,2,3,3,1,287,259,13,5,20,109,Team-C,BATCH-002059
2060,20250529,2,3,10,1,403,398,19,7,39,40,Team-B,BATCH-002060
2061,20250530,1,1,20,2,410,354,14,7,17,59,Team-C,BATCH-002061
2062,20250530,1,1,4,3,249,237,9,4,10,185,Team-A,BATCH-002062
2063,20250530,3,5,16,2,180,172,6,3,12,215,Team-C,BATCH-002063
2064,20250530,1,2,3,3,101,88,3,1,10,174,Team-B,BATCH-002064
2065,20250531,1,2,6,2,325,320,6,6,20,54,Team-B,BATCH-002065
2655,20251025,1,1,15,2,194,185,4,3,20,64,Team-A,BATCH-002655
2066,20250531,3,6,12,1,373,365,10,7,19,243,Team-C,BATCH-002066
2067,20250531,2,4,16,1,382,341,9,6,13,83,Team-C,BATCH-002067
2068,20250531,1,2,4,2,315,284,9,5,9,266,Team-B,BATCH-002068
2069,20250601,4,7,8,3,136,132,5,2,13,116,Team-A,BATCH-002069
2070,20250601,3,5,19,2,112,103,3,2,9,280,Team-C,BATCH-002070
2071,20250601,2,3,10,1,148,141,7,2,31,223,Team-C,BATCH-002071
2072,20250601,1,2,4,2,310,282,7,5,20,112,Team-A,BATCH-002072
2073,20250602,2,3,10,2,139,125,6,2,31,137,Team-B,BATCH-002073
2074,20250602,3,5,10,2,350,301,9,6,16,83,Team-B,BATCH-002074
2075,20250602,4,8,10,2,235,210,5,4,9,152,Team-A,BATCH-002075
2076,20250602,2,3,13,1,318,279,15,5,21,66,Team-C,BATCH-002076
2077,20250603,3,6,14,3,328,326,11,6,14,124,Team-B,BATCH-002077
2078,20250603,4,8,9,3,461,417,11,8,11,282,Team-A,BATCH-002078
2079,20250603,1,2,18,3,164,164,4,3,14,193,Team-A,BATCH-002079
2080,20250603,3,6,3,2,272,238,7,4,16,163,Team-A,BATCH-002080
2081,20250604,1,1,4,2,162,147,4,2,20,84,Team-A,BATCH-002081
2082,20250604,3,5,12,2,445,414,9,8,9,134,Team-A,BATCH-002082
2083,20250604,4,7,9,2,470,463,16,9,13,83,Team-B,BATCH-002083
2084,20250604,2,4,18,2,265,265,10,5,9,150,Team-C,BATCH-002084
2085,20250605,2,4,8,2,167,144,5,2,15,123,Team-A,BATCH-002085
2086,20250605,1,2,5,3,479,464,12,9,11,45,Team-B,BATCH-002086
2087,20250605,4,8,13,3,141,133,5,2,19,35,Team-B,BATCH-002087
2088,20250605,4,7,6,1,392,392,9,7,17,115,Team-C,BATCH-002088
2089,20250606,3,6,6,1,497,431,15,8,15,123,Team-B,BATCH-002089
2090,20250606,4,8,10,3,102,102,3,2,18,257,Team-A,BATCH-002090
2091,20250606,3,5,4,3,165,165,3,3,11,95,Team-C,BATCH-002091
2092,20250606,3,5,10,2,324,318,10,6,12,275,Team-B,BATCH-002092
2093,20250607,1,2,9,1,113,113,4,2,14,61,Team-B,BATCH-002093
2094,20250607,4,8,6,1,166,164,4,3,17,160,Team-A,BATCH-002094
2095,20250607,4,8,2,3,339,316,12,6,18,237,Team-C,BATCH-002095
2096,20250607,2,4,18,3,389,374,9,7,10,98,Team-A,BATCH-002096
2097,20250608,3,6,15,3,438,421,10,8,18,67,Team-A,BATCH-002097
2098,20250608,4,8,1,1,100,92,3,1,20,79,Team-A,BATCH-002098
2099,20250608,4,7,8,2,125,108,3,2,17,227,Team C,BATCH-002099
2100,20250608,3,6,19,3,246,239,5,4,19,130,Team-C,BATCH-002100
2101,20250609,4,7,6,1,462,426,17,8,10,216,Team-B,BATCH-002101
2102,20250609,1,1,5,3,200,189,4,3,17,189,Team-B,BATCH-002102
2103,20250609,3,5,11,2,319,299,10,5,12,91,Team-C,BATCH-002103
2104,20250609,4,7,12,1,385,330,11,6,18,59,Team-B,BATCH-002104
2105,20250610,4,8,19,3,391,338,12,6,16,65,Team-A,BATCH-002105
2106,20250610,4,7,20,1,344,314,8,6,20,86,Team-A,BATCH-002106
2107,20250610,3,6,3,3,331,306,12,6,19,255,Team-C,BATCH-002107
2108,20250610,2,3,19,1,368,318,18,6,22,188,Team-C,BATCH-002108
2109,20250611,2,4,1,2,454,404,13,8,19,87,Team-C,BATCH-002109
2110,20250611,4,8,6,2,163,144,6,2,15,191,Team-A,BATCH-002110
2111,20250611,2,3,18,1,181,179,8,3,21,80,Team-A,BATCH-002111
2112,20250611,2,3,10,1,465,454,22,9,25,73,Team-C,BATCH-002112
2113,20250612,2,4,11,1,366,366,10,7,14,282,Team-A,BATCH-002113
2114,20250612,1,2,1,2,285,275,10,5,17,141,Team-B,BATCH-002114
2115,20250612,1,1,12,2,279,279,6,5,19,81,Team-A,BATCH-002115
2116,20250612,1,1,2,2,402,370,14,7,9,299,Team-A,BATCH-002116
2117,20250613,3,5,4,2,214,204,7,4,10,154,Team-C,BATCH-002117
2118,20250613,2,3,8,2,215,215,10,4,19,71,Team-C,BATCH-002118
2119,20250613,3,6,14,1,140,122,5,2,14,125,Team-B,BATCH-002119
2120,20250613,3,5,4,2,442,429,14,8,15,246,Team-B,BATCH-002120
2121,20250614,1,1,14,2,317,276,11,5,18,31,Team-B,BATCH-002121
2122,20250614,3,6,17,2,458,416,16,8,10,183,Team-A,BATCH-002122
2123,20250614,3,6,18,3,284,253,7,5,15,243,Team-B,BATCH-002123
2124,20250614,4,7,17,3,352,340,9,6,13,178,Team-B,BATCH-002124
2125,20250615,1,1,18,1,295,293,11,5,10,72,Team-A,BATCH-002125
2126,20250615,3,5,9,3,194,190,6,3,16,115,Team-C,BATCH-002126
2127,20250615,2,4,19,1,221,219,6,4,20,42,Team-C,BATCH-002127
2128,20250615,2,4,2,2,475,475,14,9,15,251,Team-C,BATCH-002128
2129,20250616,4,7,5,2,357,357,11,7,20,104,Team-A,BATCH-002129
2130,20250616,2,4,2,2,210,210,7,4,12,238,Team-B,BATCH-002130
2131,20250616,1,1,16,3,364,339,11,6,16,196,Team-C,BATCH-002131
2132,20250616,1,2,3,3,413,382,9,7,13,244,Team-C,BATCH-002132
2133,20250617,4,8,19,1,467,443,11,8,14,150,Team-B,BATCH-002133
2134,20250617,3,5,4,2,388,352,9,7,20,250,Team-C,BATCH-002134
2135,20250617,2,3,11,2,209,206,10,4,18,216,Team-A,BATCH-002135
2136,20250617,2,3,4,1,167,153,8,3,26,82,Team-B,BATCH-002136
2137,20250618,3,5,15,3,161,151,6,3,17,145,Team-A,BATCH-002137
2138,20250618,2,3,1,2,276,275,13,5,18,181,Team-B,BATCH-002138
2139,20250618,4,8,20,2,426,372,11,7,18,142,Team-B,BATCH-002139
2140,20250618,4,7,18,2,270,264,7,5,12,64,Team-A,BATCH-002140
2141,20250619,1,2,8,3,125,111,4,2,13,124,Team-A,BATCH-002141
2142,20250619,3,5,9,1,165,143,6,2,16,88,Team-B,BATCH-002142
2143,20250619,4,8,4,3,167,163,4,3,16,71,Team-C,BATCH-002143
2144,20250619,2,3,6,1,120,105,6,2,41,178,Team-C,BATCH-002144
2145,20250620,2,4,14,2,343,343,10,6,19,261,Team-A,BATCH-002145
2146,20250620,2,4,17,2,380,371,10,7,17,296,Team-A,BATCH-002146
2147,20250620,1,2,5,2,100,100,3,2,13,60,Team-C,BATCH-002147
2148,20250620,2,3,17,2,249,237,12,4,34,248,Team-A,BATCH-002148
2149,20250621,3,5,12,1,108,108,3,2,14,234,Team-A,BATCH-002149
2150,20250621,3,6,10,2,202,181,7,3,12,196,Team-B,BATCH-002150
2151,20250621,2,4,13,3,287,254,8,5,13,104,Team-B,BATCH-002151
2152,20250621,1,2,15,1,498,498,11,9,16,145,Team-B,BATCH-002152
2153,20250622,3,5,5,3,459,453,11,9,11,229,Team-C,BATCH-002153
2154,20250622,3,6,14,3,331,331,7,6,11,272,Team-C,BATCH-002154
2155,20250622,3,5,19,3,338,312,10,6,18,39,Team-B,BATCH-002155
2156,20250622,4,7,18,2,199,178,5,3,9,196,Team-B,BATCH-002156
2157,20250623,1,2,17,2,128,125,4,2,11,279,Team-C,BATCH-002157
2158,20250623,4,8,11,2,119,103,3,2,19,177,Team-C,BATCH-002158
2159,20250623,2,3,12,2,266,255,13,5,31,129,Team-B,BATCH-002159
2160,20250623,3,5,3,3,137,132,3,2,11,222,Team-B,BATCH-002160
2161,20250624,1,1,13,3,487,467,15,9,16,73,Team-B,BATCH-002161
2162,20250624,2,3,16,3,413,411,20,8,33,275,Team-B,BATCH-002162
2163,20250624,1,1,10,2,399,376,15,7,13,282,Team-C,BATCH-002163
2164,20250624,2,3,20,2,451,451,22,9,19,290,Team-B,BATCH-002164
2165,20250625,1,2,16,3,412,406,9,8,20,236,Team-C,BATCH-002165
2166,20250625,2,4,9,3,353,314,10,6,19,125,Team-B,BATCH-002166
2167,20250625,3,5,6,1,145,145,4,2,9,171,Team-B,BATCH-002167
2168,20250625,1,2,16,2,324,322,12,6,10,255,Team-C,BATCH-002168
2169,20250626,2,3,9,3,156,148,7,2,24,205,Team-C,BATCH-002169
2170,20250626,3,6,6,1,325,287,11,5,12,227,Team-C,BATCH-002170
2171,20250626,1,1,11,1,135,126,4,2,16,213,Team-C,BATCH-002171
2172,20250626,1,1,1,3,474,466,16,9,20,109,Team-B,BATCH-002172
2173,20250627,3,5,17,3,432,408,10,8,19,117,Team-A,BATCH-002173
2174,20250627,1,1,12,3,169,151,4,3,15,183,Team-C,BATCH-002174
2175,20250627,4,7,13,3,470,433,11,8,16,110,Team-B,BATCH-002175
2176,20250627,4,8,19,1,421,399,13,7,10,83,Team-A,BATCH-002176
2177,20250628,1,2,4,3,409,400,14,8,12,179,Team-B,BATCH-002177
2178,20250628,1,1,12,1,480,413,12,8,9,106,Team-C,BATCH-002178
2179,20250628,1,2,8,2,298,255,9,5,11,256,Team-C,BATCH-002179
3476,20260518,1,1,18,2,345,320,12,6,15,112,Team-A,BATCH-003476
2180,20250628,3,5,18,2,406,364,13,7,10,159,Team-B,BATCH-002180
2181,20250629,2,3,15,2,303,292,15,5,25,43,Team-A,BATCH-002181
2182,20250629,3,6,16,3,201,200,7,4,11,200,Team-C,BATCH-002182
2183,20250629,2,4,17,1,482,482,14,9,17,221,Team-A,BATCH-002183
2184,20250629,2,4,16,2,383,383,9,7,16,181,Team-B,BATCH-002184
2185,20250630,3,6,1,1,369,348,9,6,15,48,Team-A,BATCH-002185
2186,20250630,2,4,12,2,325,289,9,5,17,168,Team-B,BATCH-002186
2187,20250630,4,8,3,1,309,279,9,5,13,104,Team-B,BATCH-002187
2188,20250630,4,8,5,2,265,265,7,5,15,281,Team-A,BATCH-002188
2189,20250701,4,7,13,3,345,345,12,6,15,298,Team-B,BATCH-002189
2190,20250701,3,5,18,2,357,318,13,6,10,275,Team-C,BATCH-002190
915,20240816,3,6,10,3,328,283,11,5,11,270,Team-B,BATCH-000915
2191,20250701,1,1,18,2,367,367,13,7,18,227,Team-C,BATCH-002191
2192,20250701,3,5,11,2,378,368,12,7,14,173,Team-C,BATCH-002192
2193,20250702,1,1,9,3,331,310,10,6,13,70,Team-B,BATCH-002193
2194,20250702,4,7,18,2,356,329,11,6,11,136,Team-C,BATCH-002194
2195,20250702,1,2,2,3,350,350,11,7,14,257,Team-A,BATCH-002195
2196,20250702,3,5,17,3,253,240,7,4,16,60,Team-A,BATCH-002196
2197,20250703,1,2,3,1,415,408,12,8,9,103,Team-B,BATCH-002197
2198,20250703,4,8,7,2,355,306,8,6,19,238,Team-C,BATCH-002198
2199,20250703,1,1,4,2,415,415,12,8,13,288,Team-C,BATCH-002199
2200,20250703,4,8,6,3,215,215,7,4,13,166,Team-A,BATCH-002200
2201,20250704,1,1,17,2,211,208,6,4,13,173,Team-A,BATCH-002201
2202,20250704,4,8,2,1,403,346,12,6,10,161,Team-B,BATCH-002202
2203,20250704,3,5,4,2,462,458,-16,9,10,76,Team-A,BATCH-002203
2204,20250704,2,3,12,1,127,117,6,2,19,45,Team-B,BATCH-002204
2205,20250705,4,8,17,2,436,374,16,7,17,159,Team-A,BATCH-002205
2206,20250705,2,3,19,1,244,244,12,4,24,132,Team-A,BATCH-002206
2207,20250705,2,3,2,2,315,315,16,6,30,87,Team-C,BATCH-002207
2208,20250705,3,5,19,3,250,240,6,4,18,157,Team-A,BATCH-002208
2209,20250706,2,3,16,1,146,146,7,2,41,78,Team-C,BATCH-002209
2210,20250706,4,7,2,3,481,481,17,9,13,76,Team-B,BATCH-002210
2211,20250706,3,6,17,3,491,453,10,9,20,57,Team-A,BATCH-002211
2212,20250706,1,1,8,3,272,267,7,5,20,256,Team-C,BATCH-002212
2213,20250707,1,1,7,1,431,431,9,8,9,125,Team-B,BATCH-002213
2214,20250707,3,6,18,3,232,232,8,4,16,199,Team-C,BATCH-002214
2215,20250707,3,6,16,1,237,233,7,4,20,88,Team-C,BATCH-002215
2216,20250707,2,4,3,1,300,258,7,5,11,153,Team-A,BATCH-002216
2217,20250708,2,4,11,2,126,126,2,2,14,276,Team-C,BATCH-002217
2218,20250708,4,8,9,1,184,184,5,3,19,265,Team-C,BATCH-002218
2219,20250708,3,6,14,3,286,282,8,5,16,103,Team-C,BATCH-002219
2220,20250708,2,4,12,3,438,379,16,7,10,117,Team-A,BATCH-002220
2221,20250709,3,6,9,1,354,309,13,6,16,39,Team-B,BATCH-002221
2222,20250709,2,3,16,2,152,130,7,2,25,164,Team-A,BATCH-002222
2223,20250709,2,3,17,1,298,298,15,5,20,270,Team-B,BATCH-002223
2224,20250709,3,6,20,2,242,231,7,4,16,190,Team-B,BATCH-002224
2225,20250710,3,5,12,3,429,429,11,8,17,214,Team-B,BATCH-002225
2226,20250710,3,5,1,3,359,349,10,6,17,195,Team-C,BATCH-002226
2227,20250710,4,7,17,1,325,298,7,5,10,210,Team-A,BATCH-002227
2228,20250710,1,1,10,2,234,215,6,4,19,204,Team-A,BATCH-002228
2229,20250711,2,4,18,3,427,427,14,8,16,98,Team-C,BATCH-002229
2230,20250711,2,3,15,1,345,300,17,6,31,30,Team-B,BATCH-002230
2231,20250711,2,3,12,2,396,350,20,7,40,254,Team-A,BATCH-002231
2232,20250711,1,2,8,3,225,217,4,4,14,77,Team-B,BATCH-002232
2233,20250712,3,5,12,3,380,378,14,7,19,63,Team-C,BATCH-002233
2234,20250712,4,7,1,2,412,409,14,8,13,222,Team-B,BATCH-002234
2235,20250712,1,2,10,1,403,403,12,8,18,57,Team-A,BATCH-002235
2236,20250712,1,1,3,1,246,224,9,4,19,116,Team-B,BATCH-002236
2237,20250713,1,1,19,2,384,384,8,7,19,121,Team-C,BATCH-002237
2238,20250713,4,8,7,2,326,280,7,5,10,247,Team-B,BATCH-002238
2239,20250713,3,6,11,2,355,352,11,7,12,123,Team-C,BATCH-002239
2240,20250713,2,3,3,3,411,410,21,8,23,158,Team-B,BATCH-002240
2241,20250714,2,3,7,3,110,102,5,2,37,220,Team-A,BATCH-002241
2242,20250714,4,8,7,1,467,467,18,9,15,218,Team-A,BATCH-002242
2243,20250714,1,2,6,3,393,383,12,7,19,274,Team-C,BATCH-002243
2244,20250714,1,1,6,2,201,193,7,3,12,176,Team-B,BATCH-002244
2245,20250715,4,7,8,1,382,377,12,7,12,247,Team-A,BATCH-002245
2246,20250715,4,8,19,2,257,227,8,4,11,192,Team-C,BATCH-002246
2247,20250715,1,1,7,3,109,93,2,1,11,287,Team-C,BATCH-002247
2248,20250715,3,5,19,2,476,476,17,9,16,163,Team-C,BATCH-002248
2249,20250716,3,6,18,1,214,190,5,3,17,152,Team-C,BATCH-002249
2250,20250716,1,2,16,2,177,154,5,3,18,175,Team-A,BATCH-002250
2251,20250716,1,2,12,3,185,176,5,3,14,161,Team-B,BATCH-002251
2252,20250716,1,1,14,3,308,268,9,5,17,288,TEAM-B ,BATCH-002252
2253,20250717,2,3,4,2,253,227,13,4,24,73,Team-A,BATCH-002253
2254,20250717,2,3,2,2,456,401,23,8,31,104,Team-C,BATCH-002254
2255,20250717,3,6,5,3,195,195,6,3,17,42,Team-C,BATCH-002255
2256,20250717,2,3,4,3,213,203,11,4,24,59,Team-A,BATCH-002256
2257,20250718,2,4,7,2,198,169,6,3,18,118,Team-B,BATCH-002257
2258,20250718,3,5,6,2,291,280,7,5,18,198,Team-B,BATCH-002258
2259,20250718,4,7,18,3,420,398,15,7,16,207,Team-C,BATCH-002259
2260,20250718,1,1,3,3,202,184,6,3,14,133,Team-C,BATCH-002260
2261,20250719,4,7,1,2,229,213,5,4,15,44,Team-C,BATCH-002261
2262,20250719,1,1,10,1,460,402,13,8,12,155,Team-B,BATCH-002262
2263,20250719,2,3,20,3,362,358,19,7,31,31,Team-B,BATCH-002263
2264,20250719,2,4,18,2,115,110,2,2,12,238,Team-B,BATCH-002264
2265,20250720,1,1,18,1,308,305,8,6,16,74,Team-B,BATCH-002265
2266,20250720,3,5,10,3,137,132,3,2,16,73,Team-C,BATCH-002266
2267,20250720,2,4,1,2,442,429,13,8,19,96,Team-A,BATCH-002267
2268,20250720,2,3,11,1,197,187,10,3,37,163,Team-A,BATCH-002268
2269,20250721,4,7,8,3,213,189,6,3,13,173,Team-C,BATCH-002269
2270,20250721,2,4,5,1,406,348,9,6,17,128,Team-B,BATCH-002270
2271,20250721,1,1,17,2,367,339,11,6,14,256,Team-A,BATCH-002271
2272,20250721,2,3,10,2,458,454,24,9,33,269,Team-C,BATCH-002272
2273,20250722,1,1,6,2,456,456,11,9,16,35,Team-B,BATCH-002273
2274,20250722,1,1,10,1,102,101,3,2,20,222,Team-B,BATCH-002274
2275,20250722,1,1,4,3,497,497,12,9,13,218,Team-B,BATCH-002275
2276,20250722,2,4,6,1,141,140,3,2,11,159,Team-C,BATCH-002276
2277,20250723,4,7,19,1,126,126,4,2,18,206,Team-B,BATCH-002277
2278,20250723,1,1,8,2,225,195,7,3,18,117,Team-B,BATCH-002278
2279,20250723,3,5,3,1,447,434,12,8,15,71,Team-C,BATCH-002279
2280,20250723,3,5,9,2,246,228,7,4,15,103,Team-B,BATCH-002280
2281,20250724,4,7,8,1,145,128,3,2,9,137,Team-A,BATCH-002281
2282,20250724,2,3,7,3,397,360,21,7,38,248,Team-C,BATCH-002282
2283,20250724,4,8,6,3,131,131,3,2,15,149,Team-B,BATCH-002283
2284,20250724,4,7,16,2,499,469,16,9,14,53,Team-A,BATCH-002284
2285,20250725,3,5,20,1,267,255,9,5,20,182,Team-A,BATCH-002285
2286,20250725,1,2,14,2,415,383,12,7,10,241,Team-C,BATCH-002286
2287,20250725,4,7,11,1,329,329,8,6,11,203,Team-A,BATCH-002287
2288,20250725,3,5,3,3,421,415,15,8,10,32,Team-A,BATCH-002288
2289,20250726,3,6,2,2,388,357,15,7,14,62,Team-A,BATCH-002289
2290,20250726,1,2,6,2,371,317,8,6,9,44,Team-B,BATCH-002290
2291,20250726,3,5,1,2,122,122,3,2,11,214,Team-C,BATCH-002291
2292,20250726,3,6,15,1,261,243,6,4,9,34,team-b,BATCH-002292
2293,20250727,1,2,18,1,334,334,10,6,14,137,Team-B,BATCH-002293
2294,20250727,2,4,20,2,170,163,4,3,17,120,Team-A,BATCH-002294
2295,20250727,3,6,4,1,159,159,4,3,20,261,Team-C,BATCH-002295
2296,20250727,3,5,19,1,114,108,3,2,18,125,Team-B,BATCH-002296
2297,20250728,3,6,13,2,381,330,12,6,11,248,Team-A,BATCH-002297
2298,20250728,1,1,16,2,450,447,12,8,20,296,Team-B,BATCH-002298
2299,20250728,1,2,8,2,278,274,8,5,19,43,Team-C,BATCH-002299
2300,20250728,4,8,16,3,415,415,15,8,18,112,Team-A,BATCH-002300
2301,20250729,1,1,20,3,301,258,10,5,9,181,Team-A,BATCH-002301
2302,20250729,2,3,8,2,198,198,10,3,38,172,Team-B,BATCH-002302
2303,20250729,1,1,20,3,211,211,7,4,19,262,Team-A,BATCH-002303
2304,20250729,2,3,5,3,132,130,7,2,22,45,Team-A,BATCH-002304
2305,20250730,2,4,6,2,124,109,4,2,18,86,Team-A,BATCH-002305
2306,20250730,3,5,12,3,496,458,16,9,17,74,Team-B,BATCH-002306
2307,20250730,1,1,3,1,201,201,6,4,10,106,Team-B,BATCH-002307
2308,20250730,2,4,5,1,361,340,10,6,16,123,Team-C,BATCH-002308
2309,20250731,4,8,5,3,425,390,13,7,15,173,Team-B,BATCH-002309
2310,20250731,3,6,2,2,237,237,7,4,12,191,Team-B,BATCH-002310
2311,20250731,4,7,19,3,403,403,8,8,12,118,Team-B,BATCH-002311
2312,20250731,2,3,1,2,380,329,20,6,40,219,Team-B,BATCH-002312
2313,20250801,2,3,3,2,378,378,20,7,22,182,Team-A,BATCH-002313
2314,20250801,4,7,11,1,483,478,10,9,17,109,Team-A,BATCH-002314
2315,20250801,2,3,3,2,425,402,22,8,41,104,Team-A,BATCH-002315
2316,20250801,1,2,15,2,338,299,12,5,19,282,Team-A,BATCH-002316
2317,20250802,2,4,10,1,311,311,9,6,20,206,Team-A,BATCH-002317
2318,20250802,4,7,8,2,348,323,8,6,20,288,Team-C,BATCH-002318
2319,20250802,2,3,1,1,306,306,16,6,23,224,Team-B,BATCH-002319
2320,20250802,2,4,20,3,232,209,6,4,16,185,Team-A,BATCH-002320
2321,20250803,4,8,18,3,264,264,9,5,10,104,Team-A,BATCH-002321
2322,20250803,4,7,15,1,166,154,5,3,13,153,Team-B,BATCH-002322
2323,20250803,4,8,4,2,452,443,9,8,19,75,Team-A,BATCH-002323
2324,20250803,4,8,16,1,490,449,11,8,17,266,Team-A,BATCH-002324
2325,20250804,3,6,4,2,115,105,2,2,9,132,Team-C,BATCH-002325
2326,20250804,2,3,13,1,136,136,7,2,24,273,Team-A,BATCH-002326
2327,20250804,1,1,6,1,405,387,10,7,17,151,Team-C,BATCH-002327
2328,20250804,2,3,20,2,175,153,9,3,33,122,Team-B,BATCH-002328
2329,20250805,2,3,6,1,391,388,21,7,39,54,Team-C,BATCH-002329
2330,20250805,4,7,2,3,403,358,12,7,16,156,Team-B,BATCH-002330
2331,20250805,2,4,17,2,177,160,5,3,12,297,Team-B,BATCH-002331
2332,20250805,4,7,14,1,278,244,8,4,14,89,Team-B,BATCH-002332
2333,20250806,4,7,9,1,368,353,12,7,12,142,Team-A,BATCH-002333
2334,20250806,3,6,4,1,458,448,12,8,11,153, Team-A,BATCH-002334
2335,20250806,2,4,11,2,435,407,9,8,18,234,Team-B,BATCH-002335
2336,20250806,1,2,14,2,357,305,13,6,9,189,Team-A,BATCH-002336
2337,20250807,4,7,16,1,343,343,10,6,20,53,Team-B,BATCH-002337
2338,20250807,2,4,14,2,279,272,10,5,19,266,Team-C,BATCH-002338
2339,20250807,3,6,2,1,160,149,5,2,17,36,Team-A,BATCH-002339
2340,20250807,2,3,10,2,399,396,21,7,31,282,Team-A,BATCH-002340
2341,20250808,4,7,3,1,331,331,8,6,14,136,Team-B,BATCH-002341
2342,20250808,4,8,6,3,250,230,8,4,17,245,Team-C,BATCH-002342
2343,20250808,3,6,1,3,197,183,7,3,16,80,Team-B,BATCH-002343
2344,20250808,4,8,13,2,219,206,4,4,20,211,Team-A,BATCH-002344
2345,20250809,2,4,1,2,424,364,10,7,16,178,team-b,BATCH-002345
2346,20250809,4,8,8,1,277,251,9,5,19,85,Team-C,BATCH-002346
2347,20250809,1,1,17,1,468,428,12,8,12,79,Team-C,BATCH-002347
2348,20250809,3,5,1,1,237,219,8,4,15,272,Team-A,BATCH-002348
2349,20250810,4,7,15,2,424,418,9,8,11,40,Team-B,BATCH-002349
2350,20250810,4,7,19,3,337,324,9,6,14,31,Team-B,BATCH-002350
2351,20250810,4,7,1,2,295,295,8,5,18,273,Team-A,BATCH-002351
2352,20250810,2,3,15,3,399,344,21,6,29,33,Team-B,BATCH-002352
2353,20250811,3,5,9,2,354,323,8,6,9,236,Team-B,BATCH-002353
2354,20250811,1,1,3,1,179,171,4,3,11,278,Team-B,BATCH-002354
2355,20250811,4,8,18,3,138,130,3,2,10,182,Team-C,BATCH-002355
2356,20250811,4,7,5,1,462,462,12,9,9,231,Team-B,BATCH-002356
2357,20250812,4,7,8,1,210,203,6,4,15,156,Team-A,BATCH-002357
2358,20250812,3,5,1,2,176,155,4,3,13,245,Team-B,BATCH-002358
2359,20250812,3,6,3,1,152,137,3,2,12,238,Team-B,BATCH-002359
2360,20250812,3,6,2,3,182,182,4,3,17,296,Team-C,BATCH-002360
2361,20250813,2,4,4,1,485,485,12,9,20,155,Team-C,BATCH-002361
2362,20250813,4,8,14,2,164,151,5,3,20,219,Team-B,BATCH-002362
2363,20250813,4,7,4,3,183,183,3,3,10,39,Team-B,BATCH-002363
2364,20250813,4,8,8,3,279,279,9,5,14,276,Team-B,BATCH-002364
2365,20250814,1,1,4,1,262,262,6,5,17,107,Team-A,BATCH-002365
2366,20250814,4,7,4,1,292,292,10,5,19,299,Team-A,BATCH-002366
2367,20250814,3,6,2,1,398,344,11,6,17,124,Team-C,BATCH-002367
2368,20250814,1,2,20,3,422,388,15,7,18,194,Team-A,BATCH-002368
2369,20250815,4,8,12,1,231,220,7,4,9,208,Team-A,BATCH-002369
2370,20250815,1,1,8,3,405,349,9,6,13,175,Team-A,BATCH-002370
2371,20250815,3,5,17,1,414,357,9,7,15,223,Team-C,BATCH-002371
2372,20250815,2,3,6,3,361,361,19,7,19,198,Team-B,BATCH-002372
2373,20250816,3,6,4,1,106,100,4,2,17,261,Team-A,BATCH-002373
2374,20250816,3,5,15,2,420,370,12,7,9,261,Team-B,BATCH-002374
2375,20250816,2,3,2,2,491,430,27,8,38,230,TEAM-A ,BATCH-002375
2376,20250816,1,1,16,2,246,231,5,4,19,219,Team-B,BATCH-002376
2377,20250817,3,5,17,1,276,272,10,5,14,74,Team-B,BATCH-002377
2378,20250817,3,5,14,2,167,167,4,3,15,225,Team-C,BATCH-002378
2379,20250817,4,8,8,1,468,461,13,9,15,281,Team-B,BATCH-002379
2380,20250817,2,4,9,3,273,273,6,5,20,248,Team-C,BATCH-002380
2381,20250818,1,1,15,3,376,375,8,7,10,68,Team-A,BATCH-002381
2382,20250818,3,6,1,1,355,335,13,6,16,80,Team-B,BATCH-002382
2383,20250818,3,6,4,3,200,178,5,3,18,250,Team-C,BATCH-002383
2384,20250818,4,7,12,1,354,306,8,6,15,262,Team-C,BATCH-002384
2385,20250819,1,1,6,2,426,421,9,8,13,57,Team-A,BATCH-002385
2386,20250819,4,7,13,2,156,140,5,2,11,179,Team-B,BATCH-002386
2387,20250819,4,7,1,3,355,304,7,6,19,191,Team-C,BATCH-002387
2388,20250819,4,7,9,3,170,170,5,3,18,175,Team-C,BATCH-002388
2389,20250820,4,7,12,3,286,253,7,5,9,220,Team-B,BATCH-002389
2390,20250820,2,3,12,1,334,304,18,6,27,62,Team-A,BATCH-002390
2391,20250820,3,5,5,2,336,329,11,6,15,71,Team-B,BATCH-002391
2392,20250820,1,1,6,1,345,298,8,5,15,64,Team-C,BATCH-002392
2393,20250821,3,6,2,3,109,98,4,1,10,95,Team-B,BATCH-002393
2394,20250821,1,1,4,1,134,134,5,2,10,46,Team-A,BATCH-002394
2395,20250821,1,1,8,1,385,378,8,7,9,176,Team-A,BATCH-002395
2396,20250821,4,8,20,3,318,297,11,5,16,39,Team-B,BATCH-002396
2397,20250822,2,3,4,3,453,418,25,8,38,153,Team-A,BATCH-002397
2398,20250822,4,8,12,3,445,409,15,8,12,88,Team-C,BATCH-002398
2399,20250822,2,4,12,2,263,257,7,5,13,174,Team-C,BATCH-002399
2400,20250822,1,1,11,3,138,120,3,2,18,245,Team-C,BATCH-002400
2401,20250823,1,1,9,3,204,186,4,3,18,190,Team-C,BATCH-002401
2402,20250823,4,8,19,1,272,268,7,5,16,42,Team-C,BATCH-002402
2403,20250823,1,2,13,1,352,334,11,6,19,194,Team-B,BATCH-002403
2404,20250823,3,5,14,1,426,421,13,8,16,268,Team-B,BATCH-002404
2405,20250824,3,6,1,3,238,206,7,4,11,211,Team-C,BATCH-002405
2406,20250824,2,4,4,1,278,276,9,5,10,274,Team-A,BATCH-002406
2407,20250824,4,8,16,2,467,430,12,8,18,267,Team-B,BATCH-002407
2408,20250824,4,7,16,1,143,137,5,2,16,200,Team-C,BATCH-002408
2409,20250825,4,7,20,2,167,167,3,3,14,174,Team-A,BATCH-002409
2410,20250825,1,2,5,2,239,239,8,4,15,69, Team-C,BATCH-002410
2411,20250825,4,7,19,1,317,314,7,6,13,89,Team-B,BATCH-002411
2412,20250825,3,5,20,1,280,239,9,4,13,158,Team-B,BATCH-002412
2413,20250826,3,6,8,3,444,400,17,8,17,104,Team-C,BATCH-002413
2414,20250826,3,5,13,1,191,169,5,3,15,162,Team-C,BATCH-002414
2415,20250826,2,4,6,1,255,252,9,5,20,79,Team-B,BATCH-002415
2416,20250826,2,4,20,1,438,438,12,8,15,33,Team-A,BATCH-002416
2417,20250827,1,2,9,1,437,423,16,8,16,289,Team-B,BATCH-002417
2418,20250827,3,5,6,3,323,304,10,6,14,36,Team-C,BATCH-002418
2419,20250827,1,1,3,2,357,325,12,6,10,149,Team-B,BATCH-002419
2420,20250827,4,7,13,2,368,328,9,6,15,98,Team-B,BATCH-002420
2421,20250828,4,8,2,3,170,169,4,3,13,148,Team-A,BATCH-002421
2422,20250828,1,1,20,2,145,135,3,2,15,46,Team-C,BATCH-002422
2423,20250828,2,4,11,3,313,276,9,5,13,123,Team-A,BATCH-002423
2424,20250828,1,1,4,3,439,439,15,8,16,135,Team-A,BATCH-002424
2425,20250829,4,7,14,3,397,373,9,7,12,237,Team-C,BATCH-002425
2426,20250829,4,8,14,2,483,434,17,8,15,217,Team-A,BATCH-002426
2427,20250829,1,1,6,2,185,159,6,3,19,39,Team-C,BATCH-002427
2428,20250829,2,4,3,1,196,177,6,3,20,136,Team-A,BATCH-002428
2429,20250830,4,8,19,3,151,133,4,2,19,42,Team-A,BATCH-002429
2430,20250830,4,8,7,3,308,300,11,6,16,76,Team-B,BATCH-002430
2431,20250830,4,7,9,3,220,218,7,4,16,200,Team-B,BATCH-002431
2432,20250830,1,1,20,1,135,120,4,2,17,48,Team-C,BATCH-002432
2433,20250831,4,7,3,3,243,233,8,4,12,293,Team-A,BATCH-002433
2434,20250831,1,2,18,3,288,264,6,5,16,289,Team-A,BATCH-002434
2435,20250831,3,6,5,1,410,410,9,8,15,144,Team-C,BATCH-002435
2436,20250831,2,3,15,1,469,423,26,8,29,146,Team-C,BATCH-002436
2437,20250901,3,6,2,3,199,186,6,3,14,278,Team-C,BATCH-002437
2438,20250901,1,1,8,3,385,385,13,7,12,172,Team-B,BATCH-002438
2439,20250901,2,4,19,1,433,409,13,8,18,230,Team-B,BATCH-002439
2440,20250901,4,7,10,2,455,391,17,7,13,111,Team-C,BATCH-002440
2441,20250902,3,5,13,1,358,358,12,7,16,289,Team A,BATCH-002441
2442,20250902,1,1,19,3,166,154,6,3,15,40,Team-A,BATCH-002442
2443,20250902,4,7,16,2,180,180,4,3,19,63,Team-C,BATCH-002443
2444,20250902,3,6,17,3,233,232,5,4,14,164,Team-A,BATCH-002444
2445,20250903,1,1,1,2,118,102,3,2,10,241,Team-A,BATCH-002445
2446,20250903,3,5,19,3,336,336,12,6,13,73,Team-C,BATCH-002446
2447,20250903,4,7,2,1,420,413,12,8,19,192,Team-C,BATCH-002447
2448,20250903,3,5,9,3,281,245,10,4,9,50,Team-A,BATCH-002448
2449,20250904,4,7,19,1,218,196,4,3,20,219,Team-C,BATCH-002449
2450,20250904,1,2,19,3,229,197,5,3,10,187,Team-A,BATCH-002450
2451,20250904,3,6,4,3,151,138,5,2,20,83,Team-C,BATCH-002451
2452,20250904,1,1,2,2,391,383,10,7,20,114,Team-A,BATCH-002452
2453,20250905,3,5,3,2,333,332,8,6,9,158,Team-B,BATCH-002453
2454,20250905,3,6,20,3,393,393,11,7,10,70,Team-B,BATCH-002454
2455,20250905,4,8,13,1,324,293,8,5,20,210,Team-A,BATCH-002455
2456,20250905,3,5,1,3,153,152,5,3,15,106,Team-C,BATCH-002456
2457,20250906,4,7,8,1,279,263,9,5,11,134,Team-C,BATCH-002457
2458,20250906,3,5,10,2,382,382,9,7,20,173,Team-B,BATCH-002458
2459,20250906,4,7,17,1,193,186,4,3,17,154,Team-B,BATCH-002459
2460,20250906,4,8,10,3,237,206,5,4,11,148,Team-B,BATCH-002460
2461,20250907,4,7,11,2,485,467,14,9,19,155,Team-C,BATCH-002461
2462,20250907,2,3,4,3,448,402,25,8,20,269,Team-A,BATCH-002462
2463,20250907,4,7,20,3,241,227,7,4,13,268,Team-B,BATCH-002463
2464,20250907,1,1,4,1,465,465,12,9,15,30,Team-A,BATCH-002464
2465,20250908,1,2,16,3,365,365,9,7,20,74,Team-C,BATCH-002465
2466,20250908,1,1,9,1,149,143,5,2,19,113,Team-C,BATCH-002466
2467,20250908,4,8,11,3,132,127,3,2,18,66,Team-C,BATCH-002467
2468,20250908,3,6,2,3,336,324,8,6,9,181,Team-B,BATCH-002468
2469,20250909,3,6,11,1,310,288,9,5,11,99,Team-C,BATCH-002469
2470,20250909,4,7,15,1,134,131,4,2,17,200,Team-C,BATCH-002470
2471,20250909,3,5,14,1,373,373,9,7,11,290,Team-B,BATCH-002471
2472,20250909,2,3,10,2,434,434,24,8,30,158,Team-B,BATCH-002472
2473,20250910,4,7,2,3,330,324,11,6,14,108,Team-A,BATCH-002473
2474,20250910,1,1,3,1,290,276,10,5,11,279,Team-B,BATCH-002474
2475,20250910,2,3,11,2,329,324,18,6,29,87,Team-A,BATCH-002475
2494,20250915,1,1,18,2,341,328,7,6,17,288,Team-B,BATCH-002494
2476,20250910,3,6,14,3,342,296,9,5,17,42,Team-C,BATCH-002476
2477,20250911,3,6,1,3,277,269,5,5,13,213,Team-A,BATCH-002477
2478,20250911,4,8,12,2,340,337,11,6,19,273,Team-C,BATCH-002478
2479,20250911,2,3,14,2,444,418,25,8,18,67,Team-C,BATCH-002479
2480,20250911,1,2,7,3,345,310,8,6,14,122,Team-C,BATCH-002480
2481,20250912,4,8,2,1,498,430,15,8,19,66,Team-C,BATCH-002481
2482,20250912,4,7,8,3,376,350,9,7,11,171,Team-C,BATCH-002482
2949,20260107,3,5,14,1,377,369,12,7,18,59,Team-C,BATCH-002949
2483,20250912,4,7,12,1,358,311,12,6,16,125,Team-C,BATCH-002483
2484,20250912,2,4,19,2,191,191,6,3,10,216,Team-A,BATCH-002484
2485,20250913,4,8,9,1,464,464,11,9,10,52,Team-A,BATCH-002485
2486,20250913,4,8,15,3,264,264,8,5,9,73,Team-A,BATCH-002486
2487,20250913,4,8,11,2,347,347,10,6,10,152,Team-C,BATCH-002487
2488,20250913,2,4,8,1,224,197,5,3,18,52,Team-B,BATCH-002488
2489,20250914,1,2,14,2,126,117,3,2,10,157,Team-A,BATCH-002489
2490,20250914,4,7,14,2,259,231,8,4,16,219,Team-B,BATCH-002490
2491,20250914,3,5,16,3,327,299,8,5,13,33,Team-A,BATCH-002491
2492,20250914,2,3,12,1,480,480,27,9,36,272,Team-C,BATCH-002492
2493,20250915,4,7,17,2,272,272,10,5,9,34,TEAM-C ,BATCH-002493
2494,20250915,1,1,18,2,341,328,7,6,17,288,Team-B,BATCH-002494
2495,20250915,3,5,12,2,370,347,13,6,9,33,Team-B,BATCH-002495
2496,20250915,3,5,2,2,391,346,9,6,14,220,Team-C,BATCH-002496
2497,20250916,4,7,10,3,467,438,17,8,17,75,Team-C,BATCH-002497
2498,20250916,4,8,19,2,213,213,5,4,15,131,Team-B,BATCH-002498
2499,20250916,2,4,1,1,462,407,16,8,11,170,Team-C,BATCH-002499
2500,20250916,3,6,16,2,367,337,11,6,14,63,Team-A,BATCH-002500
2501,20250917,2,4,12,3,391,390,15,7,13,120,team_C,BATCH-002501
2502,20250917,3,6,18,2,344,326,11,6,9,257,Team-C,BATCH-002502
2503,20250917,4,8,14,2,308,305,11,6,19,97,Team-B,BATCH-002503
2504,20250917,3,5,14,2,459,459,15,9,13,273,Team-C,BATCH-002504
2505,20250918,1,1,12,3,328,328,7,6,19,79,Team-A,BATCH-002505
2506,20250918,4,7,1,3,433,433,9,8,14,296,Team-C,BATCH-002506
2507,20250918,1,2,16,2,349,316,8,6,20,269,Team-C,BATCH-002507
2508,20250918,3,5,11,1,395,371,12,7,15,232,Team-C,BATCH-002508
2509,20250919,4,7,4,3,379,379,8,7,17,295,Team-C,BATCH-002509
2510,20250919,2,3,12,2,352,348,20,6,29,89,Team-A,BATCH-002510
2511,20250919,4,8,8,3,206,191,7,3,13,113,Team-A,BATCH-002511
2512,20250919,4,8,2,1,370,348,12,6,15,43,Team-B,BATCH-002512
2513,20250920,3,5,5,3,493,452,11,9,15,140,Team-C,BATCH-002513
2514,20250920,1,2,15,2,474,407,16,8,15,64,Team-C,BATCH-002514
2515,20250920,4,7,19,2,384,384,11,7,15,85,Team-B,BATCH-002515
2516,20250920,4,7,18,1,142,131,3,2,19,118,Team-A,BATCH-002516
2517,20250921,2,3,1,2,303,301,17,6,26,287,Team-B,BATCH-002517
2518,20250921,1,2,7,3,274,274,7,5,17,87,Team-C,BATCH-002518
2519,20250921,3,6,9,2,221,210,7,4,17,52,Team-A,BATCH-002519
2520,20250921,1,2,7,2,415,366,12,7,13,38,Team-A,BATCH-002520
2521,20250922,3,5,9,3,321,308,10,6,17,100,Team-A,BATCH-002521
2522,20250922,4,7,4,2,118,118,3,2,14,243,Team-C,BATCH-002522
2523,20250922,3,5,14,2,386,333,11,6,13,35,Team-C,BATCH-002523
2524,20250922,3,5,8,1,402,361,13,7,19,51,Team-C,BATCH-002524
2525,20250923,1,1,16,2,357,339,8,6,17,174,Team-C,BATCH-002525
2526,20250923,3,6,1,2,264,246,7,4,12,147,Team-C,BATCH-002526
2527,20250923,3,6,18,1,270,231,6,4,14,280,Team-A,BATCH-002527
2528,20250923,3,6,5,2,201,201,7,4,20,245,Team-B,BATCH-002528
2529,20250924,2,4,20,3,490,478,11,9,12,114,Team-C,BATCH-002529
2530,20250924,1,1,15,1,299,294,7,5,17,219,Team-C,BATCH-002530
2531,20250924,1,1,6,1,308,297,10,5,14,192,Team-A,BATCH-002531
2532,20250924,4,8,7,1,114,109,2,2,12,103,Team-A,BATCH-002532
2533,20250925,3,5,4,3,496,496,12,9,11,230,team-a,BATCH-002533
2534,20250925,2,3,2,3,282,272,16,5,39,161,Team-B,BATCH-002534
2535,20250925,4,8,1,1,399,364,13,7,9,216,Team-A,BATCH-002535
2536,20250925,4,7,11,2,341,340,8,6,10,195,Team-B,BATCH-002536
2537,20250926,2,3,14,2,420,363,24,7,40,71,Team-A,BATCH-002537
2538,20250926,4,8,17,3,403,403,15,8,18,293,Team-A,BATCH-002538
2539,20250926,4,8,12,3,412,381,11,7,17,87,Team-A,BATCH-002539
2540,20250926,1,2,1,1,390,344,10,6,12,39,Team-B,BATCH-002540
2541,20250927,2,4,14,3,176,153,4,3,19,38, Team-A,BATCH-002541
2542,20250927,3,5,12,2,166,145,6,2,14,262,Team-A,BATCH-002542
2543,20240431,2,3,10,2,390,390,22,7,20,44,Team-C,BATCH-002543
2544,20250927,3,5,11,2,156,134,4,2,17,282,Team-C,BATCH-002544
2545,20250928,4,8,8,2,267,237,7,4,11,145,Team-C,BATCH-002545
2546,20250928,3,6,2,1,233,218,7,4,13,116,Team-A,BATCH-002546
2547,20250928,1,1,13,3,426,391,14,7,17,68,Team-C,BATCH-002547
2548,20250928,4,8,10,1,292,271,10,5,13,66,Team-C,BATCH-002548
2549,20250929,1,2,11,3,204,204,6,4,17,78,Team-B,BATCH-002549
2550,20250929,3,5,15,1,230,230,7,4,10,226,Team-A,BATCH-002550
2551,20250929,4,8,8,3,307,307,11,6,18,37,Team-A,BATCH-002551
2552,20250929,2,4,5,2,466,435,17,8,16,40,Team-C,BATCH-002552
3404,20260430,1,1,5,2,171,153,5,3,10,152,Team-C,BATCH-003404
2553,20250930,2,4,15,2,221,208,8,4,13,220,Team-C,BATCH-002553
2554,20250930,2,3,2,2,258,241,15,4,24,191,Team-C,BATCH-002554
2555,20250930,1,2,4,1,190,190,4,3,13,243,Team-C,BATCH-002555
2556,20250930,4,7,12,3,416,404,9,8,15,78,Team-A,BATCH-002556
2557,20251001,4,7,12,2,117,101,4,2,15,280,Team-A,BATCH-002557
2558,20251001,2,3,19,1,470,411,27,8,28,112,Team-C,BATCH-002558
2559,20251001,3,6,13,2,218,218,6,4,18,167,Team-C,BATCH-002559
2560,20251001,2,3,4,1,491,423,29,8,28,80,Team-C,BATCH-002560
2561,20251002,4,7,2,3,276,243,6,4,11,80,Team-B,BATCH-002561
2562,20251002,3,6,2,3,474,458,10,9,14,289,Team-A,BATCH-002562
2563,20251002,2,4,6,2,382,,11,6,13,169,Team-B,BATCH-002563
2564,20251002,4,8,19,2,145,126,4,2,17,177,Team-B,BATCH-002564
2565,20251003,3,5,14,1,175,175,4,3,15,248,Team-C,BATCH-002565
2566,20251003,1,1,9,2,264,260,8,5,11,85,Team-A,BATCH-002566
2567,20251003,3,5,13,3,448,396,13,7,10,291,Team-C,BATCH-002567
2568,20251003,2,4,8,1,360,327,11,6,18,198, Team-A,BATCH-002568
2569,20251004,4,8,11,3,450,423,14,8,11,119,Team-A,BATCH-002569
2570,20251004,3,6,7,2,236,222,9,4,14,118,Team-C,BATCH-002570
2571,20251004,1,1,2,1,190,171,4,3,19,63,Team-C,BATCH-002571
2572,20251004,3,5,17,3,499,499,14,9,14,107,Team-C,BATCH-002572
2573,20251005,3,5,7,1,463,418,12,8,9,39,Team-A,BATCH-002573
2574,20251005,4,8,16,1,481,481,13,9,14,195,Team-A,BATCH-002574
2575,20251005,2,4,17,2,353,353,12,7,17,147,Team-A,BATCH-002575
2576,20251005,2,3,6,1,408,402,24,8,30,109,Team-A,BATCH-002576
2577,20251006,2,4,16,1,100,100,3,2,10,111,Team-B,BATCH-002577
2578,20251006,2,4,3,3,139,120,3,2,9,278,Team-C,BATCH-002578
2579,20251006,1,2,18,2,155,142,4,2,16,175,Team-A,BATCH-002579
2580,20251006,2,4,20,2,296,259,7,5,14,153,Team-A,BATCH-002580
2581,20251007,4,7,7,3,261,249,6,4,12,113,Team-B,BATCH-002581
2582,20251007,1,1,14,3,206,182,7,3,11,266,Team-C,BATCH-002582
2583,20251007,1,1,17,1,152,134,3,2,13,189,Team A,BATCH-002583
2584,20251007,3,6,8,2,186,186,4,3,9,266,Team-C,BATCH-002584
2585,20251008,1,2,16,2,195,188,6,3,14,81,Team-B,BATCH-002585
2586,20251008,3,6,2,1,120,110,3,2,14,188,Team-B,BATCH-002586
2587,20251008,3,6,2,3,362,362,13,7,9,182,Team-C,BATCH-002587
2588,20251008,2,4,15,3,384,372,14,7,14,187,Team-C,BATCH-002588
2589,20251009,2,4,19,1,121,113,3,2,9,196,Team-C,BATCH-002589
2590,20251009,4,7,12,1,403,392,12,7,17,80,Team-C,BATCH-002590
2591,20251009,1,2,16,1,132,127,3,2,11,33,Team-B,BATCH-002591
2592,20251009,4,7,5,3,168,165,3,3,14,194,Team-B,BATCH-002592
2593,20251010,4,7,3,3,473,436,12,8,16,286,Team-C,BATCH-002593
2594,20251010,4,8,1,1,351,344,9,6,20,123,Team-B,BATCH-002594
2595,20251010,4,7,7,2,422,404,10,8,20,66,Team-B,BATCH-002595
2596,20251010,3,6,7,3,222,222,5,4,20,47,Team-A,BATCH-002596
2597,20251011,1,1,4,3,414,359,9,7,9,138,Team-B,BATCH-002597
2598,20251011,2,3,7,3,438,386,26,7,25,34,Team-B,BATCH-002598
2599,20251011,3,6,12,2,461,461,15,9,11,80,Team-B,BATCH-002599
2600,20251011,4,8,1,1,366,356,11,7,17,76,Team-A,BATCH-002600
2601,20250931,1,2,6,3,116,99,2,1,17,285,Team-A,BATCH-002601
2602,20251012,3,5,2,2,306,296,7,5,15,46,Team-B,BATCH-002602
2603,20251012,3,6,11,2,198,169,4,3,17,162,Team-B,BATCH-002603
2604,20251012,1,2,7,1,161,147,6,2,11,160,Team-C,BATCH-002604
2605,20251013,2,3,9,3,315,295,19,5,25,41,Team-C,BATCH-002605
2606,20251013,4,8,3,3,374,325,9,6,12,234,Team-B,BATCH-002606
2607,20251013,4,7,11,2,295,287,7,5,13,168,Team-C,BATCH-002607
2608,20251013,2,3,8,3,487,440,29,8,39,248,Team-A,BATCH-002608
2609,20251014,3,5,17,3,381,381,13,7,17,131,Team-B,BATCH-002609
2610,20251014,4,8,20,2,470,420,12,8,10,161,Team-C,BATCH-002610
2611,20251014,1,2,2,3,182,160,6,3,16,248,Team-A,BATCH-002611
2612,20251014,1,2,13,3,496,489,12,9,9,177,Team-A,BATCH-002612
2613,20251015,2,3,3,2,170,154,10,3,32,155,Team-C,BATCH-002613
2614,20251015,4,8,3,3,299,299,10,5,19,201,Team-A,BATCH-002614
2615,20251015,2,3,12,2,450,410,27,8,36,166,Team-B,BATCH-002615
2616,20251015,4,8,6,1,223,223,7,4,11,84,Team-A,BATCH-002616
2617,20251016,1,1,3,3,318,274,9,5,20,287,Team-A,BATCH-002617
2618,20251016,1,1,17,2,334,333,10,6,11,212,Team-A,BATCH-002618
2619,20251016,4,7,9,3,459,409,11,8,9,116,Team-B,BATCH-002619
2620,20251016,2,3,2,3,438,383,26,7,29,262,Team-B,BATCH-002620
2621,20251017,1,1,8,3,249,247,5,4,13,134,Team-B,BATCH-002621
2622,20251017,4,8,19,2,249,222,5,4,18,223,Team-B,BATCH-002622
2623,20251017,2,4,1,3,405,366,10,7,19,97,Team-C,BATCH-002623
2624,20251017,1,1,4,2,446,444,12,8,20,60,Team-C,BATCH-002624
2625,20251018,1,1,20,3,120,104,4,2,12,107,Team-A,BATCH-002625
2626,20251018,4,8,1,1,366,323,10,6,14,290,Team-C,BATCH-002626
2627,20251018,4,8,8,1,414,401,10,8,20,228,Team-C,BATCH-002627
2628,20251018,2,3,15,2,113,96,6,1,24,39,Team-C,BATCH-002628
2629,20251019,3,6,12,2,325,303,11,6,16,276,Team-C,BATCH-002629
2630,20251019,3,6,1,3,156,134,5,2,18,143,Team-B,BATCH-002630
2631,20251019,1,2,20,2,125,125,4,2,16,168,Team-A,BATCH-002631
2632,20251019,4,7,20,1,370,370,8,7,20,199,Team-A,BATCH-002632
2633,20251020,3,6,20,2,232,206,7,4,17,101,Team-A,BATCH-002633
2634,20251020,1,1,9,2,456,395,12,7,9,116,Team-C,BATCH-002634
2635,20251020,3,5,20,1,484,477,14,9,16,111,Team-B,BATCH-002635
2636,20251020,3,5,10,1,464,401,10,8,11,168,Team-A,BATCH-002636
2637,20251021,4,7,11,2,440,435,14,8,19,92,Team-C,BATCH-002637
2638,20251021,1,1,13,1,312,293,8,5,18,167,Team-C,BATCH-002638
2639,20251021,2,3,1,3,305,264,18,5,32,76,Team-C,BATCH-002639
2640,20251021,2,4,8,3,491,491,11,9,17,164,Team-A,BATCH-002640
2641,20251022,2,4,3,1,397,392,9,7,9,76,Team-B,BATCH-002641
2642,20251022,1,2,7,3,133,116,4,2,18,56,TEAM-B ,BATCH-002642
2643,20251022,3,5,16,3,486,465,15,9,17,112,Team-C,BATCH-002643
2644,20251022,3,5,20,2,202,188,5,3,18,221,Team-B,BATCH-002644
2645,20251023,3,6,20,3,472,472,11,9,16,99,Team-C,BATCH-002645
2646,20251023,4,8,12,1,121,107,4,2,13,252,Team-A,BATCH-002646
2647,20251023,3,6,19,2,483,483,11,9,19,233,Team-A,BATCH-002647
2648,20251023,4,8,10,2,426,413,14,8,11,101,Team-A,BATCH-002648
2649,20251024,3,5,6,1,491,448,18,8,11,257,Team-A,BATCH-002649
2650,20251024,4,8,9,1,224,213,8,4,13,219,Team-B,BATCH-002650
2651,20251024,2,4,9,3,194,194,6,3,16,208,Team-B,BATCH-002651
2652,20251024,1,2,4,3,483,428,15,8,14,149,Team-C,BATCH-002652
2653,20251025,3,6,14,1,477,428,15,8,11,93,Team-C,BATCH-002653
2654,20251025,1,1,14,1,247,247,8,4,15,53,Team-C,BATCH-002654
2655,20251025,1,1,15,2,194,185,4,3,20,64,Team-A,BATCH-002655
2656,20251025,3,6,7,1,111,101,3,2,15,121,Team-C,BATCH-002656
2657,20251026,3,5,16,2,217,196,7,3,13,291,Team-C,BATCH-002657
2658,20251026,1,2,16,2,157,141,5,2,12,189,Team-A,BATCH-002658
2659,20251026,2,4,17,1,386,377,9,7,18,125,Team-C,BATCH-002659
2660,20251026,2,3,3,3,399,382,24,7,41,175,Team-B,BATCH-002660
2661,20251027,4,8,9,3,386,371,14,7,13,30,Team-B,BATCH-002661
2662,20251027,2,3,19,2,333,333,20,6,19,46,Team-B,BATCH-002662
2663,20251027,1,2,10,1,456,441,10,8,13,225,Team-B,BATCH-002663
2664,20251027,4,7,5,2,236,207,9,4,18,235,Team-B,BATCH-002664
2665,20251028,2,4,4,2,326,320,8,6,12,215,Team-A,BATCH-002665
2666,20251028,2,4,4,2,194,194,5,3,13,269,Team-B,BATCH-002666
2667,20251028,1,1,10,3,337,337,11,6,12,32,Team-C,BATCH-002667
2668,20251028,2,4,8,2,311,311,7,6,18,268,Team-C,BATCH-002668
2669,20251029,1,2,5,2,116,116,4,2,11,241,Team-A,BATCH-002669
2670,20251029,2,4,9,2,102,99,2,1,11,53,Team-C,BATCH-002670
2671,20251029,3,6,14,2,337,308,12,6,13,111,Team-A,BATCH-002671
2672,20251029,4,8,12,3,233,227,6,4,19,207,Team-C,BATCH-002672
2673,20251030,1,1,13,2,457,440,12,8,14,33,Team-A,BATCH-002673
2674,20251030,2,3,4,3,336,307,20,6,22,87,Team-C,BATCH-002674
2675,20251030,2,4,1,1,163,163,4,3,18,46,Team-B,BATCH-002675
2676,20251030,4,7,15,2,342,332,11,6,10,299,Team-B,BATCH-002676
2677,20251031,4,8,8,2,437,378,12,7,20,101,Team-C,BATCH-002677
2678,20251031,1,1,16,2,289,248,9,4,19,62,Team-B,BATCH-002678
2679,20251031,4,8,13,2,404,391,12,7,11,229,Team-A,BATCH-002679
2680,20251031,3,6,15,2,223,195,5,3,18,89,Team-A,BATCH-002680
2681,20251101,4,8,12,2,378,378,8,7,18,250,Team-A,BATCH-002681
2682,20251101,1,1,6,2,428,371,12,7,14,207,Team-B,BATCH-002682
2683,20251101,3,6,13,2,271,240,6,4,16,135,Team B,BATCH-002683
2684,20251101,4,8,2,3,415,415,13,8,16,285,Team-C,BATCH-002684
2685,20251102,2,3,7,3,449,394,27,7,41,182,Team-B,BATCH-002685
2686,20251102,4,8,14,1,472,467,12,9,11,50,Team-B,BATCH-002686
2687,20251102,3,5,15,2,481,469,16,9,9,147,Team-A,BATCH-002687
2688,20251102,1,2,16,2,349,300,12,6,19,37,Team-B,BATCH-002688
2689,20251103,2,3,10,3,373,373,23,7,23,36,Team-C,BATCH-002689
2690,20251103,4,8,14,2,332,307,11,6,10,85,Team-B,BATCH-002690
2691,20251103,3,5,12,3,352,323,11,6,13,33,Team-A,BATCH-002691
2692,20251103,4,7,13,2,422,422,13,8,16,31,Team-B,BATCH-002692
2693,20251104,2,3,20,1,369,331,23,6,26,268,Team-B,BATCH-002693
2694,20251104,4,7,10,1,272,259,9,5,15,112,Team-B,BATCH-002694
2695,20251104,2,3,5,1,410,382,25,7,29,275,Team-B,BATCH-002695
2696,20251104,4,7,17,1,307,301,11,6,11,245,Team-A,BATCH-002696
2697,20251105,3,6,6,2,328,311,9,6,19,95,Team-A,BATCH-002697
2698,20251105,4,7,9,1,456,442,11,8,18,185,Team-C,BATCH-002698
2699,20251105,2,3,4,2,381,381,23,7,19,52,Team-C,BATCH-002699
2700,20251105,3,6,9,3,144,135,3,2,15,56,Team-A,BATCH-002700
2701,20251106,1,2,12,1,333,333,10,6,18,247,Team-C,BATCH-002701
2702,20251106,1,1,9,2,393,339,8,6,12,272,Team-B,BATCH-002702
2703,20251106,2,4,14,1,320,320,11,6,14,66,TEAM-B ,BATCH-002703
2704,20251106,1,1,18,1,108,107,2,2,15,55,Team-B,BATCH-002704
2705,20251107,4,7,3,2,168,162,6,3,15,274,Team-B,BATCH-002705
2706,20251107,4,8,14,1,461,446,14,8,9,56,Team-B,BATCH-002706
2707,20251107,1,1,8,2,460,440,13,8,12,146,Team-A,BATCH-002707
2708,20251107,2,3,18,1,319,317,20,6,41,281,Team-C,BATCH-002708
2709,20251108,4,7,14,1,265,241,9,4,10,196,Team-A,BATCH-002709
2710,20251108,3,6,5,2,161,150,3,3,20,256,Team-B,BATCH-002710
2711,20251108,1,1,13,1,432,411,12,8,10,293,Team-B,BATCH-002711
2712,20251108,3,5,7,3,199,199,5,3,13,272,Team-B,BATCH-002712
2713,20251109,3,5,3,2,255,243,7,4,15,71,Team-C,BATCH-002713
2714,20251109,1,1,10,3,195,193,4,3,13,106,Team-C,BATCH-002714
2715,20251109,3,6,14,2,225,222,7,4,16,80,Team-A,BATCH-002715
2716,20251109,2,3,14,1,250,232,15,4,29,61,Team-A,BATCH-002716
2717,20251110,3,5,9,1,456,403,13,8,15,286,Team-C,BATCH-002717
2718,20251110,4,8,9,2,219,206,4,4,18,32,Team-B,BATCH-002718
2719,20251110,2,3,1,3,111,97,6,1,21,183,Team-B,BATCH-002719
2720,20251110,4,8,16,1,171,146,5,2,10,134,Team-B,BATCH-002720
2721,20251111,3,5,18,2,328,288,10,5,15,128,Team-B,BATCH-002721
2722,20251111,3,6,15,1,488,446,15,8,17,131,Team-B,BATCH-002722
2723,20251111,3,5,5,2,442,378,16,7,12,53,Team-A,BATCH-002723
2724,20251111,1,2,4,1,181,181,5,3,14,97,Team-B,BATCH-002724
2725,20251112,2,4,20,2,421,398,14,7,12,82,Team-C,BATCH-002725
2726,20251112,4,8,10,3,199,189,7,3,16,51,Team-B,BATCH-002726
2727,20251112,4,7,9,3,372,361,8,7,13,78,Team-C,BATCH-002727
2728,20251112,2,3,2,1,197,169,12,3,39,278,Team-B,BATCH-002728
2729,20251113,2,4,13,3,367,323,8,6,18,81,Team-C,BATCH-002729
2730,20251113,3,5,18,1,141,134,3,2,14,62,Team-B,BATCH-002730
2731,20251113,4,8,12,1,133,115,3,2,19,174,Team-C,BATCH-002731
2732,20251113,2,3,17,3,405,351,25,7,32,66,Team-B,BATCH-002732
2733,20251114,4,7,19,1,467,419,13,8,14,283,team-a,BATCH-002733
2734,20251114,4,7,4,1,347,323,12,6,18,59,Team-B,BATCH-002734
2735,20251114,4,8,4,3,180,155,4,3,17,120,Team-A,BATCH-002735
2736,20251114,1,2,14,3,259,228,5,4,12,235,Team-A,BATCH-002736
2737,20251115,2,4,7,3,145,137,4,2,10,263,Team-C,BATCH-002737
2738,20251115,1,2,8,1,417,374,12,7,20,137,Team-A,BATCH-002738
2739,20251115,4,7,11,2,199,171,5,3,9,149,Team-A,BATCH-002739
2740,20251115,1,1,14,2,454,389,15,7,10,180,Team-C,BATCH-002740
2741,20251116,1,2,3,1,218,213,7,4,17,31,Team-B,BATCH-002741
2742,20251116,2,4,5,2,238,238,9,4,18,248,Team-B,BATCH-002742
2743,20251116,4,8,1,1,476,416,13,8,12,178,Team-B,BATCH-002743
2744,20251116,3,5,1,2,241,238,6,4,14,105,Team-C,BATCH-002744
2745,20251117,4,7,9,3,231,227,8,4,14,155,Team-C,BATCH-002745
2746,20251117,1,2,5,1,200,182,4,3,12,38,Team-A,BATCH-002746
2747,20251117,2,4,20,2,133,128,3,2,16,147,Team-B,BATCH-002747
2748,20251117,4,8,13,1,186,171,5,3,16,68,Team-B,BATCH-002748
2749,20251118,2,3,4,2,456,395,29,7,39,146,Team-C,BATCH-002749
2750,20251118,4,7,5,3,181,181,5,3,9,89,Team-B,BATCH-002750
2751,20251118,3,5,13,2,223,223,5,4,13,141,Team-B,BATCH-002751
2752,20251118,1,1,3,3,431,377,16,7,13,198,Team-A,BATCH-002752
2753,20251119,3,5,4,1,234,212,4,4,11,214,Team-A,BATCH-002753
2754,20251119,3,6,17,3,396,396,12,7,20,265,Team-B,BATCH-002754
2755,20251119,2,4,5,3,330,283,12,5,15,204,Team-B,BATCH-002755
2756,20251119,4,7,15,3,159,149,4,2,20,202,Team-C,BATCH-002756
2757,20251120,4,8,17,2,352,326,9,6,16,243,Team-A,BATCH-002757
2758,20251120,1,2,11,1,168,151,3,3,9,125,TEAM-B ,BATCH-002758
2759,20251120,2,3,8,1,400,400,25,8,23,227,Team-C,BATCH-002759
2760,20251120,2,3,7,3,379,379,24,7,25,64,Team-A,BATCH-002760
2761,20251121,4,7,7,3,344,332,7,6,10,281,Team-C,BATCH-002761
2762,20251121,3,5,12,3,101,99,3,1,9,159,Team-B,BATCH-002762
2763,20251121,3,6,5,3,383,339,11,6,15,139,Team-A,BATCH-002763
2764,20251121,4,8,5,3,359,335,8,6,18,89,Team-B,BATCH-002764
2765,20251122,4,7,15,2,386,352,13,7,9,57,Team-B,BATCH-002765
2766,20251122,3,5,2,2,350,348,8,6,20,128,Team-A,BATCH-002766
2767,20251122,3,5,4,3,192,178,6,3,18,296,Team-B,BATCH-002767
2768,20251122,2,3,18,3,422,406,27,8,32,216,Team-C,BATCH-002768
2769,20251123,3,5,7,1,426,398,9,7,18,48,Team-B,BATCH-002769
2770,20251123,2,4,17,1,356,309,7,6,17,150,Team-C,BATCH-002770
2771,20251123,1,1,2,2,327,327,8,6,16,101,Team-B,BATCH-002771
2772,20251123,2,3,12,1,115,104,7,2,38,261,Team-A,BATCH-002772
2773,20251124,4,8,20,1,279,241,10,4,12,124,Team-C,BATCH-002773
2774,20251124,4,8,3,1,389,389,14,7,12,50,Team-A,BATCH-002774
2775,20251124,3,6,3,3,369,368,13,7,17,175,Team-A,BATCH-002775
2776,20251124,3,5,6,1,261,231,7,4,9,30,Team-C,BATCH-002776
2777,20251125,1,2,8,3,497,460,12,9,20,171,Team-B,BATCH-002777
2778,20251125,3,5,15,3,193,193,7,3,12,103,Team-A,BATCH-002778
2779,20251125,1,2,17,1,305,298,7,5,14,144,Team-C,BATCH-002779
2780,20251125,3,5,12,2,213,203,6,4,11,260,Team-B,BATCH-002780
2781,20251126,1,2,7,1,396,376,10,7,20,51,Team-B,BATCH-002781
2782,20251126,1,2,16,2,423,362,14,7,10,261,Team-A,BATCH-002782
2783,20251126,4,8,9,3,133,133,4,2,10,154,Team-C,BATCH-002783
2784,20251126,2,3,3,1,412,406,26,8,20,176,Team-A,BATCH-002784
2785,20251127,4,8,12,3,357,348,8,6,16,249,Team-A,BATCH-002785
2786,20251127,1,1,11,3,336,332,8,6,16,186,Team-C,BATCH-002786
2787,20251127,1,1,9,3,212,194,5,3,10,153,Team-A,BATCH-002787
2788,20251127,4,7,14,2,387,354,10,7,12,53,Team-A,BATCH-002788
2789,20251128,4,8,11,1,110,110,2,2,9,193,Team-A,BATCH-002789
2790,20251128,4,8,7,2,350,340,11,6,18,102,Team-B,BATCH-002790
2791,20251128,1,2,4,3,497,480,19,9,14,188,Team-A,BATCH-002791
2792,20251128,3,5,8,2,256,219,9,4,15,47,Team-B,BATCH-002792
2793,20251129,3,5,16,3,369,356,11,7,12,193,Team-B,BATCH-002793
2794,20251129,4,8,16,2,362,331,13,6,11,242,Team-A,BATCH-002794
2795,20251129,4,8,16,1,160,143,4,2,20,146,Team-B,BATCH-002795
2796,20251129,2,4,10,1,181,181,5,3,17,281,Team-A,BATCH-002796
2797,20251130,1,1,3,3,156,156,4,3,14,123,Team-B,BATCH-002797
2798,20251130,4,8,7,2,178,171,6,3,19,186,Team-A,BATCH-002798
2799,20251130,2,3,13,2,326,310,21,6,23,271,Team-A,BATCH-002799
2800,20251130,2,4,17,3,106,93,3,1,16,106,Team-A,BATCH-002800
2801,20251201,2,3,7,2,171,154,11,3,40,250,Team-A,BATCH-002801
2802,20251201,1,1,1,3,271,238,10,4,12,53,Team-A,BATCH-002802
2803,20251201,1,2,6,1,393,337,10,6,20,282,Team-B,BATCH-002803
2804,20251201,1,1,17,1,486,429,12,8,20,170,Team-A,BATCH-002804
2805,20251202,3,5,14,3,103,97,3,1,13,205,Team-C,BATCH-002805
2806,20251202,3,5,12,2,403,380,9,7,9,187,Team-A,BATCH-002806
2807,20251202,1,2,14,3,128,115,3,2,13,144,Team-C,BATCH-002807
2808,20251202,2,3,15,1,305,268,19,5,33,111,Team-A,BATCH-002808
2809,20251203,3,5,5,2,449,406,14,8,19,221,Team-A,BATCH-002809
2810,20251203,3,6,12,2,295,255,6,5,16,112,Team-B,BATCH-002810
2811,20251203,1,1,10,1,279,249,8,4,10,206,Team-C,BATCH-002811
2812,20251203,2,3,4,2,248,239,16,4,40,155,Team-B,BATCH-002812
2813,20251204,2,3,15,2,143,142,9,2,23,197,Team-C,BATCH-002813
2814,20251204,1,2,5,3,220,193,5,3,18,238,Team-B,BATCH-002814
2815,20251204,2,4,1,3,487,478,16,9,13,172,Team-C,BATCH-002815
2816,20251204,2,3,20,1,156,156,10,3,20,280,Team-C,BATCH-002816
2817,20251205,4,8,17,2,264,227,9,4,16,280,Team-B,BATCH-002817
2818,20251205,2,3,6,3,436,436,28,8,27,237,Team-B,BATCH-002818
2819,20251205,1,1,5,1,260,224,8,4,14,286,Team-C,BATCH-002819
2820,20251205,4,8,3,1,290,290,10,5,17,87,Team-C,BATCH-002820
2821,20251206,1,1,17,1,415,415,14,8,20,257,Team-A,BATCH-002821
2822,20251206,3,5,15,1,323,323,8,6,12,181,Team-C,BATCH-002822
2823,20251206,2,3,9,3,234,227,15,4,23,251,team_A,BATCH-002823
2824,20251206,2,3,14,2,326,326,21,6,27,146,Team-C,BATCH-002824
2825,20251207,3,5,8,1,188,167,6,3,15,264,Team-B,BATCH-002825
2826,20251207,3,6,18,1,338,300,10,6,16,102,Team-B,BATCH-002826
2827,20251207,2,3,18,2,358,358,23,7,41,198,Team-B,BATCH-002827
2828,20251207,4,7,2,3,365,336,12,6,13,247,Team-B,BATCH-002828
2829,20251208,4,8,2,1,376,327,14,6,19,185,Team-C,BATCH-002829
2830,20251208,3,6,15,2,294,259,8,5,18,134,Team-A,BATCH-002830
2831,20251208,1,2,3,1,114,114,3,2,16,67,Team-A,BATCH-002831
2832,20251208,4,7,14,1,143,127,5,2,16,171,Team-B,BATCH-002832
2833,20251209,4,8,15,3,322,294,12,5,13,130,Team-C,BATCH-002833
2834,20251209,2,4,5,3,382,375,8,7,16,46,Team-B,BATCH-002834
2835,20251209,3,5,16,2,100,87,3,1,18,243,Team-C,BATCH-002835
2836,20251209,2,4,1,1,467,415,17,8,19,238,Team-C,BATCH-002836
2837,20251210,4,8,15,3,162,149,5,2,19,65,Team-A,BATCH-002837
2838,20251210,1,2,4,3,368,368,12,7,16,254,Team-A,BATCH-002838
2839,20251210,2,4,1,3,316,309,12,6,12,227,Team-A,BATCH-002839
2840,20251210,3,5,10,1,359,358,9,7,9,83,Team-B,BATCH-002840
2841,20251211,4,7,11,2,192,192,4,3,18,64,Team-B,BATCH-002841
2842,20251211,3,5,14,1,104,104,3,2,19,32,Team-A,BATCH-002842
2843,20251211,3,5,9,3,442,392,11,7,18,68,Team-A,BATCH-002843
2844,20251211,1,1,5,1,415,415,9,8,20,62,Team-B,BATCH-002844
2845,20251212,1,1,16,3,448,423,14,8,17,279,Team-B,BATCH-002845
2846,20251212,3,5,5,3,361,310,10,6,16,287,Team-C,BATCH-002846
2847,20251212,3,6,17,1,409,376,12,7,16,30,Team-A,BATCH-002847
2848,20251212,1,2,15,1,244,233,6,4,19,238,Team-A,BATCH-002848
2849,20251213,1,1,16,3,175,175,6,3,18,188,Team-B,BATCH-002849
2850,20251213,4,8,1,2,100,94,3,1,9,218,Team-A,BATCH-002850
2851,20251213,1,1,18,1,489,467,15,9,14,192,Team-A,BATCH-002851
2852,20251213,3,6,20,1,193,190,5,3,14,91,Team-A,BATCH-002852
2853,20251214,3,6,19,2,484,429,14,8,9,163,Team-A,BATCH-002853
2854,20251214,1,1,5,3,256,256,7,5,10,191,Team-B,BATCH-002854
2855,20251214,4,7,17,3,303,280,10,5,16,194,Team-C,BATCH-002855
2856,20251214,4,8,2,2,353,325,12,6,9,116,Team-C,BATCH-002856
2857,20251215,3,5,1,1,279,255,7,5,12,223,Team-B,BATCH-002857
2858,20251215,3,6,19,3,479,446,16,8,13,131,Team-A,BATCH-002858
2859,20251215,1,2,6,1,350,350,12,7,14,196,Team-B,BATCH-002859
2860,20251215,1,2,4,2,488,474,10,9,12,110,Team-B,BATCH-002860
2861,20251216,4,7,20,2,336,301,7,6,16,163,Team-B,BATCH-002861
2862,20251216,2,4,5,1,356,344,8,6,17,233,Team-A,BATCH-002862
2863,20251216,3,5,14,1,199,186,7,3,20,174,Team-B,BATCH-002863
2864,20251216,3,6,15,3,398,373,9,7,16,260,Team-A,BATCH-002864
2865,20251217,3,5,3,1,275,266,8,5,13,114,Team-A,BATCH-002865
2866,20251217,2,4,18,3,204,194,7,3,14,284,Team-C,BATCH-002866
2867,20251217,3,6,11,2,495,455,12,9,18,258,Team-C,BATCH-002867
2868,20251217,1,1,17,3,228,228,7,4,18,66,Team-B,BATCH-002868
2869,20251218,4,7,13,1,163,163,3,3,18,48,Team-B,BATCH-002869
2870,20251218,2,4,3,3,188,166,4,3,13,90,Team-C,BATCH-002870
2871,20251218,3,5,6,3,300,284,7,5,16,284,Team-B,BATCH-002871
2872,20251218,1,2,20,1,465,397,15,7,20,143,TEAM-B ,BATCH-002872
2873,20251219,2,4,9,1,304,298,8,5,16,135,Team-B,BATCH-002873
2874,20251219,2,4,14,1,148,145,4,2,20,260,Team-C,BATCH-002874
2875,20251219,3,5,19,2,383,373,12,7,10,245,Team-A,BATCH-002875
2876,20251219,3,5,13,2,205,205,6,4,11,297,Team-C,BATCH-002876
2877,20251220,3,6,7,3,113,102,3,2,20,222,Team-C,BATCH-002877
2878,20251220,1,1,17,3,450,450,16,9,12,57,Team-C,BATCH-002878
2879,20251220,4,8,12,2,216,200,7,4,18,214,Team-C,BATCH-002879
2880,20251220,2,3,19,3,327,327,21,6,29,168,Team-C,BATCH-002880
2881,20251221,1,1,5,3,252,215,8,4,18,286,Team-C,BATCH-002881
2882,20251221,3,5,15,1,234,225,8,4,17,235,Team-B,BATCH-002882
2883,20251221,1,1,6,1,324,280,12,5,16,290,Team-C,BATCH-002883
2884,20251221,1,1,17,2,370,357,10,7,17,48,Team-C,BATCH-002884
2885,20251222,4,8,12,2,335,335,8,6,9,280,Team-B,BATCH-002885
2886,20251222,4,7,7,2,256,256,6,5,14,74,Team-B,BATCH-002886
2887,20251222,2,4,17,3,138,122,3,2,20,178,Team-C,BATCH-002887
2888,20251222,3,5,20,3,481,438,18,8,15,287,Team-A,BATCH-002888
2889,20251223,3,6,12,3,120,120,3,2,13,145,Team-C,BATCH-002889
2890,20251223,4,7,10,1,353,312,9,6,12,254,Team-B,BATCH-002890
2891,20251223,1,2,7,3,147,133,4,2,19,39,Team-A,BATCH-002891
2892,20251223,4,7,19,1,413,355,11,7,18,92,Team-C,BATCH-002892
2893,20251224,3,5,11,3,123,109,4,2,13,233,Team-B,BATCH-002893
2894,20251224,3,6,18,1,357,357,9,7,18,139,Team-B,BATCH-002894
2895,20251224,1,1,5,3,236,209,7,4,11,160,Team-A,BATCH-002895
2896,20251224,3,6,14,1,385,354,10,7,12,255,Team-B,BATCH-002896
2897,20251225,2,3,10,3,395,360,26,7,21,168,Team-C,BATCH-002897
2898,20251225,3,5,7,3,156,149,3,2,12,234,Team-C,BATCH-002898
2899,20251225,1,1,1,1,379,376,10,7,15,164,Team-B,BATCH-002899
2900,20251225,3,5,2,3,300,286,8,5,11,56,Team-C,BATCH-002900
2901,20251226,1,2,5,1,323,308,10,6,18,174,Team-B,BATCH-002901
2902,20251226,1,1,10,2,227,227,4,4,11,55,Team-C,BATCH-002902
2903,20251226,2,3,1,3,120,120,8,2,24,234,Team-B,BATCH-002903
2904,20251226,4,8,9,1,251,227,6,4,11,278,Team-A,BATCH-002904
2905,20251227,3,5,16,1,257,249,9,4,9,53,Team-B,BATCH-002905
2906,20251227,2,4,9,2,374,374,10,7,14,220,Team-A,BATCH-002906
2907,20251227,4,8,5,1,151,151,5,3,20,109,Team-C,BATCH-002907
2908,20251227,2,3,5,1,215,214,14,4,19,54,Team-C,BATCH-002908
2909,20251228,2,3,12,2,375,358,25,7,20,76,Team-C,BATCH-002909
2910,20251228,3,6,7,2,296,288,7,5,19,30,Team-A,BATCH-002910
2911,20251228,2,4,18,1,157,157,5,3,10,81,Team-C,BATCH-002911
2912,20251228,2,3,13,1,422,394,28,7,25,118,Team-A,BATCH-002912
2913,20251229,4,7,5,3,303,275,6,5,14,92,Team-C,BATCH-002913
2914,20251229,4,8,13,3,129,123,4,2,16,237,Team-A,BATCH-002914
2915,20251229,4,7,18,1,192,186,5,3,20,75,Team-A,BATCH-002915
2916,20251229,1,1,14,1,300,300,9,6,18,102,Team-C,BATCH-002916
2917,20251230,2,3,1,2,483,465,32,9,37,95,Team-B,BATCH-002917
2918,20251230,2,3,20,3,377,377,25,7,34,48,Team-C,BATCH-002918
2919,20251230,4,7,18,1,360,332,13,6,12,284,Team-B,BATCH-002919
2920,20251230,4,8,11,3,420,410,16,8,14,162,Team-A,BATCH-002920
2921,20251231,1,1,7,3,162,151,4,3,18,239,Team-C,BATCH-002921
2922,20251231,2,3,1,3,135,129,9,2,32,273,Team-C,BATCH-002922
2923,20251231,1,1,6,3,306,306,8,6,15,265,Team-A,BATCH-002923
2924,20251231,3,6,8,1,305,295,7,5,13,243,Team-A,BATCH-002924
2925,20260101,3,6,3,2,285,249,9,4,20,206,Team-B,BATCH-002925
2926,20260101,4,7,14,2,181,175,5,3,15,294,Team-B,BATCH-002926
2927,20260101,1,1,17,2,442,417,14,8,16,180,Team-A,BATCH-002927
2928,20260101,3,5,1,1,141,133,5,2,19,121,Team-C,BATCH-002928
2929,20260102,4,7,4,2,310,310,11,6,14,253,Team-C,BATCH-002929
2930,20260102,1,1,5,2,269,260,6,5,17,155,Team-C,BATCH-002930
2931,20260102,1,1,5,2,147,139,3,2,13,242,Team-A,BATCH-002931
2932,20260102,2,4,3,1,169,153,4,3,18,88,Team-C,BATCH-002932
2933,20260103,1,1,14,1,438,430,15,8,20,143,Team-B,BATCH-002933
2934,20260103,2,3,12,2,334,294,22,5,41,225,Team-C,BATCH-002934
2935,20260103,1,2,19,2,383,334,12,6,9,38,Team-A,BATCH-002935
2936,20260103,2,4,6,3,121,114,3,2,12,294,Team-B,BATCH-002936
2937,20260104,3,6,8,1,212,193,8,3,19,62,Team-A,BATCH-002937
2938,20260104,3,5,1,1,279,268,6,5,12,90,team_B,BATCH-002938
2939,20260104,3,5,20,2,314,314,11,6,13,116,Team-B,BATCH-002939
271,20240308,3,6,9,1,346,338,9,6,17,172,Team-C,BATCH-000271
2940,20260104,3,5,8,3,282,271,6,5,10,172,Team-C,BATCH-002940
2941,20260105,4,8,6,1,267,261,10,5,12,266,Team-A,BATCH-002941
2942,20260105,4,7,9,3,468,443,16,8,17,166,Team-A,BATCH-002942
2943,20260105,1,2,7,1,137,134,4,2,20,275,Team-C,BATCH-002943
2944,20260105,3,6,6,1,337,332,8,6,19,34,Team-A,BATCH-002944
2945,20260106,1,1,4,2,413,366,14,7,12,45,Team-A,BATCH-002945
2946,20260106,3,5,9,3,255,253,9,5,13,247,Team B,BATCH-002946
2947,20260106,2,3,17,3,387,366,26,7,39,187,Team-B,BATCH-002947
2948,20260106,4,7,15,3,266,232,7,4,12,116,Team-A,BATCH-002948
2949,20260107,3,5,14,1,377,369,12,7,18,59,Team-C,BATCH-002949
2950,20260107,2,4,13,3,335,335,10,6,20,147,Team-C,BATCH-002950
2951,20260107,2,3,16,2,298,280,20,5,38,273,Team-A,BATCH-002951
2952,20260107,4,7,12,1,118,110,4,2,15,150,Team-B,BATCH-002952
2953,20260108,3,6,3,2,360,337,11,6,14,157,Team-B,BATCH-002953
2954,20260108,4,8,3,1,136,136,5,2,14,234,Team-C,BATCH-002954
2955,20260108,4,8,19,3,130,116,3,2,20,96,team-c,BATCH-002955
2956,20260108,3,6,13,2,311,291,8,5,12,149,Team-B,BATCH-002956
2957,20260109,3,6,11,2,439,416,16,8,20,170,Team-C,BATCH-002957
2958,20260109,3,5,1,2,315,312,11,6,16,73,Team-B,BATCH-002958
2959,20260109,1,1,8,1,482,482,15,9,18,87,Team-B,BATCH-002959
2960,20260109,4,8,2,3,469,401,16,8,15,247,team_C,BATCH-002960
2961,20260110,2,4,15,3,443,399,16,7,10,220,Team-C,BATCH-002961
2962,20260110,4,7,5,1,316,272,8,5,11,197,Team-A,BATCH-002962
2963,20260110,4,7,20,3,426,426,15,8,9,135,Team-A,BATCH-002963
2964,20260110,4,7,3,3,304,289,9,5,13,290,Team-B,BATCH-002964
2965,20260111,3,5,10,1,488,488,18,9,19,83,Team-C,BATCH-002965
2966,20260111,3,6,19,2,404,354,10,7,14,241,Team-C,BATCH-002966
2967,20260111,3,6,3,2,440,394,15,7,18,210,Team-C,BATCH-002967
2968,20260111,3,6,3,1,465,401,13,8,15,240,Team-A,BATCH-002968
2969,20260112,1,2,17,1,203,203,5,4,18,196,Team-C,BATCH-002969
2970,20260112,2,4,8,3,337,322,11,6,20,200,Team-C,BATCH-002970
2971,20260112,2,4,16,1,115,99,4,1,13,140,Team-A,BATCH-002971
2972,20260112,2,4,1,1,366,353,10,7,16,77,Team-B,BATCH-002972
2973,20260113,2,4,4,1,163,156,4,3,19,243,Team-C,BATCH-002973
2974,20260113,4,7,17,3,301,262,7,5,13,51,Team-C,BATCH-002974
2975,20260113,4,8,10,2,117,101,3,2,12,96,Team-C,BATCH-002975
2976,20260113,3,5,4,1,224,215,4,4,11,202,Team-C,BATCH-002976
2977,20260114,2,3,13,1,457,448,31,8,32,290,Team-A,BATCH-002977
2978,20260114,1,2,3,3,227,227,5,4,10,260,Team-C,BATCH-002978
2979,20260114,2,4,17,1,178,173,3,3,17,217,Team-A,BATCH-002979
2980,20260114,2,3,9,2,168,160,11,3,18,61,Team-C,BATCH-002980
2981,20260115,2,3,20,2,136,116,9,2,29,183,Team-B,BATCH-002981
2982,20260115,1,1,4,2,383,345,11,6,20,161,Team-B,BATCH-002982
2983,20260115,2,4,6,2,331,310,10,6,12,112,Team-B,BATCH-002983
2984,20260115,1,1,12,2,170,167,4,3,16,249,Team-C,BATCH-002984
2985,20260116,2,4,11,2,115,113,3,2,19,90,Team-A,BATCH-002985
2986,20260116,4,8,3,3,280,249,6,4,20,194,Team-A,BATCH-002986
2987,20260116,3,5,8,1,353,333,7,6,15,162,Team-A,BATCH-002987
2988,20260116,4,8,1,1,452,432,14,8,9,230,Team-B,BATCH-002988
2989,20260117,3,6,16,1,177,176,4,3,9,210,Team-B,BATCH-002989
2990,20260117,3,5,9,3,307,268,7,5,18,108, Team-C,BATCH-002990
2991,20260117,3,6,16,2,204,187,6,3,10,179,Team-B,BATCH-002991
2992,20260117,4,7,1,3,173,155,5,3,10,287,Team-B,BATCH-002992
2993,20260118,1,1,15,1,495,474,11,9,18,117,Team-B,BATCH-002993
2994,20260118,2,3,17,2,304,295,21,5,33,157,Team-B,BATCH-002994
2995,20260118,1,2,9,1,224,224,7,4,17,49,Team-C,BATCH-002995
2996,20260118,1,1,14,2,398,376,9,7,10,101,Team-B,BATCH-002996
2997,20260119,2,3,10,3,368,367,25,7,23,61,Team-C,BATCH-002997
2998,20260119,4,7,2,2,136,133,3,2,20,157,Team-C,BATCH-002998
2999,20260119,4,7,6,3,240,240,8,4,12,71,Team-C,BATCH-002999
3000,20260119,2,3,6,2,236,236,16,4,40,148,Team-C,BATCH-003000
3001,20260120,2,4,4,1,258,245,7,4,12,278,Team-B,BATCH-003001
3002,20260120,1,2,10,2,280,260,7,5,15,76,Team-B,BATCH-003002
3003,20260120,4,7,13,2,475,434,18,8,19,214,Team-B,BATCH-003003
3004,20260120,1,2,11,2,100,91,2,1,11,154,Team-C,BATCH-003004
3005,20260121,4,7,9,1,298,281,7,5,11,154,Team-B,BATCH-003005
3006,20260121,3,5,19,2,414,357,14,7,10,163,Team-A,BATCH-003006
3007,20260121,1,1,12,2,248,248,7,4,9,220,Team-B,BATCH-003007
3008,20260121,1,2,4,1,364,360,9,7,18,33,Team-B,BATCH-003008
3009,20260122,1,1,6,1,406,406,11,8,9,256,Team-C,BATCH-003009
3010,20260122,2,3,17,1,476,418,33,8,34,34,Team-B,BATCH-003010
3011,20260122,4,8,20,1,440,440,15,8,18,207,Team-B,BATCH-003011
3012,20260122,4,8,14,3,455,455,12,9,16,159,Team-A,BATCH-003012
3013,20260123,1,1,13,1,236,228,7,4,20,108,Team-C,BATCH-003013
630,20240606,4,7,3,3,148,136,5,2,18,147,Team-C,BATCH-000630
3014,20260123,1,1,16,3,434,387,10,7,16,156,Team-C,BATCH-003014
3015,20260123,4,8,9,1,468,400,15,8,10,175,Team-A,BATCH-003015
3016,20260123,1,1,3,2,268,267,5,5,18,114,Team-C,BATCH-003016
3017,20260124,3,5,8,3,184,181,4,3,19,74,Team-A,BATCH-003017
3018,20260124,1,1,19,2,164,141,6,2,11,197,Team-B,BATCH-003018
3019,20260124,3,5,10,3,463,406,11,8,15,294,Team-B,BATCH-003019
3020,20260124,1,1,18,1,498,431,15,8,19,120,Team-C,BATCH-003020
3021,20260125,2,4,14,2,472,466,11,9,19,190,Team-A,BATCH-003021
3022,20260125,2,4,6,1,130,130,4,2,20,105,Team-C,BATCH-003022
3023,20260125,4,7,9,2,153,153,4,3,9,287,Team-A,BATCH-003023
3024,20260125,1,2,15,2,343,299,8,5,15,130,Team-B,BATCH-003024
3025,20260126,2,3,11,3,148,147,10,2,21,106,Team-C,BATCH-003025
3026,20260126,4,7,16,1,256,252,5,5,16,53,Team-A,BATCH-003026
3027,20260126,2,4,13,2,230,209,-7,4,12,139,Team-A,BATCH-003027
3028,20260126,2,3,8,3,343,314,24,6,33,84,Team-C,BATCH-003028
3029,20260127,3,5,13,1,303,290,11,5,11,241,Team-A,BATCH-003029
3030,20260127,3,6,18,3,205,193,4,3,10,298,Team A,BATCH-003030
3031,20260127,1,1,15,2,258,258,8,5,14,275,Team-A,BATCH-003031
3032,20260127,4,7,10,1,399,377,13,7,20,210,Team-C,BATCH-003032
3033,20260128,2,3,20,3,317,317,22,6,34,134,Team-C,BATCH-003033
3034,20260128,3,6,8,3,128,128,4,2,12,280,Team-B,BATCH-003034
3035,20260128,3,5,18,1,238,238,6,4,14,76,Team-A,BATCH-003035
3036,20260128,1,1,3,1,142,141,4,2,10,229,Team-B,BATCH-003036
3037,20260129,1,1,1,1,483,461,12,9,13,193,Team-B,BATCH-003037
3038,20260129,3,6,17,3,152,138,5,2,17,143,Team-A,BATCH-003038
3039,20260129,2,4,14,3,410,370,9,7,16,85,Team-B,BATCH-003039
3040,20260129,3,6,4,1,488,448,13,8,10,50,Team-A,BATCH-003040
3041,20260130,1,2,15,2,463,411,15,8,16,56,Team-A,BATCH-003041
3042,20260130,2,3,12,1,325,325,23,6,31,133,Team-B,BATCH-003042
3043,20260130,1,1,5,3,225,200,5,4,20,82,Team-A,BATCH-003043
3044,20260130,2,4,7,3,168,144,4,2,10,145,Team-B,BATCH-003044
3045,20260131,2,3,10,2,159,150,11,3,29,40,Team-C,BATCH-003045
3046,20260131,3,6,1,1,402,382,14,7,9,39,Team-A,BATCH-003046
3047,20260131,1,2,4,3,242,234,8,4,15,46,Team-A,BATCH-003047
3048,20260131,3,6,16,3,433,417,16,8,10,203,Team-C,BATCH-003048
3049,20260201,1,1,12,3,343,343,10,6,20,272,Team-C,BATCH-003049
3050,20260201,2,4,16,2,123,111,2,2,12,288,Team-C,BATCH-003050
3051,20260201,1,2,18,3,143,135,3,2,16,94,Team-C,BATCH-003051
3052,20260201,4,8,7,3,252,241,8,4,10,286,Team-B,BATCH-003052
3053,20260202,2,4,20,1,263,252,7,5,12,50,Team-B,BATCH-003053
3054,20260202,1,1,7,3,207,207,6,4,10,274,Team-B,BATCH-003054
3055,20260202,4,7,11,3,290,276,6,5,13,111,Team-C,BATCH-003055
3056,20260202,1,1,15,1,238,212,7,4,13,266,Team-A,BATCH-003056
3057,20260203,2,3,6,2,222,196,15,3,24,32,Team-B,BATCH-003057
3058,20260203,4,8,13,3,169,165,3,3,15,170,Team-A,BATCH-003058
3059,20260203,3,6,4,1,474,429,12,8,13,35,Team-C,BATCH-003059
3060,20260203,1,1,2,3,196,196,5,3,20,256,Team-C,BATCH-003060
3061,20260204,3,6,15,1,415,405,16,8,10,126,Team-B,BATCH-003061
3062,20260204,2,3,16,1,237,237,16,4,41,197,Team-B,BATCH-003062
3063,20260204,2,4,10,3,449,429,10,8,17,133,Team-B,BATCH-003063
3064,20260204,2,4,14,1,269,269,7,5,9,161,Team-C,BATCH-003064
3065,20260205,1,2,11,1,350,350,11,7,17,189,Team-B,BATCH-003065
3066,20260205,3,5,3,3,230,217,8,4,17,167,Team-C,BATCH-003066
3067,20260205,3,5,7,1,331,289,10,5,11,197,Team-B,BATCH-003067
3068,20260205,2,4,7,3,109,99,3,1,16,270,Team-B,BATCH-003068
3069,20260206,1,1,16,1,471,471,16,9,19,232,Team-C,BATCH-003069
3070,20260206,2,3,18,1,493,464,35,9,24,88,Team-B,BATCH-003070
3071,20260206,4,7,2,3,161,149,5,2,17,219,Team-B,BATCH-003071
3072,20260206,3,6,4,3,379,338,9,6,9,213,Team-A,BATCH-003072
3073,20260207,1,1,12,3,363,341,13,6,14,95,Team-A,BATCH-003073
3074,20260207,2,3,12,3,282,257,20,5,37,208,Team-A,BATCH-003074
3075,20260207,1,1,3,1,199,197,4,3,17,97,Team-A,BATCH-003075
3076,20260207,3,6,4,1,119,119,3,2,12,258,Team-A,BATCH-003076
3077,20260208,2,3,4,2,287,286,20,5,36,215,Team-A,BATCH-003077
3078,20260208,2,4,17,1,201,185,4,3,14,98,Team-A,BATCH-003078
3079,20260208,4,8,18,3,116,113,3,2,15,166,Team-C,BATCH-003079
3080,20260208,1,2,16,2,311,307,12,6,20,79,Team-C,BATCH-003080
3081,20260209,4,7,6,2,119,113,3,2,15,147,Team-B,BATCH-003081
3082,20260209,2,3,8,2,492,492,35,9,27,280,Team-A,BATCH-003082
3083,20260209,3,5,2,2,455,394,12,7,16,247,Team-A,BATCH-003083
3084,20260209,3,6,16,2,220,204,5,4,13,65,Team-A,BATCH-003084
3085,20260210,3,5,11,3,280,275,7,5,12,125,Team-C,BATCH-003085
3086,20260210,1,2,3,1,350,316,13,6,13,197,Team-A,BATCH-003086
3087,20260210,1,2,15,2,400,375,13,7,16,42,Team-B,BATCH-003087
3088,20260210,3,6,1,3,402,384,10,7,17,283,Team-C,BATCH-003088
3089,20260211,2,4,14,2,103,89,2,1,11,134,Team-B,BATCH-003089
3090,20260211,1,2,3,2,185,163,6,3,14,59,Team-A,BATCH-003090
3091,20260211,3,6,19,3,150,141,4,2,17,130,Team-A,BATCH-003091
3092,20260211,3,5,3,3,193,193,6,3,18,254,Team-C,BATCH-003092
3093,20260212,3,6,9,2,433,422,12,8,15,36,Team-A,BATCH-003093
3094,20260212,3,5,13,2,346,346,7,6,18,70,Team-A,BATCH-003094
3095,20260212,4,7,15,1,152,142,3,2,20,147,Team-A,BATCH-003095
3096,20260212,2,3,18,3,320,293,23,5,37,152,Team-C,BATCH-003096
3097,20260213,4,7,19,1,387,387,8,7,13,62,Team-C,BATCH-003097
3098,20260213,4,7,15,1,276,242,9,4,15,250,Team-B,BATCH-003098
3099,20260213,3,6,11,3,230,227,8,4,20,154, Team-B,BATCH-003099
3100,20260213,4,7,16,2,231,199,8,3,20,42,Team A,BATCH-003100
3101,20260214,1,2,10,1,150,129,3,2,14,236,Team-A,BATCH-003101
3102,20260214,4,7,1,2,482,482,14,9,17,151,Team-A,BATCH-003102
3103,20240600,2,3,20,2,336,336,24,6,24,92,Team-A,BATCH-003103
3104,20260214,1,1,3,1,322,320,7,6,16,34,Team-B,BATCH-003104
3105,20260215,2,3,14,3,141,125,10,2,25,81,Team-B,BATCH-003105
3106,20260215,1,2,19,3,286,263,6,5,10,221,Team-A,BATCH-003106
3107,20260215,4,7,15,3,390,357,14,7,13,75,Team-A,BATCH-003107
3108,20260215,2,3,3,3,364,364,26,7,27,77,Team-C,BATCH-003108
3109,20260216,2,3,7,3,130,130,9,2,26,218,Team-A,BATCH-003109
3110,20260216,2,4,17,2,295,270,9,5,11,146,Team-A,BATCH-003110
3111,20260216,1,1,4,2,278,250,6,5,12,219,Team-B,BATCH-003111
3112,20260216,3,6,14,2,457,420,16,8,11,59,Team-A,BATCH-003112
3113,20260217,4,7,5,1,201,198,5,3,13,90,Team-C,BATCH-003113
3114,20260217,3,5,16,1,399,398,10,7,19,122,TEAM-A ,BATCH-003114
3115,20260217,1,1,19,1,290,277,6,5,10,216,Team-C,BATCH-003115
3116,20260217,3,5,8,1,149,149,4,2,20,224,Team-B,BATCH-003116
3117,20260218,3,5,17,1,299,289,7,5,12,262,Team-B,BATCH-003117
3118,20260218,1,1,5,2,241,223,6,4,15,203,Team-C,BATCH-003118
3119,20260218,4,7,19,1,218,214,5,4,18,166,Team-C,BATCH-003119
3120,20260218,1,1,8,3,264,255,9,5,15,232,Team-C,BATCH-003120
3121,20260219,4,7,13,3,111,111,2,2,15,234,Team-B,BATCH-003121
3122,20260219,1,1,20,3,118,108,3,2,13,139,Team-B,BATCH-003122
3123,20260219,4,7,3,3,443,403,11,8,12,137,Team-A,BATCH-003123
3124,20260219,2,3,2,2,316,294,23,5,22,270,Team-B,BATCH-003124
3125,20260220,2,3,15,2,378,336,27,6,23,116,Team-C,BATCH-003125
3126,20260220,3,5,17,3,494,435,13,8,14,229,Team-C,BATCH-003126
3127,20260220,3,6,8,3,194,166,5,3,11,52,Team-B,BATCH-003127
3128,20260220,3,6,1,1,162,150,5,3,19,218,Team-C,BATCH-003128
3129,20260221,1,2,8,1,120,120,3,2,14,223,Team-C,BATCH-003129
3130,20260221,2,3,17,2,451,435,33,8,41,220,Team-C,BATCH-003130
3131,20260221,3,5,4,1,450,450,12,9,10,184,Team-A,BATCH-003131
3132,20260221,4,8,13,3,274,244,10,4,11,268,team_A,BATCH-003132
3133,20260222,4,8,1,2,345,296,11,5,13,159,Team-A,BATCH-003133
3134,20260222,3,6,2,3,388,388,8,7,10,132,Team-A,BATCH-003134
3135,20260222,1,2,7,2,298,294,9,5,14,195,Team-A,BATCH-003135
3136,20260222,2,4,17,1,458,394,12,7,9,38,Team-A,BATCH-003136
3137,20260223,4,7,17,3,333,311,12,6,13,83,team-a,BATCH-003137
3138,20260223,3,6,13,2,164,159,4,3,11,258,Team-C,BATCH-003138
3139,20260223,3,6,4,2,119,106,3,2,20,133,Team-B,BATCH-003139
3140,20260223,3,5,10,1,114,98,4,1,14,224,Team-B,BATCH-003140
3141,20260224,4,7,13,3,363,355,12,7,11,93,Team-A,BATCH-003141
3142,20260224,3,6,15,1,192,181,7,3,9,128,Team-A,BATCH-003142
3143,20260224,2,4,9,2,170,169,3,3,16,159,Team-A,BATCH-003143
3144,20260224,1,2,7,3,427,400,13,8,17,157,Team-B,BATCH-003144
3145,20260225,4,8,3,1,469,423,16,8,11,78,Team-B,BATCH-003145
3146,20260225,4,8,16,1,489,467,13,9,20,37,Team-A,BATCH-003146
3147,20260225,4,7,19,1,472,408,13,8,16,294,Team-C,BATCH-003147
3148,20260225,4,8,9,2,485,432,17,8,20,143,Team-C,BATCH-003148
3149,20260226,2,3,15,3,301,301,22,6,37,147,Team-A,BATCH-003149
3150,20260226,3,5,3,1,439,439,10,8,15,190,Team-C,BATCH-003150
3151,20260226,4,7,11,1,212,207,7,4,17,264,Team-C,BATCH-003151
3152,20260226,2,4,10,2,375,356,14,7,20,81,TEAM-A ,BATCH-003152
3153,20260227,4,7,3,3,194,166,7,3,10,123,Team-B,BATCH-003153
3154,20260227,2,3,9,3,442,411,32,8,41,106,Team-B,BATCH-003154
3155,20260227,3,6,10,3,281,281,5,5,18,154,Team-A,BATCH-003155
3156,20260227,3,5,1,1,392,354,14,7,11,171,team-b,BATCH-003156
3157,20260228,4,7,3,2,202,201,5,4,18,297,Team-B,BATCH-003157
3158,20260228,3,6,14,3,365,344,9,6,20,268,Team-A,BATCH-003158
3159,20260228,3,6,4,1,438,390,15,7,9,87,Team-C,BATCH-003159
3160,20260228,4,7,8,3,136,116,3,2,15,183,Team-B,BATCH-003160
3161,20260301,4,8,14,3,230,208,5,4,15,268,Team-B,BATCH-003161
3162,20260301,1,2,14,1,220,207,8,4,11,40,Team-C,BATCH-003162
3163,20260301,3,5,19,2,221,221,6,4,16,178,Team-A,BATCH-003163
3164,20260301,2,4,1,1,326,284,10,5,20,39,Team-C,BATCH-003164
3165,20260302,1,2,5,1,396,396,14,7,9,56,Team-A,BATCH-003165
3166,20260302,1,2,8,3,148,138,5,2,19,246,Team-B,BATCH-003166
3167,20260302,2,4,11,3,339,339,10,6,19,269,Team-C,BATCH-003167
3168,20260302,1,2,9,3,450,388,17,7,17,161,Team-A,BATCH-003168
3169,20260303,4,8,17,2,428,425,11,8,18,98,Team-B,BATCH-003169
3170,20260303,3,5,2,3,333,333,7,6,18,104,Team-B,BATCH-003170
3171,20260303,4,8,8,3,461,461,17,9,16,85,Team-C,BATCH-003171
3172,20260303,4,7,10,1,440,440,11,8,15,256,Team-B,BATCH-003172
3173,20260304,2,4,5,1,387,387,10,7,14,120,Team-B,BATCH-003173
3174,20260304,2,3,4,3,381,340,28,6,27,97,Team-B,BATCH-003174
3175,20260304,3,5,13,2,406,396,15,7,14,235,Team-C,BATCH-003175
3176,20260304,4,8,4,2,157,155,4,3,15,55,Team-B,BATCH-003176
3177,20260305,4,8,2,3,141,122,4,2,20,30,Team-B,BATCH-003177
3178,20260305,3,6,12,3,132,113,3,2,17,295,Team-C,BATCH-003178
3179,20260305,1,1,13,3,261,224,7,4,10,243,Team-C,BATCH-003179
3180,20260305,3,5,19,3,387,331,11,6,19,120,Team-B,BATCH-003180
3181,20260306,4,8,7,2,436,401,13,8,13,235,Team-C,BATCH-003181
3182,20260306,2,4,20,2,210,181,7,3,16,170,Team-C,BATCH-003182
3183,20260306,3,5,6,1,432,412,9,8,11,78,Team-A,BATCH-003183
3184,20260306,4,8,6,1,353,327,9,6,13,144,Team-B,BATCH-003184
3185,20260307,2,3,12,2,108,95,8,1,27,127,Team-A,BATCH-003185
22,20240106,3,6,13,2,490,490,14,9,16,171,Team-C,BATCH-000022
3186,20260307,4,7,18,3,445,430,11,8,20,289,Team-C,BATCH-003186
3187,20260307,3,6,17,1,235,229,6,4,16,47,Team-A,BATCH-003187
3188,20260307,3,5,6,3,312,289,9,5,19,149,Team-C,BATCH-003188
3189,20260308,3,5,19,3,331,317,8,6,19,103,Team-B,BATCH-003189
3190,20260308,1,1,7,3,337,332,11,6,9,227,Team-C,BATCH-003190
3191,20260308,2,3,19,1,330,330,24,6,27,238,Team-A,BATCH-003191
3192,20260308,1,2,10,1,432,396,16,7,10,147,Team-A,BATCH-003192
3193,20260309,3,5,15,2,172,157,3,3,17,275,Team-A,BATCH-003193
3194,20260309,2,3,10,2,414,398,30,7,18,272,Team-A,BATCH-003194
3195,20260309,4,7,1,2,442,442,16,8,10,181,Team-C,BATCH-003195
3196,20260309,4,7,9,2,106,106,4,2,13,118,Team-A,BATCH-003196
3197,20260310,2,4,11,3,428,428,13,8,12,46,Team-A,BATCH-003197
3198,20260310,3,5,19,3,210,210,7,4,17,151,Team-B,BATCH-003198
3199,20260310,3,6,7,1,222,208,5,4,9,36,Team-C,BATCH-003199
3200,20260310,2,3,19,2,142,142,10,2,21,190,Team-C,BATCH-003200
3201,20260311,4,8,6,3,299,263,6,5,11,63,Team-B,BATCH-003201
3202,20260311,2,3,14,2,267,243,20,4,37,166,Team-A,BATCH-003202
3203,20260311,3,6,13,1,148,143,5,2,13,55,Team-B,BATCH-003203
3204,20260311,1,2,10,3,362,326,13,6,17,53,Team-B,BATCH-003204
3205,20260312,4,7,20,3,440,413,13,8,17,203,Team-C,BATCH-003205
3206,20260312,4,7,10,2,169,165,3,3,15,44,Team-B,BATCH-003206
3207,20260312,2,3,15,3,436,402,32,8,38,149,Team-B,BATCH-003207
3208,20260312,2,3,12,2,413,413,31,8,31,253,Team-A,BATCH-003208
3209,20260313,4,8,17,1,166,144,4,2,17,203,Team-C,BATCH-003209
3210,20260313,3,5,18,3,253,220,5,4,18,284,Team-C,BATCH-003210
3211,20260313,4,8,2,1,452,415,14,8,18,293,Team-C,BATCH-003211
3212,20260313,2,3,15,2,188,168,14,3,18,57,Team-A,BATCH-003212
3213,20260314,2,4,19,3,378,374,10,7,17,53,Team-C,BATCH-003213
3214,20260314,4,8,7,3,102,96,2,1,17,169,Team-A,BATCH-003214
3215,20260314,4,7,14,3,437,437,13,8,20,171,Team-C,BATCH-003215
3216,20260314,4,8,15,3,174,173,4,3,19,293,Team-C,BATCH-003216
3217,20260315,2,4,10,3,495,495,18,9,18,245,Team-C,BATCH-003217
3218,20260315,1,2,10,2,179,162,3,3,13,81,Team-B,BATCH-003218
3219,20260315,2,4,12,2,120,120,3,2,12,76,Team-B,BATCH-003219
3220,20260315,1,1,12,3,488,421,12,8,15,196,Team-C,BATCH-003220
3221,20260316,3,6,8,1,483,483,12,9,18,124, Team-A,BATCH-003221
3222,20260316,4,8,5,3,176,162,4,3,14,220,Team-A,BATCH-003222
3223,20260316,2,3,2,2,185,185,13,3,33,73,Team-A,BATCH-003223
3224,20260316,3,6,18,2,208,191,4,3,14,292,Team-B,BATCH-003224
3225,20260317,4,7,6,1,118,116,3,2,19,104,Team-B,BATCH-003225
3226,20260317,3,5,13,3,296,258,8,5,12,142,Team-A,BATCH-003226
3227,20260317,2,4,16,1,372,337,8,6,16,299,Team-B,BATCH-003227
3228,20260317,1,1,6,3,218,218,5,4,18,54,team_A,BATCH-003228
3229,20260318,1,2,14,2,189,171,6,3,18,187,Team-B,BATCH-003229
3230,20260318,2,4,4,2,410,410,11,8,10,201,Team-B,BATCH-003230
3231,20260318,2,4,14,2,331,291,7,5,19,295,Team-A,BATCH-003231
3232,20260318,2,3,14,1,394,392,29,7,26,118,Team-C,BATCH-003232
3233,20260319,2,3,15,1,426,400,32,8,31,178,Team-C,BATCH-003233
3234,20260319,3,5,13,2,291,291,9,5,16,279,Team-B,BATCH-003234
3235,20260319,3,5,14,2,203,189,6,3,17,288,Team-B,BATCH-003235
3236,20260319,1,1,13,3,217,196,6,3,13,131,Team-A,BATCH-003236
3237,20260320,2,3,5,3,439,380,33,7,41,66,Team-C,BATCH-003237
3238,20260320,2,3,15,2,337,331,25,6,38,273,Team-C,BATCH-003238
3239,20260320,3,5,9,3,239,210,7,4,19,185,Team-C,BATCH-003239
3240,20260320,3,5,4,1,109,109,2,2,14,287,Team-B,BATCH-003240
3241,20260321,4,7,13,1,424,424,13,8,16,250,Team-B,BATCH-003241
3242,20260321,3,6,2,3,455,411,10,8,11,61,Team-A,BATCH-003242
3243,20260321,3,5,1,1,147,137,3,2,17,270,Team-C,BATCH-003243
3244,20260321,4,8,19,1,443,396,12,7,18,88,Team-C,BATCH-003244
3245,20260322,3,6,20,2,315,279,11,5,19,211,Team-A,BATCH-003245
3246,20260322,3,6,1,2,204,191,5,3,14,158,Team-C,BATCH-003246
3247,20260322,3,5,20,3,339,339,8,6,14,103,Team-A,BATCH-003247
3248,20260322,1,1,7,2,224,224,7,4,10,39,Team-A,BATCH-003248
3249,20260323,2,3,7,1,266,254,20,5,24,62,Team-A,BATCH-003249
3250,20260323,1,2,10,3,370,370,11,7,15,144,Team-A,BATCH-003250
3251,20260323,4,8,15,3,234,213,7,4,16,33, Team-B,BATCH-003251
3252,20260323,2,4,5,1,227,195,6,3,15,286,Team-A,BATCH-003252
3253,20260324,4,8,18,2,211,211,6,4,15,285,Team-B,BATCH-003253
3254,20260324,3,5,9,1,407,348,13,6,13,227,Team-A,BATCH-003254
3255,20260324,4,8,16,2,130,130,3,2,17,55,Team-A,BATCH-003255
3256,20260324,3,6,15,3,438,383,14,7,15,68,Team-C,BATCH-003256
3257,20260325,2,3,16,2,271,261,20,5,41,51,Team-A,BATCH-003257
3258,20260325,3,6,14,1,193,176,4,3,9,67,Team-C,BATCH-003258
3259,20260325,3,6,1,3,488,483,10,9,11,103,Team-A,BATCH-003259
3260,20260325,4,8,11,3,220,206,7,4,16,297,Team-C,BATCH-003260
3261,20260326,2,3,12,3,115,107,8,2,31,214,Team-B,BATCH-003261
3262,20260326,1,2,8,2,157,138,3,2,19,134,Team-A,BATCH-003262
3263,20260326,1,2,6,2,478,461,10,9,20,210,Team-C,BATCH-003263
3264,20260326,3,5,6,2,394,359,8,7,12,263,Team-B,BATCH-003264
3265,20260327,3,5,8,2,478,454,12,9,15,205,Team-A,BATCH-003265
3266,20260327,2,3,14,2,129,129,9,2,22,191,Team-A,BATCH-003266
3267,20260327,4,7,10,1,498,498,11,9,11,292,Team-C,BATCH-003267
3268,20260327,4,7,13,1,194,179,5,3,17,151,Team-B,BATCH-003268
3269,20260328,1,2,16,1,258,239,9,4,17,154,Team-C,BATCH-003269
3270,20260328,3,5,4,2,204,176,5,3,19,197,Team-B,BATCH-003270
3271,20260328,3,6,14,3,468,444,14,8,14,146,Team-C,BATCH-003271
3272,20260328,1,2,6,2,213,213,5,4,17,166,Team-C,BATCH-003272
3273,20260329,2,4,13,3,307,268,9,5,14,226,Team-C,BATCH-003273
3274,20260329,2,3,17,3,438,438,33,8,30,54,Team-A,BATCH-003274
613,20240602,3,6,1,1,297,297,6,5,11,45,Team-C,BATCH-000613
3275,20260329,4,8,1,2,301,301,6,6,15,222,Team-A,BATCH-003275
3276,20260329,4,7,19,2,321,302,10,6,20,69,Team-B,BATCH-003276
3277,20260330,2,4,13,1,110,100,3,2,14,218,Team-A,BATCH-003277
3278,20260330,4,8,10,2,254,222,8,4,19,136,Team-A,BATCH-003278
3279,20260330,3,6,14,3,473,473,17,9,16,41,Team-A,BATCH-003279
3280,20260330,2,4,7,2,103,95,2,1,13,153,Team-B,BATCH-003280
3281,20260331,1,1,9,3,112,112,2,2,10,287,Team-B,BATCH-003281
3282,20260331,3,6,8,1,196,195,5,3,12,146,Team-A,BATCH-003282
3283,20260331,1,2,19,2,188,170,4,3,13,67,Team-A,BATCH-003283
3284,20260331,2,3,3,1,368,340,28,6,26,257,Team-C,BATCH-003284
3285,20260401,3,5,18,2,170,170,4,3,9,254,Team-C,BATCH-003285
3286,20260401,2,3,3,3,340,340,26,6,24,96,Team-B,BATCH-003286
3287,20260401,1,1,13,1,154,154,4,3,10,229,Team-B,BATCH-003287
3288,20260401,4,8,12,3,315,274,12,5,15,106,Team-C,BATCH-003288
3289,20260402,4,7,5,2,357,347,9,6,9,289,Team-C,BATCH-003289
3290,20260402,3,6,15,3,123,123,3,2,20,154,Team-C,BATCH-003290
3291,20260402,1,1,6,3,157,142,4,2,10,209,Team-C,BATCH-003291
3292,20260402,3,6,14,1,142,128,4,2,20,217,team_A,BATCH-003292
3293,20260403,2,3,10,2,201,184,15,3,30,208,Team-C,BATCH-003293
3294,20260403,2,3,15,1,348,332,26,6,30,123,Team-C,BATCH-003294
3295,20260403,3,6,14,1,348,315,11,6,20,101,Team-C,BATCH-003295
3296,20260403,3,5,2,1,180,178,4,3,18,110,Team-B,BATCH-003296
3297,20260404,3,6,5,3,380,370,13,7,20,164,Team-B,BATCH-003297
3298,20260404,2,3,8,3,326,307,25,6,35,175,Team-C,BATCH-003298
3299,20260404,3,6,12,3,290,290,10,5,13,152,Team-A,BATCH-003299
3300,20260404,4,7,1,3,410,403,10,8,13,45,Team-A,BATCH-003300
3301,20260405,3,6,9,1,116,105,3,2,9,30,Team-C,BATCH-003301
3302,20260405,1,1,6,1,359,350,11,7,13,135,Team-C,BATCH-003302
3303,20260405,4,7,6,3,145,145,3,2,14,231,Team-B,BATCH-003303
1198,20241026,4,7,14,1,376,376,11,7,13,140,Team-A,BATCH-001198
3304,20260405,1,2,9,3,115,102,3,2,17,207,Team-C,BATCH-003304
3305,20260406,3,6,5,3,420,408,14,8,12,164,Team-A,BATCH-003305
3306,20260406,2,4,14,3,479,446,11,8,10,73, Team-A,BATCH-003306
3307,20260406,2,3,4,2,447,447,34,8,25,194,Team-C,BATCH-003307
3308,20260406,3,5,3,1,355,340,12,6,12,169,Team-A,BATCH-003308
3309,20260407,1,1,14,2,244,217,5,4,17,62,Team-A,BATCH-003309
3310,20260407,3,5,2,1,211,211,7,4,16,147,team_B,BATCH-003310
3311,20260407,3,5,6,3,195,177,5,3,9,93,Team-A,BATCH-003311
3312,20260407,2,4,12,2,487,417,12,8,20,178,Team-A,BATCH-003312
3313,20260408,3,6,13,2,195,173,6,3,15,204,Team-A,BATCH-003313
3314,20260408,1,2,3,3,470,470,15,9,14,134,Team-B,BATCH-003314
3315,20260408,4,8,16,3,366,325,11,6,10,156,Team-B,BATCH-003315
3316,20260408,4,8,9,3,236,204,6,4,10,286,Team-C,BATCH-003316
3317,20260409,1,1,8,3,393,391,8,7,11,222,team-c,BATCH-003317
3318,20260409,1,2,17,3,214,210,6,4,12,192,Team-C,BATCH-003318
3319,20260409,1,1,15,3,267,242,6,4,17,259,Team-C,BATCH-003319
3320,20260409,3,6,5,1,249,216,9,4,15,220,Team-C,BATCH-003320
3321,20260410,1,2,6,3,216,193,5,3,14,228,Team-A,BATCH-003321
3322,20260410,4,8,11,3,142,142,5,2,13,160,Team-A,BATCH-003322
3323,20260410,3,6,20,2,387,359,13,7,20,283,Team-B,BATCH-003323
3324,20260410,1,1,13,2,457,421,12,8,15,159,Team-B,BATCH-003324
3325,20260411,3,6,10,2,291,269,8,5,16,51,Team-A,BATCH-003325
3326,20260411,4,8,10,3,483,418,15,8,17,71,Team-B,BATCH-003326
3327,20260411,1,1,15,3,256,225,6,4,13,138,Team-C,BATCH-003327
3328,20260411,1,1,20,1,308,308,7,6,19,289,Team-C,BATCH-003328
3329,20260412,3,6,6,2,489,474,16,9,17,98,Team-C,BATCH-003329
3330,20260412,3,6,3,2,229,215,6,4,18,136,Team-C,BATCH-003330
3331,20260412,1,1,7,1,333,306,9,6,13,99,Team-C,BATCH-003331
3332,20260412,2,4,3,3,395,375,11,7,17,199,Team-C,BATCH-003332
3333,20260413,3,5,6,1,318,305,6,6,20,294,Team-C,BATCH-003333
3571,20260611,3,6,16,1,198,181,6,3,9,174,Team-A,BATCH-003571
3334,20260413,4,7,13,2,217,202,6,4,18,215,TEAM-B ,BATCH-003334
3335,20260413,3,5,1,3,452,438,12,8,13,255,Team-A,BATCH-003335
3336,20260413,3,6,16,1,258,248,8,4,11,170,Team-C,BATCH-003336
3337,20260414,3,6,2,2,188,179,7,3,14,128,Team-C,BATCH-003337
3338,20260414,1,1,8,1,303,283,8,5,9,54,Team-A,BATCH-003338
3339,20260414,4,7,19,3,365,341,11,6,20,273,Team-A,BATCH-003339
3340,20260414,1,1,4,1,106,97,3,1,16,281,Team-B,BATCH-003340
3341,20260415,3,5,8,1,116,109,3,2,11,67,Team-A,BATCH-003341
3342,20260415,3,6,1,2,346,299,12,5,11,254,Team-B,BATCH-003342
3343,20260415,1,1,3,2,329,287,9,5,15,282,Team-C,BATCH-003343
3344,20260415,1,1,5,3,181,167,5,3,12,181,Team-C,BATCH-003344
3345,20260416,1,1,9,1,189,189,4,3,13,185,Team-C,BATCH-003345
3346,20260416,2,4,13,2,467,467,10,9,14,148,Team-C,BATCH-003346
2942,20260105,4,7,9,3,468,443,16,8,17,166,Team-A,BATCH-002942
3347,20260416,4,7,19,2,447,447,15,8,11,268,Team-C,BATCH-003347
3348,20260416,2,3,14,1,124,124,9,2,41,248,Team-A,BATCH-003348
3349,20260417,3,6,2,1,442,442,11,8,18,34,Team-A,BATCH-003349
3350,20260417,2,4,14,3,274,273,7,5,15,254,Team-A,BATCH-003350
3351,20260417,1,1,16,2,106,103,3,2,17,245,Team-C,BATCH-003351
3352,20260417,3,5,13,1,271,232,5,4,10,91,Team-A,BATCH-003352
3353,20260418,3,5,16,3,466,406,10,8,10,244,Team-B,BATCH-003353
3354,20260418,3,5,14,2,306,286,11,5,16,281,Team-B,BATCH-003354
3355,20260418,2,4,15,1,165,156,3,3,18,90,team-c,BATCH-003355
3356,20260418,4,8,1,1,369,329,12,6,15,274,Team-C,BATCH-003356
3357,20260419,4,8,8,3,151,137,4,2,13,90,Team-A,BATCH-003357
3358,20260419,4,7,19,3,382,338,14,6,19,105,Team-B,BATCH-003358
3359,20260419,3,6,7,3,223,219,8,4,19,163,Team-C,BATCH-003359
3360,20260419,3,6,6,1,214,195,7,3,20,91,team_B,BATCH-003360
3361,20260420,1,2,1,1,478,478,14,9,19,79,Team-C,BATCH-003361
3362,20260420,3,6,16,3,119,102,2,2,17,230,Team-C,BATCH-003362
3363,20260420,4,8,14,2,330,291,6,5,9,145,Team-A,BATCH-003363
3364,20260420,3,6,18,3,109,103,3,2,20,35,Team-C,BATCH-003364
3365,20260421,4,7,19,3,282,282,8,5,9,83,Team-A,BATCH-003365
3366,20260421,3,5,13,3,265,234,5,4,20,72,Team-C,BATCH-003366
3367,20260421,1,1,10,3,159,159,3,3,18,155,Team-B,BATCH-003367
3368,20260421,3,6,4,3,429,413,16,8,10,290,Team-C,BATCH-003368
3369,20260422,2,4,11,1,346,312,10,6,12,273,Team-C,BATCH-003369
3370,20260422,2,3,7,2,224,224,17,4,19,255,Team-C,BATCH-003370
3371,20260422,4,7,3,1,143,123,3,2,11,67,Team-B,BATCH-003371
3372,20260422,2,3,15,2,267,262,21,5,26,71,Team-A,BATCH-003372
3373,20260423,2,3,3,3,431,404,34,8,37,195,Team-B,BATCH-003373
3374,20260423,3,6,18,1,245,230,6,4,15,81,Team-C,BATCH-003374
3375,20260423,3,5,17,1,470,446,15,8,15,216,Team-B,BATCH-003375
3376,20260423,1,1,7,2,152,152,3,3,11,106,Team-B,BATCH-003376
3377,20260424,4,7,15,1,410,410,15,8,12,228,Team-C,BATCH-003377
3378,20260424,2,3,14,3,370,330,29,6,37,82,team_B,BATCH-003378
3379,20260424,1,2,12,2,203,203,5,4,10,128,Team-A,BATCH-003379
3380,20260424,3,5,2,3,269,269,8,5,9,251,Team-B,BATCH-003380
3381,20260425,3,6,20,2,358,306,12,6,16,184,Team-C,BATCH-003381
3382,20260425,2,4,20,1,310,304,9,6,20,295,Team-B,BATCH-003382
3383,20260425,1,2,10,2,436,431,12,8,12,207,Team-C,BATCH-003383
3384,20260425,1,1,4,2,145,145,5,2,17,298,Team-A,BATCH-003384
3385,20260426,1,1,7,1,463,443,13,8,18,103,Team-C,BATCH-003385
3386,20260426,4,8,12,2,131,128,4,2,20,55,Team-C,BATCH-003386
3387,20260426,2,3,1,3,152,152,12,3,31,217,Team-B,BATCH-003387
3388,20260426,4,7,11,2,428,368,15,7,11,115,Team-B,BATCH-003388
3389,20260427,4,8,5,2,178,176,5,3,16,233,Team-A,BATCH-003389
3390,20260427,2,3,7,1,263,236,21,4,25,166,Team-C,BATCH-003390
3391,20260427,4,8,8,3,287,287,6,5,15,94,Team-A,BATCH-003391
3392,20260427,4,7,5,1,241,241,6,4,9,226,Team-C,BATCH-003392
3393,20260428,1,1,5,2,114,102,3,2,16,241,Team-B,BATCH-003393
3394,20260428,2,3,4,1,147,128,11,2,18,118,Team-C,BATCH-003394
3395,20260428,4,8,6,3,230,230,5,4,18,134,Team-C,BATCH-003395
3396,20260428,2,4,1,1,483,447,12,8,10,198,Team-A,BATCH-003396
3397,20260429,1,2,12,1,245,240,8,4,19,100,Team-C,BATCH-003397
3398,20260429,4,7,16,1,441,382,14,7,20,76,Team-A,BATCH-003398
3399,20260429,4,8,20,1,246,222,7,4,16,217,Team-C,BATCH-003399
3400,20260429,1,1,11,3,186,179,4,3,9,298,Team-B,BATCH-003400
3401,20260430,1,2,20,2,365,363,8,7,13,219,Team-C,BATCH-003401
1973,20250508,3,5,3,2,122,122,4,2,9,185,Team-C,BATCH-001973
3402,20260430,1,2,17,3,368,350,14,7,20,257,Team-C,BATCH-003402
3403,20260430,2,4,18,2,372,370,14,7,12,38,Team-A,BATCH-003403
3404,20260430,1,1,5,2,171,153,5,3,10,152,Team-C,BATCH-003404
3405,20260501,4,8,2,1,397,396,13,7,9,207,Team-A,BATCH-003405
3406,20260501,4,8,1,3,467,450,15,9,17,45,Team-B,BATCH-003406
3407,20260501,3,6,15,2,420,393,10,7,20,243,Team-B,BATCH-003407
3408,20260501,2,4,5,1,328,312,12,6,17,167,Team-B,BATCH-003408
3409,20260502,4,7,16,1,417,392,10,7,13,288,Team-A,BATCH-003409
3410,20260502,2,3,19,1,493,493,39,9,33,171,Team-C,BATCH-003410
3411,20260502,2,4,12,2,241,215,5,4,16,125,Team-B,BATCH-003411
3412,20260502,4,8,15,1,129,118,3,2,18,135,Team-B,BATCH-003412
3413,20260503,1,2,1,1,100,88,3,1,9,215,Team-B,BATCH-003413
3414,20260503,3,5,9,3,482,468,12,9,19,195,Team-B,BATCH-003414
3415,20260503,3,5,14,1,276,276,10,5,13,57,Team-C,BATCH-003415
3416,20260503,3,6,18,1,494,424,10,8,19,243,Team-C,BATCH-003416
3417,20260504,4,8,8,2,258,226,9,4,12,250,Team-C,BATCH-003417
3418,20260504,1,1,16,1,126,117,4,2,11,227,Team-C,BATCH-003418
3419,20260504,3,6,19,3,251,214,5,4,12,38,Team-C,BATCH-003419
3420,20260504,3,6,5,3,360,312,12,6,9,250,Team-C,BATCH-003420
3421,20260505,4,8,3,1,176,162,5,3,15,266,Team-A,BATCH-003421
3422,20260505,3,5,12,1,410,398,9,7,18,112,Team-A,BATCH-003422
3423,20260505,4,7,8,1,335,290,8,5,11,100,Team-B,BATCH-003423
3424,20260505,4,7,14,3,318,317,-8,6,19,143,Team-B,BATCH-003424
3425,20260506,1,1,7,1,170,158,5,3,14,46,Team-C,BATCH-003425
3426,20260506,3,5,20,3,220,220,8,4,11,96,Team-B,BATCH-003426
3427,20260506,4,8,15,1,418,378,11,7,20,162,Team-A,BATCH-003427
3428,20260506,3,5,17,3,231,205,5,4,17,211,Team-C,BATCH-003428
3429,20260507,2,4,20,3,217,211,7,4,16,140,Team-C,BATCH-003429
3430,20260507,1,1,17,3,192,192,6,3,17,200,Team-A,BATCH-003430
3431,20260507,4,8,4,2,148,144,5,2,9,204,Team-C,BATCH-003431
3432,20260507,3,6,2,1,463,435,15,8,16,111,Team-C,BATCH-003432
3433,20260508,4,7,5,3,269,246,6,4,13,63,Team-C,BATCH-003433
3434,20260508,4,8,10,3,205,205,6,4,13,41,Team-C,BATCH-003434
3435,20260508,2,4,17,2,107,98,2,1,15,164,Team-B,BATCH-003435
3436,20260508,4,7,3,2,286,286,11,5,19,131,Team-C,BATCH-003436
3437,20260509,2,4,20,2,166,157,4,3,10,244,Team-B,BATCH-003437
3438,20260509,4,7,15,3,235,203,6,4,10,42,Team-B,BATCH-003438
3439,20260509,1,2,15,3,203,189,6,3,18,231,Team-C,BATCH-003439
3440,20260509,3,6,4,2,316,302,8,6,10,241,Team-C,BATCH-003440
3441,20260510,3,5,20,1,342,296,10,5,20,184,Team-A,BATCH-003441
3442,20260510,1,2,4,2,451,442,12,8,18,168,Team-B,BATCH-003442
3443,20260510,4,7,9,1,372,366,9,7,17,227,Team-A,BATCH-003443
3444,20260510,1,1,7,3,306,262,9,5,11,209,Team-A,BATCH-003444
3445,20260511,2,3,4,3,237,215,19,4,30,267,Team-B,BATCH-003445
3446,20260511,4,7,12,1,415,386,11,7,11,137,Team-B,BATCH-003446
3447,20260511,4,7,6,3,315,288,9,5,12,72,Team-C,BATCH-003447
3448,20260511,1,1,13,1,280,268,9,5,20,134,Team-A,BATCH-003448
3449,20260512,1,1,12,1,373,330,9,6,10,89,Team-A,BATCH-003449
3450,20260512,2,4,9,3,432,410,15,8,10,242,Team-B,BATCH-003450
3451,20260512,3,5,4,1,298,298,8,5,17,231,Team-C,BATCH-003451
3452,20260512,1,2,13,1,265,248,7,4,15,226,Team-C,BATCH-003452
3453,20260513,1,2,5,2,194,194,5,3,10,264,Team-C,BATCH-003453
3454,20260513,2,3,12,2,199,177,16,3,22,159,Team-C,BATCH-003454
3455,20260513,1,1,9,2,216,214,4,4,13,112,Team-A,BATCH-003455
3456,20260513,4,7,19,3,446,446,10,8,10,99,Team-C,BATCH-003456
3457,20260514,3,6,9,1,306,274,10,5,13,40,Team-A,BATCH-003457
3458,20260514,3,6,14,3,478,412,12,8,10,48,Team-A,BATCH-003458
3459,20260514,3,6,13,3,330,318,10,6,9,73,Team-A,BATCH-003459
3460,20260514,1,1,14,3,322,322,7,6,14,287,Team-C,BATCH-003460
3461,20260515,3,6,8,1,394,365,11,7,20,51,Team-B,BATCH-003461
3462,20260515,1,2,3,1,470,455,14,9,17,73,Team-A,BATCH-003462
3463,20260515,4,8,11,1,214,209,5,4,10,178,Team-A,BATCH-003463
3464,20260515,1,1,7,2,190,163,4,3,20,44,Team-A,BATCH-003464
3465,20260516,1,2,6,1,436,373,12,7,20,225,Team-A,BATCH-003465
3466,20260516,2,3,14,3,273,254,22,5,38,41,Team-C,BATCH-003466
3467,20260516,4,8,9,2,100,90,2,1,18,39,Team-A,BATCH-003467
3468,20260516,4,7,18,1,470,416,13,8,9,59,Team-A,BATCH-003468
3469,20260517,2,4,20,2,161,161,4,3,16,84,Team-A,BATCH-003469
3470,20260517,4,8,6,2,202,200,5,4,13,262,Team-A,BATCH-003470
3471,20260517,1,1,14,1,268,268,8,5,17,95,Team-C,BATCH-003471
3472,20260517,1,2,18,3,158,143,5,2,10,298,Team-B,BATCH-003472
3473,20260518,2,3,17,2,425,365,34,7,20,227,Team-A,BATCH-003473
3474,20260518,3,5,19,2,456,418,16,8,12,39,Team-B,BATCH-003474
3475,20260518,3,6,19,3,194,179,4,3,20,294,Team-A,BATCH-003475
3476,20260518,1,1,18,2,345,320,12,6,15,112,Team-A,BATCH-003476
3477,20260519,1,1,18,1,168,151,5,3,9,112,Team-C,BATCH-003477
3478,20260519,1,1,16,3,197,196,7,3,19,264,Team-A,BATCH-003478
3479,20260519,3,5,9,1,381,381,11,7,18,85,Team-A,BATCH-003479
3480,20260519,2,3,4,2,129,113,10,2,18,51,Team-C,BATCH-003480
3481,20260520,2,4,7,2,148,147,3,2,14,151,Team-A,BATCH-003481
3482,20260520,2,4,3,1,466,455,14,9,16,81,Team-C,BATCH-003482
3483,20260520,2,4,5,3,206,205,6,4,14,31,Team-C,BATCH-003483
3484,20260520,4,8,16,3,191,177,4,3,12,165,Team-C,BATCH-003484
3485,20260521,4,7,5,2,441,421,9,8,15,104,Team-A,BATCH-003485
3486,20260521,4,8,6,3,204,196,7,3,18,259,Team-C,BATCH-003486
3487,20260521,1,2,11,3,195,167,6,3,9,111,Team-C,BATCH-003487
3488,20260521,1,1,7,2,463,463,15,9,18,46,Team-A,BATCH-003488
3489,20260522,1,1,6,1,183,160,6,3,12,201,TEAM-C ,BATCH-003489
3490,20260522,1,1,18,3,181,171,5,3,11,160,Team-C,BATCH-003490
3491,20260522,2,3,9,3,395,368,32,7,25,122,Team-A,BATCH-003491
3492,20260522,3,6,7,1,473,447,13,8,19,137,Team-B,BATCH-003492
3493,20260523,1,2,6,2,377,322,9,6,11,45,Team-A,BATCH-003493
3494,20260523,1,2,10,3,372,324,10,6,15,262,Team-B,BATCH-003494
3495,20260523,3,6,20,1,360,360,7,7,14,52,Team-C,BATCH-003495
3496,20260523,1,1,2,1,249,217,5,4,9,211,Team-B,BATCH-003496
3497,20260524,2,4,12,2,113,101,3,2,9,290,Team-B,BATCH-003497
3498,20260524,3,6,14,3,432,419,14,8,20,108,Team-C,BATCH-003498
3499,20260524,3,6,13,3,130,123,3,2,14,51,Team-B,BATCH-003499
3500,20260524,3,5,9,2,256,227,7,4,16,292,Team-A,BATCH-003500
3501,20260525,4,8,13,2,341,309,7,6,9,124,Team-A,BATCH-003501
3502,20260525,1,2,16,2,358,350,11,7,9,176,Team-B,BATCH-003502
3503,20260525,3,6,8,1,156,143,4,2,17,266,Team-B,BATCH-003503
3504,20260525,1,1,8,3,197,177,5,3,17,72,Team-C,BATCH-003504
3505,20260526,4,7,7,1,438,396,9,7,15,82,Team-C,BATCH-003505
3506,20260526,3,5,18,1,490,490,10,9,13,277,Team-A,BATCH-003506
3507,20260526,3,5,1,1,320,306,10,6,19,42,Team-C,BATCH-003507
3508,20260526,1,1,3,1,410,353,13,7,15,225,Team-B,BATCH-003508
3509,20260527,1,2,18,2,484,415,17,8,15,245,Team-B,BATCH-003509
3510,20260527,1,2,20,1,375,375,8,7,10,196,Team-C,BATCH-003510
3511,20260527,2,4,18,2,142,142,5,2,11,243,Team-A,BATCH-003511
3512,20260527,4,7,6,2,291,257,8,5,14,112,Team-A,BATCH-003512
3513,20260528,4,8,10,2,165,163,4,3,12,54,Team-B,BATCH-003513
3514,20260528,3,5,3,1,345,317,8,6,20,194,Team-C,BATCH-003514
3515,20260528,1,1,6,1,268,261,7,5,18,259,Team-C,BATCH-003515
3516,20260528,2,3,8,2,377,377,31,7,33,200,Team-A,BATCH-003516
3517,20260529,2,4,11,1,144,127,3,2,10,217,Team-A,BATCH-003517
3518,20260529,2,3,8,2,253,250,21,5,37,183,Team-C,BATCH-003518
3519,20260529,1,1,6,1,104,104,3,2,16,43,Team-A,BATCH-003519
3520,20260529,3,6,4,3,200,173,6,3,16,159,Team-B,BATCH-003520
3521,20260530,3,6,13,1,316,316,7,6,10,43,Team-A,BATCH-003521
3522,20260530,2,4,5,1,423,380,9,7,16,95,Team-C,BATCH-003522
3523,20260530,4,8,17,2,181,165,5,3,20,267,Team-B,BATCH-003523
3524,20260530,4,8,1,3,384,337,14,6,16,200,Team-C,BATCH-003524
3525,20260531,2,4,12,2,100,96,3,1,12,105,Team-C,BATCH-003525
3526,20260531,3,6,3,3,423,407,15,8,19,274,Team-B,BATCH-003526
3527,20260531,3,5,17,2,268,267,9,5,18,77,Team-C,BATCH-003527
3528,20260531,1,1,12,3,343,297,8,5,13,132,TEAM-B ,BATCH-003528
3529,20260601,1,1,16,2,286,282,7,5,13,51,Team-A,BATCH-003529
3530,20260601,4,7,1,2,487,426,16,8,19,182,Team-A,BATCH-003530
3531,20260601,2,4,15,3,296,292,6,5,15,45,Team-C,BATCH-003531
3532,20260601,1,2,14,1,405,347,8,6,13,214,Team-C,BATCH-003532
3533,20260602,4,8,4,2,345,336,8,6,15,109,Team-C,BATCH-003533
3534,20260602,1,1,4,2,391,386,12,7,16,111,Team-A,BATCH-003534
3535,20260602,4,8,5,1,268,259,9,5,13,171,Team-A,BATCH-003535
3536,20260602,4,8,18,1,194,190,6,3,9,242,Team-B,BATCH-003536
3537,20260603,3,5,3,3,445,382,16,7,19,58,Team-C,BATCH-003537
3538,20260603,1,2,3,3,257,253,9,5,11,33,Team-A,BATCH-003538
3539,20260603,2,3,16,1,299,277,25,5,34,187,Team-C,BATCH-003539
3540,20260603,3,5,9,2,366,336,9,6,9,141,Team-B,BATCH-003540
3541,20260604,2,4,4,3,128,117,3,2,11,62,Team-A,BATCH-003541
3542,20260604,4,8,17,3,190,172,7,3,11,290,Team-B,BATCH-003542
3543,20260604,2,4,13,1,427,367,11,7,12,277,Team-C,BATCH-003543
3544,20260604,4,7,13,3,460,460,11,9,18,112,Team-B,BATCH-003544
3545,20260605,2,4,5,3,317,314,9,6,15,39,Team-B,BATCH-003545
3546,20260605,3,5,17,3,400,389,11,7,9,81,Team-B,BATCH-003546
3547,20260605,1,2,11,3,205,205,4,4,20,116,Team-A,BATCH-003547
3548,20260605,2,3,10,2,212,192,17,3,19,266,Team-C,BATCH-003548
3549,20260606,3,6,2,3,401,401,14,8,11,262,Team-A,BATCH-003549
3550,20260606,3,6,20,2,309,293,9,5,16,40,Team-C,BATCH-003550
3551,20260606,3,5,10,3,374,374,9,7,10,125,Team-B,BATCH-003551
3552,20260606,4,8,17,1,406,377,9,7,14,35,Team-B,BATCH-003552
3553,20260607,4,7,11,2,433,424,16,8,18,195,Team-B,BATCH-003553
3554,20260607,1,1,13,1,428,422,16,8,17,161,Team-B,BATCH-003554
3555,20260607,2,3,17,2,177,174,14,3,34,200,Team-A,BATCH-003555
3556,20260607,3,5,14,3,391,339,12,6,10,54,Team-C,BATCH-003556
3557,20260608,2,3,14,3,272,272,22,5,21,157,Team-A,BATCH-003557
3558,20260608,4,7,19,2,494,487,17,9,9,229,Team-B,BATCH-003558
3559,20260608,4,8,16,2,202,201,7,4,17,138,Team-A,BATCH-003559
3560,20260608,1,2,1,3,368,358,10,7,14,127,Team-C,BATCH-003560
3561,20260609,2,3,12,3,428,367,36,7,25,60,Team-C,BATCH-003561
3562,20260609,4,7,6,3,385,361,8,7,17,284,Team-B,BATCH-003562
3563,20260609,3,5,14,3,184,184,4,3,15,82,Team-B,BATCH-003563
3564,20260609,1,2,13,1,187,180,5,3,9,155,Team-B,BATCH-003564
3565,20260610,1,1,20,2,160,155,4,3,10,165,Team-C,BATCH-003565
3566,20260610,2,4,7,3,241,208,9,4,14,31,Team-C,BATCH-003566
3567,20260610,4,8,14,3,469,412,17,8,19,53,Team-A,BATCH-003567
3568,20260610,2,4,7,2,474,474,15,9,10,202,Team-C,BATCH-003568
3569,20260611,4,7,10,1,163,146,3,2,10,276,Team-A,BATCH-003569
3570,20260611,2,4,7,1,154,136,4,2,10,244,Team-C,BATCH-003570
3571,20260611,3,6,16,1,198,181,6,3,9,174,Team-A,BATCH-003571
3572,20260611,2,3,2,1,487,446,41,8,33,296,Team-C,BATCH-003572
3573,20260612,1,2,3,2,100,95,3,1,9,173,Team-B,BATCH-003573
3574,20260612,4,8,14,2,457,438,10,8,18,219,Team-A,BATCH-003574
3575,20260612,3,6,7,3,253,229,6,4,18,40,Team-C,BATCH-003575
3576,20260612,2,3,15,1,402,381,34,7,35,281, Team-C,BATCH-003576
3577,20260613,1,2,20,2,280,246,6,4,10,131,Team-A,BATCH-003577
3578,20260613,1,1,18,3,323,323,8,6,14,138,Team-B,BATCH-003578
3579,20260613,3,6,20,2,326,285,12,5,13,272,Team-C,BATCH-003579
3580,20260613,1,1,14,3,403,362,15,7,10,284,Team-A,BATCH-003580
3581,20260614,2,4,6,1,467,426,12,8,16,295,Team-C,BATCH-003581
3582,20260614,3,6,3,3,219,216,6,4,17,251,team_A,BATCH-003582
3583,20260614,1,2,6,2,220,204,7,4,10,208,Team-B,BATCH-003583
3584,20260614,2,4,6,1,136,123,4,2,16,201,Team-B,BATCH-003584
3585,20260615,2,4,15,3,498,462,11,9,19,92,Team-A,BATCH-003585
3586,20260615,2,3,8,1,387,387,32,7,33,138,Team-A,BATCH-003586
3587,20260615,1,1,2,1,259,226,8,4,12,161,Team-A,BATCH-003587
3588,20260615,1,2,2,2,110,102,2,2,19,63,Team-B,BATCH-003588
3589,20260616,2,4,19,1,112,112,3,2,17,257,Team-C,BATCH-003589
3590,20260616,2,3,8,1,102,100,8,2,38,218,Team-C,BATCH-003590
3591,20260616,3,6,5,1,205,179,6,3,12,46,Team-C,BATCH-003591
3592,20260616,4,8,13,3,302,295,10,5,18,290,Team-B,BATCH-003592
3593,20260617,1,2,10,1,307,306,11,6,16,158,Team-B,BATCH-003593
3594,20260617,1,2,6,3,341,292,8,5,11,162,Team-C,BATCH-003594
3595,20260617,4,7,5,1,151,151,3,3,15,94,Team-C,BATCH-003595
3596,20260617,3,5,15,2,311,308,8,6,16,144,Team-A,BATCH-003596
3597,20260618,1,2,18,3,416,416,11,8,20,124,Team-A,BATCH-003597
3598,20260618,3,6,8,2,498,428,19,8,15,261,Team-A,BATCH-003598
3599,20260618,3,5,14,2,321,313,8,6,12,48,Team-A,BATCH-003599
3600,20260618,4,7,10,1,249,225,6,4,10,203,Team-C,BATCH-003600
3601,20260619,4,8,1,3,477,421,11,8,13,111,Team-C,BATCH-003601
3602,20260619,4,7,3,1,392,363,12,7,10,32,Team-C,BATCH-003602
3603,20260619,3,5,16,3,420,380,12,7,19,88,Team-A,BATCH-003603
3604,20260619,4,7,18,1,424,373,13,7,20,47,Team-B,BATCH-003604
3605,20260620,2,4,15,3,197,170,4,3,17,280,Team-C,BATCH-003605
3606,20260620,4,7,13,2,237,234,6,4,17,87,Team-A,BATCH-003606
3607,20260620,3,5,1,3,392,378,12,7,12,35,Team-A,BATCH-003607
3608,20260620,1,2,1,1,188,186,4,3,10,47,Team-C,BATCH-003608
3609,20260621,4,8,6,1,426,395,14,7,13,105,Team-B,BATCH-003609
3610,20260621,1,2,17,3,211,190,8,3,15,170,Team C,BATCH-003610
3611,20260621,4,7,16,1,284,273,9,5,9,93,Team-B,BATCH-003611
3612,20260621,2,4,10,1,255,255,8,5,17,183,Team-B,BATCH-003612
3613,20260622,4,8,9,3,378,362,14,7,14,141,Team-C,BATCH-003613
3614,20260622,4,7,19,2,399,358,11,7,9,128,Team-A,BATCH-003614
3615,20260622,2,4,3,2,238,234,7,4,12,185,Team-C,BATCH-003615
3616,20260622,1,1,16,2,104,104,3,2,12,279,Team-C,BATCH-003616
3617,20260623,1,1,15,2,467,456,-15,9,9,34,Team-A,BATCH-003617
3618,20260623,3,6,15,1,475,475,11,9,13,295,Team-C,BATCH-003618
3170,20260303,3,5,2,3,333,333,7,6,18,104,Team-B,BATCH-003170
3619,20260623,2,4,6,3,474,438,17,8,13,129,TEAM-A ,BATCH-003619
3620,20260623,1,2,5,1,182,157,5,3,14,129,Team-A,BATCH-003620
3621,20260624,1,1,15,1,245,212,5,4,13,182,Team-B,BATCH-003621
3622,20260624,4,8,11,3,188,172,4,3,14,108,Team-A,BATCH-003622
3623,20260624,1,2,5,1,387,345,9,6,17,231,Team-A,BATCH-003623
3624,20260624,2,4,18,2,498,452,16,9,16,56,Team-A,BATCH-003624
3625,20260625,3,5,7,2,184,184,6,3,13,119,Team-C,BATCH-003625
3626,20260625,2,3,15,1,131,131,11,2,32,137,Team B,BATCH-003626
3627,20260625,3,5,1,2,259,230,6,4,16,182,Team-B,BATCH-003627
3628,20260625,1,2,13,3,417,399,14,7,9,179,Team-B,BATCH-003628
3629,20260626,1,2,8,3,457,402,14,8,19,69,Team-A,BATCH-003629
3630,20260626,3,6,11,2,241,240,6,4,13,236,Team-A,BATCH-003630
3631,20260626,3,6,3,3,262,240,8,4,12,119,Team-C,BATCH-003631
3632,20260626,1,2,13,1,364,313,12,6,18,54,Team-B,BATCH-003632
3633,20260627,3,6,19,3,438,411,14,8,19,52,Team-B,BATCH-003633
3634,20260627,2,3,15,3,140,125,12,2,18,128,Team-A,BATCH-003634
3635,20260627,4,8,1,2,360,335,11,6,13,106,Team-B,BATCH-003635
3636,20260627,1,2,17,2,433,375,9,7,16,210,Team-A,BATCH-003636
3637,20260628,1,1,13,1,350,337,12,6,10,163,Team-B,BATCH-003637
3638,20260628,3,5,3,3,402,399,12,7,9,235,Team-B,BATCH-003638
3639,20260628,4,7,18,2,481,420,11,8,17,47,Team-C,BATCH-003639
3640,20260628,2,3,10,2,454,399,39,7,24,135,Team-C,BATCH-003640
3641,20260629,3,6,12,2,270,270,8,5,12,75,Team-B,BATCH-003641
3642,20260629,3,5,8,1,466,435,16,8,17,98,Team-B,BATCH-003642
3643,20260629,4,8,5,3,278,278,8,5,10,94,Team-B,BATCH-003643
3644,20260629,2,3,16,1,228,228,19,4,30,99,Team-A,BATCH-003644
3645,20260630,2,4,3,3,193,169,5,3,20,72,Team-B,BATCH-003645
3646,20260630,2,4,15,2,268,230,8,4,10,120,Team-B,BATCH-003646
3647,20260630,2,3,14,2,450,450,39,9,32,188,Team-C,BATCH-003647
3648,20260630,3,6,12,1,288,255,6,5,18,65,Team-B,BATCH-003648
